Date,State,District,Mandi_Name,Crop,Variety,Arrival_Quantity_Tons,Min_Price,Max_Price,Modal_Price
2023-01-01,Telangana,Hyderabad,Gudimalkapur APMC,rice,Grade A,17.2,3531,4273,3873
2023-01-01,Telangana,Hyderabad,Bowenpally APMC,watermelon,Local,312.0,1175,1355,1306
2023-01-01,Telangana,Hyderabad,Gaddiannaram APMC,lentil,Hybrid,314.9,6504,7443,6977
2023-01-01,Telangana,Ranga Reddy,Chevella APMC,banana,FAQ (Fair Average Quality),110.1,1819,2141,1933
2023-01-01,Telangana,Ranga Reddy,Ibrahimpatnam APMC,blackgram,Hybrid,251.4,7016,8034,7492
2023-01-01,Telangana,Ranga Reddy,Ibrahimpatnam APMC,rice,Hybrid,189.0,3682,4563,4143
2023-01-01,Telangana,Medchal-Malkajgiri,Kukatpally APMC,Corn,Local,297.5,2039,2469,2208
2023-01-01,Telangana,Medchal-Malkajgiri,Malkajgiri Mandi,Moth Beans,Local,44.1,6630,7843,7219
2023-01-01,Telangana,Medchal-Malkajgiri,Kukatpally APMC,Chana,FAQ (Fair Average Quality),186.2,5217,6241,5769
2023-01-01,Telangana,Sangareddy,Sadasivpet APMC,mango,FAQ (Fair Average Quality),197.7,4830,5555,5173
2023-01-01,Telangana,Sangareddy,Sadasivpet APMC,apple,Hybrid,154.2,9814,11470,10597
2023-01-01,Telangana,Sangareddy,Zaheerabad APMC,Corn,Hybrid,112.0,1922,2262,2130
2023-01-01,Telangana,Siddipet,Gajwel APMC,muskmelon,Hybrid,106.8,1581,1973,1729
2023-01-01,Telangana,Siddipet,Gajwel APMC,watermelon,Grade A,30.7,790,1009,940
2023-01-01,Telangana,Siddipet,Gajwel APMC,coconut,Grade A,164.3,3464,4190,3829
2023-01-01,Telangana,Vikarabad,Vikarabad APMC,mango,Hybrid,68.2,5138,5951,5564
2023-01-01,Telangana,Vikarabad,Tanduru APMC,muskmelon,Grade A,119.0,1684,2085,1844
2023-01-01,Telangana,Vikarabad,Tanduru APMC,pomegranate,Hybrid,216.3,8442,10297,9325
2023-01-01,Telangana,Nalgonda,Miryalguda APMC,papaya,Grade A,219.0,1618,1947,1769
2023-01-01,Telangana,Nalgonda,Nalgonda APMC,Moth Beans,FAQ (Fair Average Quality),101.6,6329,7965,7189
2023-01-01,Telangana,Nalgonda,Nalgonda APMC,coconut,Hybrid,232.2,3026,3817,3470
2023-01-01,Telangana,Yadadri Bhuvanagiri,Bhongir APMC,muskmelon,FAQ (Fair Average Quality),278.6,1288,1588,1451
2023-01-01,Telangana,Yadadri Bhuvanagiri,Aler APMC,Rajma,Local,28.3,7480,8750,8113
2023-01-01,Telangana,Yadadri Bhuvanagiri,Aler APMC,Corn,Grade A,243.1,1852,2233,2090
2023-01-01,Telangana,Mahbubnagar,Mahbubnagar APMC,jute,Hybrid,183.6,4494,5088,4788
2023-01-01,Telangana,Mahbubnagar,Mahbubnagar APMC,coffee,FAQ (Fair Average Quality),39.9,8933,10840,9848
2023-01-01,Telangana,Mahbubnagar,Badepally APMC,Rajma,Local,30.5,7051,8401,7691
2023-01-01,Telangana,Medak,Toopran APMC,lentil,Local,57.2,6412,7718,7069
2023-01-01,Telangana,Medak,Toopran APMC,coffee,Local,136.6,12335,14573,13420
2023-01-01,Telangana,Medak,Medak APMC,Chana,Grade A,270.0,5207,6189,5709
2023-01-08,Telangana,Hyderabad,Gudimalkapur APMC,pomegranate,Grade A,43.0,9802,11046,10451
2023-01-08,Telangana,Hyderabad,Gaddiannaram APMC,orange,Local,20.2,3376,4025,3725
2023-01-08,Telangana,Hyderabad,Gudimalkapur APMC,Rajma,Grade A,213.2,7159,8367,7806
2023-01-08,Telangana,Ranga Reddy,Shadnagar APMC,lentil,Local,265.2,6386,7958,7188
2023-01-08,Telangana,Ranga Reddy,Ibrahimpatnam APMC,muskmelon,FAQ (Fair Average Quality),20.6,1578,1880,1724
2023-01-08,Telangana,Ranga Reddy,Chevella APMC,banana,Hybrid,272.7,1657,2045,1893
2023-01-08,Telangana,Medchal-Malkajgiri,Malkajgiri Mandi,pomegranate,Hybrid,186.4,7482,8681,8092
2023-01-08,Telangana,Medchal-Malkajgiri,Malkajgiri Mandi,watermelon,Local,290.3,1393,1681,1516
2023-01-08,Telangana,Medchal-Malkajgiri,Malkajgiri Mandi,jute,Grade A,31.3,4266,5387,4824
2023-01-08,Telangana,Sangareddy,Patancheru APMC,Moth Beans,FAQ (Fair Average Quality),182.6,5773,7008,6353
2023-01-08,Telangana,Sangareddy,Patancheru APMC,Corn,FAQ (Fair Average Quality),224.8,1849,2256,2077
2023-01-08,Telangana,Sangareddy,Zaheerabad APMC,papaya,Grade A,82.9,1873,2235,2016
2023-01-08,Telangana,Siddipet,Gajwel APMC,coffee,Grade A,147.5,10201,12791,11484
2023-01-08,Telangana,Siddipet,Gajwel APMC,muskmelon,Local,249.0,1782,2061,1962
2023-01-08,Telangana,Siddipet,Vantamamidi APMC,apple,Local,137.1,9283,11036,10170
2023-01-08,Telangana,Vikarabad,Tanduru APMC,papaya,Hybrid,289.9,2157,2632,2346
2023-01-08,Telangana,Vikarabad,Tanduru APMC,pomegranate,FAQ (Fair Average Quality),47.6,7610,8483,8071
2023-01-08,Telangana,Vikarabad,Tanduru APMC,Moong Dal,Grade A,85.0,7096,8710,7910
2023-01-08,Telangana,Nalgonda,Neredcherla APMC,banana,Local,161.5,2493,3075,2798
2023-01-08,Telangana,Nalgonda,Neredcherla APMC,papaya,Local,271.8,1913,2235,2082
2023-01-08,Telangana,Nalgonda,Miryalguda APMC,muskmelon,Local,32.2,1596,1923,1729
2023-01-08,Telangana,Yadadri Bhuvanagiri,Bhongir APMC,Rajma,Local,124.2,8444,10096,9253
2023-01-08,Telangana,Yadadri Bhuvanagiri,Aler APMC,lentil,FAQ (Fair Average Quality),173.6,5629,6753,6143
2023-01-08,Telangana,Yadadri Bhuvanagiri,Aler APMC,muskmelon,Local,194.9,1187,1326,1262
2023-01-08,Telangana,Mahbubnagar,Badepally APMC,rice,Hybrid,227.8,3758,4300,4029
2023-01-08,Telangana,Mahbubnagar,Badepally APMC,Rajma,Grade A,155.0,7215,8394,7837
2023-01-08,Telangana,Mahbubnagar,Mahbubnagar APMC,blackgram,Hybrid,88.2,5925,7016,6462
2023-01-08,Telangana,Medak,Toopran APMC,grapes,Hybrid,77.9,6275,7520,6858
2023-01-08,Telangana,Medak,Toopran APMC,Moong Dal,Local,258.8,7135,8550,7817
2023-01-08,Telangana,Medak,Medak APMC,watermelon,Hybrid,33.6,950,1106,1025
2023-01-15,Telangana,Hyderabad,Gaddiannaram APMC,banana,FAQ (Fair Average Quality),151.5,2489,2998,2710
2023-01-15,Telangana,Hyderabad,Gaddiannaram APMC,jute,FAQ (Fair Average Quality),21.1,4470,5661,5042
2023-01-15,Telangana,Hyderabad,Bowenpally APMC,mango,Local,159.6,3220,4129,3707
2023-01-15,Telangana,Ranga Reddy,Chevella APMC,cotton,Local,126.4,7083,8375,7748
2023-01-15,Telangana,Ranga Reddy,Ibrahimpatnam APMC,Moong Dal,FAQ (Fair Average Quality),175.0,6377,8147,7214
2023-01-15,Telangana,Ranga Reddy,Shadnagar APMC,watermelon,Grade A,279.0,963,1131,1071
2023-01-15,Telangana,Medchal-Malkajgiri,Kukatpally APMC,Moong Dal,Local,299.3,6432,7293,6822
2023-01-15,Telangana,Medchal-Malkajgiri,Kukatpally APMC,papaya,FAQ (Fair Average Quality),182.3,1288,1579,1392
2023-01-15,Telangana,Medchal-Malkajgiri,Malkajgiri Mandi,apple,Grade A,222.9,9334,10651,10004
2023-01-15,Telangana,Sangareddy,Zaheerabad APMC,papaya,Grade A,65.1,1932,2341,2120
2023-01-15,Telangana,Sangareddy,Patancheru APMC,Moong Dal,FAQ (Fair Average Quality),134.7,6303,7467,6876
2023-01-15,Telangana,Sangareddy,Sadasivpet APMC,pomegranate,Grade A,243.0,9992,11788,10936
2023-01-15,Telangana,Siddipet,Gajwel APMC,papaya,Local,244.5,1580,1893,1723
2023-01-15,Telangana,Siddipet,Gajwel APMC,coconut,Local,247.5,3070,3693,3396
2023-01-15,Telangana,Siddipet,Vantamamidi APMC,grapes,Hybrid,273.2,6575,8180,7373
2023-01-15,Telangana,Vikarabad,Pargi APMC,rice,Grade A,303.9,3179,3876,3566
2023-01-15,Telangana,Vikarabad,Pargi APMC,coffee,Local,195.9,10649,12912,11789
2023-01-15,Telangana,Vikarabad,Tanduru APMC,Moth Beans,Grade A,144.4,5456,6785,6078
2023-01-15,Telangana,Nalgonda,Miryalguda APMC,Corn,Hybrid,136.4,2090,2481,2269
2023-01-15,Telangana,Nalgonda,Miryalguda APMC,grapes,Hybrid,239.9,6255,7261,6798
2023-01-15,Telangana,Nalgonda,Miryalguda APMC,orange,Grade A,68.8,3915,5064,4492
2023-01-15,Telangana,Yadadri Bhuvanagiri,Bhongir APMC,apple,Local,145.2,11449,13126,12323
2023-01-15,Telangana,Yadadri Bhuvanagiri,Aler APMC,Chana,FAQ (Fair Average Quality),159.0,4409,5374,4933
2023-01-15,Telangana,Yadadri Bhuvanagiri,Aler APMC,watermelon,FAQ (Fair Average Quality),178.0,735,916,840
2023-01-15,Telangana,Mahbubnagar,Mahbubnagar APMC,Toor Dal,Hybrid,85.5,7329,8331,7846
2023-01-15,Telangana,Mahbubnagar,Badepally APMC,muskmelon,FAQ (Fair Average Quality),285.7,1354,1725,1555
2023-01-15,Telangana,Mahbubnagar,Mahbubnagar APMC,apple,FAQ (Fair Average Quality),268.2,9627,11261,10439
2023-01-15,Telangana,Medak,Toopran APMC,blackgram,FAQ (Fair Average Quality),268.3,6794,7870,7293
2023-01-15,Telangana,Medak,Medak APMC,grapes,Hybrid,82.0,5308,6319,5806
2023-01-15,Telangana,Medak,Toopran APMC,papaya,Hybrid,259.0,1685,1968,1862
2023-01-22,Telangana,Hyderabad,Gudimalkapur APMC,mango,FAQ (Fair Average Quality),263.6,3793,4912,4386
2023-01-22,Telangana,Hyderabad,Bowenpally APMC,apple,Hybrid,78.0,9262,11241,10276
2023-01-22,Telangana,Hyderabad,Gudimalkapur APMC,rice,Hybrid,91.5,2853,3441,3136
2023-01-22,Telangana,Ranga Reddy,Chevella APMC,blackgram,Grade A,304.5,6675,7746,7258
2023-01-22,Telangana,Ranga Reddy,Chevella APMC,banana,FAQ (Fair Average Quality),97.3,2328,2766,2529
2023-01-22,Telangana,Ranga Reddy,Chevella APMC,cotton,Grade A,306.3,7364,8430,7908
2023-01-22,Telangana,Medchal-Malkajgiri,Malkajgiri Mandi,Rajma,Hybrid,56.7,7262,8497,7877
2023-01-22,Telangana,Medchal-Malkajgiri,Malkajgiri Mandi,Toor Dal,Local,281.2,7649,8835,8271
2023-01-22,Telangana,Medchal-Malkajgiri,Malkajgiri Mandi,Moth Beans,FAQ (Fair Average Quality),274.0,6214,7475,6873
2023-01-22,Telangana,Sangareddy,Zaheerabad APMC,blackgram,FAQ (Fair Average Quality),153.8,6761,8125,7431
2023-01-22,Telangana,Sangareddy,Sadasivpet APMC,Rajma,Hybrid,186.0,7161,9003,8130
2023-01-22,Telangana,Sangareddy,Patancheru APMC,coffee,Hybrid,138.4,8479,9896,9191
2023-01-22,Telangana,Siddipet,Vantamamidi APMC,coconut,Hybrid,192.1,2360,2756,2564
2023-01-22,Telangana,Siddipet,Vantamamidi APMC,cotton,Local,240.0,5996,7330,6696
2023-01-22,Telangana,Siddipet,Siddipet APMC,banana,Local,233.2,1644,1945,1811
2023-01-22,Telangana,Vikarabad,Vikarabad APMC,jute,Hybrid,317.3,3782,4607,4214
2023-01-22,Telangana,Vikarabad,Vikarabad APMC,Moong Dal,Grade A,29.3,7503,8956,8252
2023-01-22,Telangana,Vikarabad,Tanduru APMC,Moth Beans,Hybrid,259.2,6194,7823,6963
2023-01-22,Telangana,Nalgonda,Miryalguda APMC,jute,Local,96.0,4215,4849,4537
2023-01-22,Telangana,Nalgonda,Miryalguda APMC,Moong Dal,Local,115.4,7592,9110,8309
2023-01-22,Telangana,Nalgonda,Miryalguda APMC,watermelon,Local,16.6,1057,1302,1207
2023-01-22,Telangana,Yadadri Bhuvanagiri,Aler APMC,coconut,Grade A,279.5,3452,3943,3705
2023-01-22,Telangana,Yadadri Bhuvanagiri,Bhongir APMC,watermelon,Local,203.7,1041,1328,1233
2023-01-22,Telangana,Yadadri Bhuvanagiri,Aler APMC,Rajma,Grade A,266.9,7068,8602,7815
2023-01-22,Telangana,Mahbubnagar,Mahbubnagar APMC,Moth Beans,Hybrid,271.2,6034,7139,6631
2023-01-22,Telangana,Mahbubnagar,Mahbubnagar APMC,Chana,Grade A,68.0,4852,5443,5164
2023-01-22,Telangana,Mahbubnagar,Mahbubnagar APMC,blackgram,Hybrid,231.1,7070,8795,7903
2023-01-22,Telangana,Medak,Toopran APMC,lentil,Hybrid,275.5,6398,7360,6841
2023-01-22,Telangana,Medak,Medak APMC,apple,FAQ (Fair Average Quality),250.7,10069,11625,10798
2023-01-22,Telangana,Medak,Toopran APMC,Toor Dal,Hybrid,146.9,7176,9140,8163
2023-01-29,Telangana,Hyderabad,Gaddiannaram APMC,coffee,Grade A,153.4,9392,11258,10353
2023-01-29,Telangana,Hyderabad,Gudimalkapur APMC,orange,Grade A,293.1,3416,3931,3675
2023-01-29,Telangana,Hyderabad,Gudimalkapur APMC,lentil,FAQ (Fair Average Quality),197.5,6470,7593,7058
2023-01-29,Telangana,Ranga Reddy,Ibrahimpatnam APMC,Moong Dal,Grade A,215.4,6520,7922,7202
2023-01-29,Telangana,Ranga Reddy,Shadnagar APMC,pomegranate,Local,243.5,8451,9530,9025
2023-01-29,Telangana,Ranga Reddy,Shadnagar APMC,grapes,Local,162.1,6771,7593,7211
2023-01-29,Telangana,Medchal-Malkajgiri,Kukatpally APMC,mango,Hybrid,52.9,3214,3822,3542
2023-01-29,Telangana,Medchal-Malkajgiri,Kukatpally APMC,Chana,Hybrid,106.1,4546,5073,4790
2023-01-29,Telangana,Medchal-Malkajgiri,Malkajgiri Mandi,banana,Grade A,216.6,2936,3490,3169
2023-01-29,Telangana,Sangareddy,Patancheru APMC,blackgram,FAQ (Fair Average Quality),214.2,6209,7503,6823
2023-01-29,Telangana,Sangareddy,Patancheru APMC,muskmelon,Grade A,138.0,1432,1684,1581
2023-01-29,Telangana,Sangareddy,Patancheru APMC,Toor Dal,Local,68.1,7474,9114,8319
2023-01-29,Telangana,Siddipet,Siddipet APMC,rice,Local,251.7,3261,3964,3660
2023-01-29,Telangana,Siddipet,Siddipet APMC,papaya,FAQ (Fair Average Quality),275.6,1938,2355,2132
2023-01-29,Telangana,Siddipet,Gajwel APMC,Moth Beans,Local,172.0,5602,6888,6208
2023-01-29,Telangana,Vikarabad,Pargi APMC,grapes,Local,90.9,5840,6707,6227
2023-01-29,Telangana,Vikarabad,Vikarabad APMC,pomegranate,Grade A,26.2,8581,10381,9458
2023-01-29,Telangana,Vikarabad,Tanduru APMC,watermelon,FAQ (Fair Average Quality),151.1,915,1137,1019
2023-01-29,Telangana,Nalgonda,Neredcherla APMC,apple,Hybrid,224.2,8044,10378,9248
2023-01-29,Telangana,Nalgonda,Nalgonda APMC,blackgram,Hybrid,92.5,6210,7634,6966
2023-01-29,Telangana,Nalgonda,Neredcherla APMC,grapes,Hybrid,58.8,5020,5764,5386
2023-01-29,Telangana,Yadadri Bhuvanagiri,Aler APMC,lentil,FAQ (Fair Average Quality),225.3,6296,7156,6764
2023-01-29,Telangana,Yadadri Bhuvanagiri,Bhongir APMC,Rajma,Local,213.6,8200,9820,9007
2023-01-29,Telangana,Yadadri Bhuvanagiri,Aler APMC,banana,Hybrid,313.0,2711,3379,3057
2023-01-29,Telangana,Mahbubnagar,Badepally APMC,blackgram,FAQ (Fair Average Quality),114.0,7086,8770,7962
2023-01-29,Telangana,Mahbubnagar,Mahbubnagar APMC,jute,Hybrid,151.9,4330,5124,4769
2023-01-29,Telangana,Mahbubnagar,Badepally APMC,orange,Grade A,199.1,4573,5278,4885
2023-01-29,Telangana,Medak,Toopran APMC,banana,FAQ (Fair Average Quality),20.6,2935,3531,3225
2023-01-29,Telangana,Medak,Medak APMC,rice,FAQ (Fair Average Quality),89.3,3784,4243,3977
2023-01-29,Telangana,Medak,Medak APMC,grapes,FAQ (Fair Average Quality),65.7,4559,5233,4879
2023-02-05,Telangana,Hyderabad,Gaddiannaram APMC,Toor Dal,FAQ (Fair Average Quality),308.7,6371,7277,6829
2023-02-05,Telangana,Hyderabad,Gudimalkapur APMC,jute,FAQ (Fair Average Quality),198.5,4587,5783,5147
2023-02-05,Telangana,Hyderabad,Gudimalkapur APMC,banana,Local,201.3,2326,2851,2552
2023-02-05,Telangana,Ranga Reddy,Shadnagar APMC,Moth Beans,FAQ (Fair Average Quality),44.2,7065,8617,7811
2023-02-05,Telangana,Ranga Reddy,Shadnagar APMC,papaya,FAQ (Fair Average Quality),93.3,1492,1787,1598
2023-02-05,Telangana,Ranga Reddy,Shadnagar APMC,banana,Local,197.1,2049,2573,2295
2023-02-05,Telangana,Medchal-Malkajgiri,Malkajgiri Mandi,watermelon,FAQ (Fair Average Quality),203.2,787,935,851
2023-02-05,Telangana,Medchal-Malkajgiri,Kukatpally APMC,grapes,Local,210.3,6524,8334,7405
2023-02-05,Telangana,Medchal-Malkajgiri,Malkajgiri Mandi,rice,Hybrid,73.0,2812,3318,3017
2023-02-05,Telangana,Sangareddy,Zaheerabad APMC,banana,Local,314.3,1729,2011,1831
2023-02-05,Telangana,Sangareddy,Sadasivpet APMC,lentil,Grade A,239.8,5539,7155,6301
2023-02-05,Telangana,Sangareddy,Patancheru APMC,apple,Local,255.3,7592,9215,8434
2023-02-05,Telangana,Siddipet,Vantamamidi APMC,coconut,Grade A,166.6,3500,3965,3703
2023-02-05,Telangana,Siddipet,Siddipet APMC,papaya,Grade A,50.5,2108,2556,2330
2023-02-05,Telangana,Siddipet,Siddipet APMC,muskmelon,Local,260.8,1856,2208,2059
2023-02-05,Telangana,Vikarabad,Tanduru APMC,grapes,Grade A,267.9,4199,5102,4653
2023-02-05,Telangana,Vikarabad,Vikarabad APMC,coffee,FAQ (Fair Average Quality),35.8,10277,12238,11304
2023-02-05,Telangana,Vikarabad,Pargi APMC,papaya,Grade A,309.6,1555,1836,1656
2023-02-05,Telangana,Nalgonda,Miryalguda APMC,coconut,FAQ (Fair Average Quality),58.4,3224,3911,3525
2023-02-05,Telangana,Nalgonda,Miryalguda APMC,Rajma,Grade A,34.0,6909,8210,7524
2023-02-05,Telangana,Nalgonda,Neredcherla APMC,lentil,Grade A,205.3,6080,7272,6718
2023-02-05,Telangana,Yadadri Bhuvanagiri,Bhongir APMC,lentil,Hybrid,113.7,6666,8269,7481
2023-02-05,Telangana,Yadadri Bhuvanagiri,Aler APMC,rice,Hybrid,28.0,3311,3946,3622
2023-02-05,Telangana,Yadadri Bhuvanagiri,Bhongir APMC,Rajma,FAQ (Fair Average Quality),96.1,7343,8759,8052
2023-02-05,Telangana,Mahbubnagar,Mahbubnagar APMC,watermelon,Local,253.3,841,944,901
2023-02-05,Telangana,Mahbubnagar,Mahbubnagar APMC,coconut,FAQ (Fair Average Quality),84.2,3017,3712,3385
2023-02-05,Telangana,Mahbubnagar,Badepally APMC,cotton,Grade A,171.2,6926,7800,7356
2023-02-05,Telangana,Medak,Medak APMC,Moong Dal,FAQ (Fair Average Quality),216.4,6640,8008,7278
2023-02-05,Telangana,Medak,Toopran APMC,papaya,Grade A,289.2,1178,1414,1337
2023-02-05,Telangana,Medak,Toopran APMC,mango,Grade A,18.2,3564,4199,3880
2023-02-12,Telangana,Hyderabad,Bowenpally APMC,orange,Grade A,182.8,4411,5354,4890
2023-02-12,Telangana,Hyderabad,Gudimalkapur APMC,rice,Local,75.2,3406,4330,3861
2023-02-12,Telangana,Hyderabad,Gudimalkapur APMC,papaya,Local,277.7,1981,2331,2199
2023-02-12,Telangana,Ranga Reddy,Ibrahimpatnam APMC,pomegranate,Local,164.0,6713,8162,7481
2023-02-12,Telangana,Ranga Reddy,Chevella APMC,Corn,Grade A,241.7,1716,2035,1885
2023-02-12,Telangana,Ranga Reddy,Chevella APMC,coconut,FAQ (Fair Average Quality),247.1,2242,2667,2428
2023-02-12,Telangana,Medchal-Malkajgiri,Kukatpally APMC,banana,FAQ (Fair Average Quality),16.6,2614,3259,2921
2023-02-12,Telangana,Medchal-Malkajgiri,Malkajgiri Mandi,Moong Dal,Hybrid,246.4,6910,7741,7308
2023-02-12,Telangana,Medchal-Malkajgiri,Malkajgiri Mandi,Moth Beans,FAQ (Fair Average Quality),318.9,7303,8532,7949
2023-02-12,Telangana,Sangareddy,Sadasivpet APMC,Corn,Grade A,83.8,1868,2134,2030
2023-02-12,Telangana,Sangareddy,Zaheerabad APMC,papaya,Grade A,266.6,1254,1511,1391
2023-02-12,Telangana,Sangareddy,Patancheru APMC,grapes,FAQ (Fair Average Quality),254.4,5699,7166,6457
2023-02-12,Telangana,Siddipet,Siddipet APMC,pomegranate,Local,51.1,6511,7973,7238
2023-02-12,Telangana,Siddipet,Siddipet APMC,blackgram,FAQ (Fair Average Quality),194.3,6131,7392,6800
2023-02-12,Telangana,Siddipet,Gajwel APMC,coffee,Grade A,268.7,8254,9617,8978
2023-02-12,Telangana,Vikarabad,Vikarabad APMC,apple,Hybrid,32.5,9996,12327,11180
2023-02-12,Telangana,Vikarabad,Pargi APMC,muskmelon,Grade A,159.0,1390,1758,1547
2023-02-12,Telangana,Vikarabad,Tanduru APMC,Moong Dal,Hybrid,90.3,6777,8086,7387
2023-02-12,Telangana,Nalgonda,Neredcherla APMC,Moong Dal,FAQ (Fair Average Quality),308.8,7443,8304,7897
2023-02-12,Telangana,Nalgonda,Neredcherla APMC,coconut,Grade A,237.9,2448,3056,2715
2023-02-12,Telangana,Nalgonda,Nalgonda APMC,banana,Local,187.4,2585,3260,2908
2023-02-12,Telangana,Yadadri Bhuvanagiri,Bhongir APMC,Chana,FAQ (Fair Average Quality),273.3,4568,5265,4935
2023-02-12,Telangana,Yadadri Bhuvanagiri,Aler APMC,watermelon,Local,44.8,1245,1493,1384
2023-02-12,Telangana,Yadadri Bhuvanagiri,Aler APMC,cotton,Grade A,255.0,6417,7658,7074
2023-02-12,Telangana,Mahbubnagar,Badepally APMC,cotton,Local,183.5,6812,8092,7464
2023-02-12,Telangana,Mahbubnagar,Mahbubnagar APMC,rice,Hybrid,128.4,3732,4472,4057
2023-02-12,Telangana,Mahbubnagar,Badepally APMC,Corn,Local,74.7,1974,2455,2214
2023-02-12,Telangana,Medak,Toopran APMC,coffee,FAQ (Fair Average Quality),287.7,12025,14577,13258
2023-02-12,Telangana,Medak,Toopran APMC,watermelon,Grade A,284.1,1278,1602,1408
2023-02-12,Telangana,Medak,Toopran APMC,apple,FAQ (Fair Average Quality),236.2,11332,13055,12163
2023-02-19,Telangana,Hyderabad,Gudimalkapur APMC,Moong Dal,FAQ (Fair Average Quality),264.9,7467,8889,8225
2023-02-19,Telangana,Hyderabad,Gudimalkapur APMC,banana,Hybrid,88.2,2752,3282,2999
2023-02-19,Telangana,Hyderabad,Gudimalkapur APMC,orange,Local,147.8,3469,4281,3881
2023-02-19,Telangana,Ranga Reddy,Chevella APMC,pomegranate,FAQ (Fair Average Quality),80.7,7066,8551,7782
2023-02-19,Telangana,Ranga Reddy,Chevella APMC,apple,FAQ (Fair Average Quality),246.6,11141,13643,12387
2023-02-19,Telangana,Ranga Reddy,Shadnagar APMC,cotton,FAQ (Fair Average Quality),213.5,6445,7694,7100
2023-02-19,Telangana,Medchal-Malkajgiri,Kukatpally APMC,pomegranate,Hybrid,204.5,7769,8727,8268
2023-02-19,Telangana,Medchal-Malkajgiri,Kukatpally APMC,apple,FAQ (Fair Average Quality),81.6,11451,14475,12926
2023-02-19,Telangana,Medchal-Malkajgiri,Kukatpally APMC,Moong Dal,Local,188.0,6628,8029,7341
2023-02-19,Telangana,Sangareddy,Sadasivpet APMC,pomegranate,Grade A,192.8,8939,10271,9566
2023-02-19,Telangana,Sangareddy,Zaheerabad APMC,grapes,Hybrid,82.2,5491,6329,5879
2023-02-19,Telangana,Sangareddy,Patancheru APMC,coconut,Local,34.7,3514,4159,3866
2023-02-19,Telangana,Siddipet,Vantamamidi APMC,Corn,FAQ (Fair Average Quality),311.1,1905,2336,2114
2023-02-19,Telangana,Siddipet,Siddipet APMC,cotton,Grade A,208.4,7017,8825,7942
2023-02-19,Telangana,Siddipet,Siddipet APMC,Moong Dal,Hybrid,87.9,6731,7774,7209
2023-02-19,Telangana,Vikarabad,Vikarabad APMC,Toor Dal,Local,299.2,7617,9118,8370
2023-02-19,Telangana,Vikarabad,Tanduru APMC,Corn,Grade A,120.3,2113,2657,2355
2023-02-19,Telangana,Vikarabad,Vikarabad APMC,Moong Dal,FAQ (Fair Average Quality),152.4,6936,8788,7830
2023-02-19,Telangana,Nalgonda,Nalgonda APMC,muskmelon,Local,93.3,1441,1809,1656
2023-02-19,Telangana,Nalgonda,Nalgonda APMC,Moth Beans,Local,182.6,6149,7031,6567
2023-02-19,Telangana,Nalgonda,Miryalguda APMC,lentil,Local,140.9,5606,6872,6227
2023-02-19,Telangana,Yadadri Bhuvanagiri,Aler APMC,Toor Dal,FAQ (Fair Average Quality),143.7,8008,9548,8768
2023-02-19,Telangana,Yadadri Bhuvanagiri,Bhongir APMC,mango,FAQ (Fair Average Quality),261.4,4744,5837,5324
2023-02-19,Telangana,Yadadri Bhuvanagiri,Bhongir APMC,muskmelon,FAQ (Fair Average Quality),133.2,1973,2364,2145
2023-02-19,Telangana,Mahbubnagar,Badepally APMC,apple,Hybrid,65.9,8743,10623,9666
2023-02-19,Telangana,Mahbubnagar,Badepally APMC,muskmelon,FAQ (Fair Average Quality),62.1,1231,1571,1397
2023-02-19,Telangana,Mahbubnagar,Badepally APMC,coffee,Hybrid,256.5,9165,10746,9999
2023-02-19,Telangana,Medak,Toopran APMC,Moong Dal,Hybrid,63.8,7137,9115,8166
2023-02-19,Telangana,Medak,Toopran APMC,lentil,Hybrid,306.6,5585,6607,6082
2023-02-19,Telangana,Medak,Medak APMC,pomegranate,FAQ (Fair Average Quality),315.1,9254,11676,10487
2023-02-26,Telangana,Hyderabad,Bowenpally APMC,banana,FAQ (Fair Average Quality),309.8,2264,2776,2490
2023-02-26,Telangana,Hyderabad,Gaddiannaram APMC,blackgram,Grade A,60.9,7280,8413,7894
2023-02-26,Telangana,Hyderabad,Gudimalkapur APMC,jute,FAQ (Fair Average Quality),205.1,4536,5741,5169
2023-02-26,Telangana,Ranga Reddy,Shadnagar APMC,lentil,Local,310.7,6481,8199,7301
2023-02-26,Telangana,Ranga Reddy,Chevella APMC,rice,FAQ (Fair Average Quality),165.0,3476,4025,3795
2023-02-26,Telangana,Ranga Reddy,Chevella APMC,grapes,Hybrid,149.6,5175,6155,5702
2023-02-26,Telangana,Medchal-Malkajgiri,Malkajgiri Mandi,Corn,FAQ (Fair Average Quality),297.5,1977,2571,2284
2023-02-26,Telangana,Medchal-Malkajgiri,Malkajgiri Mandi,coffee,Hybrid,226.2,10893,12138,11531
2023-02-26,Telangana,Medchal-Malkajgiri,Malkajgiri Mandi,mango,Grade A,100.0,7142,8740,7931
2023-02-26,Telangana,Sangareddy,Patancheru APMC,mango,FAQ (Fair Average Quality),163.7,3527,4174,3822
2023-02-26,Telangana,Sangareddy,Zaheerabad APMC,Corn,Hybrid,121.4,2026,2297,2185
2023-02-26,Telangana,Sangareddy,Sadasivpet APMC,grapes,Hybrid,306.3,4313,5248,4774
2023-02-26,Telangana,Siddipet,Vantamamidi APMC,rice,Hybrid,192.9,3298,4141,3761
2023-02-26,Telangana,Siddipet,Vantamamidi APMC,Toor Dal,Local,80.5,6854,8508,7651
2023-02-26,Telangana,Siddipet,Vantamamidi APMC,watermelon,Local,279.4,959,1229,1066
2023-02-26,Telangana,Vikarabad,Pargi APMC,rice,Hybrid,111.9,3120,3611,3363
2023-02-26,Telangana,Vikarabad,Vikarabad APMC,jute,Local,230.6,4689,5626,5192
2023-02-26,Telangana,Vikarabad,Vikarabad APMC,banana,Grade A,241.0,2388,2836,2605
2023-02-26,Telangana,Nalgonda,Nalgonda APMC,papaya,Local,16.3,2011,2414,2216
2023-02-26,Telangana,Nalgonda,Neredcherla APMC,Moong Dal,Local,305.0,6518,8065,7251
2023-02-26,Telangana,Nalgonda,Neredcherla APMC,grapes,Local,211.5,5508,6726,6149
2023-02-26,Telangana,Yadadri Bhuvanagiri,Aler APMC,rice,Local,80.8,3131,3737,3469
2023-02-26,Telangana,Yadadri Bhuvanagiri,Bhongir APMC,coffee,FAQ (Fair Average Quality),213.8,8998,11108,10010
2023-02-26,Telangana,Yadadri Bhuvanagiri,Aler APMC,grapes,FAQ (Fair Average Quality),232.5,5263,5857,5537
2023-02-26,Telangana,Mahbubnagar,Badepally APMC,apple,Local,96.3,7617,9250,8436
2023-02-26,Telangana,Mahbubnagar,Badepally APMC,papaya,FAQ (Fair Average Quality),110.1,1523,1771,1661
2023-02-26,Telangana,Mahbubnagar,Mahbubnagar APMC,Moong Dal,Grade A,190.5,6657,8336,7472
2023-02-26,Telangana,Medak,Toopran APMC,coconut,FAQ (Fair Average Quality),199.9,2473,3198,2881
2023-02-26,Telangana,Medak,Toopran APMC,jute,Grade A,231.6,4601,5474,5053
2023-02-26,Telangana,Medak,Medak APMC,banana,Hybrid,219.9,2786,3429,3143
2023-03-05,Telangana,Hyderabad,Gaddiannaram APMC,coffee,FAQ (Fair Average Quality),220.6,8861,10534,9741
2023-03-05,Telangana,Hyderabad,Gaddiannaram APMC,coconut,Local,158.3,3380,3871,3628
2023-03-05,Telangana,Hyderabad,Gaddiannaram APMC,Chana,FAQ (Fair Average Quality),166.7,4908,5917,5366
2023-03-05,Telangana,Ranga Reddy,Ibrahimpatnam APMC,Rajma,FAQ (Fair Average Quality),56.8,7983,9322,8634
2023-03-05,Telangana,Ranga Reddy,Chevella APMC,Chana,Local,48.2,4556,5208,4901
2023-03-05,Telangana,Ranga Reddy,Chevella APMC,cotton,Grade A,188.7,6412,8084,7259
2023-03-05,Telangana,Medchal-Malkajgiri,Malkajgiri Mandi,pomegranate,FAQ (Fair Average Quality),307.9,7980,9635,8815
2023-03-05,Telangana,Medchal-Malkajgiri,Malkajgiri Mandi,watermelon,Hybrid,254.2,816,937,899
2023-03-05,Telangana,Medchal-Malkajgiri,Malkajgiri Mandi,apple,Grade A,113.1,11244,12664,11945
2023-03-05,Telangana,Sangareddy,Sadasivpet APMC,orange,Local,32.6,4862,6030,5430
2023-03-05,Telangana,Sangareddy,Sadasivpet APMC,banana,FAQ (Fair Average Quality),187.0,2324,2892,2650
2023-03-05,Telangana,Sangareddy,Sadasivpet APMC,coconut,Hybrid,295.1,2651,3218,2909
2023-03-05,Telangana,Siddipet,Vantamamidi APMC,apple,Local,287.2,7917,9920,8893
2023-03-05,Telangana,Siddipet,Gajwel APMC,watermelon,Hybrid,92.9,872,1060,1008
2023-03-05,Telangana,Siddipet,Vantamamidi APMC,mango,Grade A,36.0,3629,4581,4145
2023-03-05,Telangana,Vikarabad,Tanduru APMC,cotton,Grade A,248.5,6483,7510,6998
2023-03-05,Telangana,Vikarabad,Tanduru APMC,Moth Beans,Local,311.8,6883,8455,7675
2023-03-05,Telangana,Vikarabad,Vikarabad APMC,Moong Dal,FAQ (Fair Average Quality),30.8,7127,8485,7806
2023-03-05,Telangana,Nalgonda,Nalgonda APMC,papaya,Grade A,216.6,1589,1880,1755
2023-03-05,Telangana,Nalgonda,Neredcherla APMC,jute,FAQ (Fair Average Quality),97.0,4589,5266,4885
2023-03-05,Telangana,Nalgonda,Nalgonda APMC,cotton,Hybrid,54.6,6340,8019,7153
2023-03-05,Telangana,Yadadri Bhuvanagiri,Aler APMC,papaya,FAQ (Fair Average Quality),217.9,1680,2038,1814
2023-03-05,Telangana,Yadadri Bhuvanagiri,Bhongir APMC,Chana,FAQ (Fair Average Quality),182.5,4989,5929,5463
2023-03-05,Telangana,Yadadri Bhuvanagiri,Bhongir APMC,apple,FAQ (Fair Average Quality),132.2,8465,10718,9608
2023-03-05,Telangana,Mahbubnagar,Badepally APMC,grapes,Local,232.9,6240,7252,6759
2023-03-05,Telangana,Mahbubnagar,Badepally APMC,Toor Dal,Grade A,221.5,7216,9222,8188
2023-03-05,Telangana,Mahbubnagar,Mahbubnagar APMC,lentil,FAQ (Fair Average Quality),91.4,6933,8140,7557
2023-03-05,Telangana,Medak,Toopran APMC,coffee,Grade A,221.6,10893,13233,12031
2023-03-05,Telangana,Medak,Medak APMC,orange,Hybrid,219.8,3679,4659,4202
2023-03-05,Telangana,Medak,Medak APMC,Corn,FAQ (Fair Average Quality),45.9,2173,2623,2440
2023-03-12,Telangana,Hyderabad,Gaddiannaram APMC,Moong Dal,FAQ (Fair Average Quality),207.4,6426,7892,7188
2023-03-12,Telangana,Hyderabad,Gudimalkapur APMC,coconut,Hybrid,38.1,2243,2797,2560
2023-03-12,Telangana,Hyderabad,Gudimalkapur APMC,watermelon,Grade A,43.1,1198,1500,1382
2023-03-12,Telangana,Ranga Reddy,Shadnagar APMC,blackgram,FAQ (Fair Average Quality),205.7,7301,8921,8082
2023-03-12,Telangana,Ranga Reddy,Ibrahimpatnam APMC,Moong Dal,Local,92.2,6544,7710,7083
2023-03-12,Telangana,Ranga Reddy,Chevella APMC,mango,Local,220.1,6507,7772,7120
2023-03-12,Telangana,Medchal-Malkajgiri,Malkajgiri Mandi,watermelon,Grade A,30.3,1145,1382,1235
2023-03-12,Telangana,Medchal-Malkajgiri,Malkajgiri Mandi,Corn,FAQ (Fair Average Quality),90.5,2148,2496,2314
2023-03-12,Telangana,Medchal-Malkajgiri,Malkajgiri Mandi,Moong Dal,FAQ (Fair Average Quality),220.2,6240,7350,6777
2023-03-12,Telangana,Sangareddy,Patancheru APMC,Toor Dal,Local,127.4,6447,7463,6964
2023-03-12,Telangana,Sangareddy,Zaheerabad APMC,lentil,Local,207.2,5866,7503,6635
2023-03-12,Telangana,Sangareddy,Sadasivpet APMC,orange,FAQ (Fair Average Quality),254.1,4420,5181,4786
2023-03-12,Telangana,Siddipet,Gajwel APMC,mango,Grade A,242.8,3914,4727,4290
2023-03-12,Telangana,Siddipet,Vantamamidi APMC,lentil,Local,17.4,5848,6686,6285
2023-03-12,Telangana,Siddipet,Vantamamidi APMC,pomegranate,Grade A,38.4,7105,8408,7768
2023-03-12,Telangana,Vikarabad,Pargi APMC,coconut,Local,141.4,2427,2937,2698
2023-03-12,Telangana,Vikarabad,Vikarabad APMC,banana,Hybrid,235.2,2010,2520,2227
2023-03-12,Telangana,Vikarabad,Vikarabad APMC,Corn,Grade A,177.2,1644,1936,1805
2023-03-12,Telangana,Nalgonda,Neredcherla APMC,Moth Beans,Hybrid,189.4,6409,7664,7013
2023-03-12,Telangana,Nalgonda,Neredcherla APMC,blackgram,Local,222.1,6032,7252,6610
2023-03-12,Telangana,Nalgonda,Neredcherla APMC,Toor Dal,Hybrid,280.5,6213,7522,6829
2023-03-12,Telangana,Yadadri Bhuvanagiri,Bhongir APMC,lentil,FAQ (Fair Average Quality),36.1,6372,7577,6966
2023-03-12,Telangana,Yadadri Bhuvanagiri,Bhongir APMC,Moth Beans,FAQ (Fair Average Quality),92.2,6810,7751,7255
2023-03-12,Telangana,Yadadri Bhuvanagiri,Bhongir APMC,Rajma,Hybrid,265.5,7585,9190,8429
2023-03-12,Telangana,Mahbubnagar,Mahbubnagar APMC,orange,Hybrid,273.6,3644,4435,4024
2023-03-12,Telangana,Mahbubnagar,Mahbubnagar APMC,Rajma,Local,316.7,7587,9322,8448
2023-03-12,Telangana,Mahbubnagar,Mahbubnagar APMC,banana,Grade A,36.4,1856,2185,2052
2023-03-12,Telangana,Medak,Medak APMC,Chana,Grade A,66.8,4726,5925,5333
2023-03-12,Telangana,Medak,Medak APMC,Toor Dal,FAQ (Fair Average Quality),246.4,6096,7161,6593
2023-03-12,Telangana,Medak,Medak APMC,pomegranate,Local,246.3,9946,12087,11051
2023-03-19,Telangana,Hyderabad,Gudimalkapur APMC,Toor Dal,Hybrid,301.4,6585,7994,7305
2023-03-19,Telangana,Hyderabad,Gudimalkapur APMC,watermelon,Local,226.9,850,1051,920
2023-03-19,Telangana,Hyderabad,Bowenpally APMC,Moth Beans,FAQ (Fair Average Quality),263.6,6438,7253,6847
2023-03-19,Telangana,Ranga Reddy,Ibrahimpatnam APMC,lentil,FAQ (Fair Average Quality),243.1,6129,7309,6670
2023-03-19,Telangana,Ranga Reddy,Shadnagar APMC,watermelon,Hybrid,114.6,1485,1774,1590
2023-03-19,Telangana,Ranga Reddy,Chevella APMC,muskmelon,FAQ (Fair Average Quality),88.7,1556,1763,1699
2023-03-19,Telangana,Medchal-Malkajgiri,Malkajgiri Mandi,mango,FAQ (Fair Average Quality),134.1,6549,7559,7013
2023-03-19,Telangana,Medchal-Malkajgiri,Malkajgiri Mandi,Rajma,Local,57.2,8456,9918,9210
2023-03-19,Telangana,Medchal-Malkajgiri,Kukatpally APMC,pomegranate,Grade A,119.3,9327,11564,10492
2023-03-19,Telangana,Sangareddy,Patancheru APMC,banana,FAQ (Fair Average Quality),243.1,2457,2861,2691
2023-03-19,Telangana,Sangareddy,Sadasivpet APMC,blackgram,Grade A,191.8,5972,7498,6770
2023-03-19,Telangana,Sangareddy,Patancheru APMC,muskmelon,Local,201.0,1452,1713,1564
2023-03-19,Telangana,Siddipet,Gajwel APMC,watermelon,Grade A,225.7,1402,1729,1530
2023-03-19,Telangana,Siddipet,Vantamamidi APMC,coffee,FAQ (Fair Average Quality),129.5,9380,11357,10365
2023-03-19,Telangana,Siddipet,Vantamamidi APMC,Moong Dal,Grade A,80.9,7563,9288,8458
2023-03-19,Telangana,Vikarabad,Pargi APMC,papaya,Hybrid,311.8,1709,2055,1915
2023-03-19,Telangana,Vikarabad,Pargi APMC,Moth Beans,Local,114.5,5995,7095,6505
2023-03-19,Telangana,Vikarabad,Tanduru APMC,banana,Hybrid,122.9,2104,2546,2323
2023-03-19,Telangana,Nalgonda,Miryalguda APMC,lentil,Local,32.4,6898,7921,7413
2023-03-19,Telangana,Nalgonda,Nalgonda APMC,rice,Local,252.0,3526,4196,3886
2023-03-19,Telangana,Nalgonda,Neredcherla APMC,pomegranate,Hybrid,316.8,7324,8813,8030
2023-03-19,Telangana,Yadadri Bhuvanagiri,Bhongir APMC,coconut,Local,191.7,3137,3686,3437
2023-03-19,Telangana,Yadadri Bhuvanagiri,Aler APMC,Toor Dal,Hybrid,128.5,7383,9325,8375
2023-03-19,Telangana,Yadadri Bhuvanagiri,Aler APMC,pomegranate,FAQ (Fair Average Quality),100.0,8476,10824,9652
2023-03-19,Telangana,Mahbubnagar,Badepally APMC,cotton,Local,281.6,6310,7297,6837
2023-03-19,Telangana,Mahbubnagar,Badepally APMC,Toor Dal,FAQ (Fair Average Quality),256.7,7394,8819,8097
2023-03-19,Telangana,Mahbubnagar,Mahbubnagar APMC,mango,Grade A,122.1,5614,6743,6128
2023-03-19,Telangana,Medak,Medak APMC,Rajma,Local,67.1,7347,9086,8247
2023-03-19,Telangana,Medak,Medak APMC,apple,Hybrid,292.7,8719,10621,9634
2023-03-19,Telangana,Medak,Toopran APMC,cotton,Grade A,183.1,6200,7763,6960
2023-03-26,Telangana,Hyderabad,Gudimalkapur APMC,Toor Dal,Hybrid,79.3,6884,7843,7329
2023-03-26,Telangana,Hyderabad,Gudimalkapur APMC,coffee,Local,126.6,9883,12284,11038
2023-03-26,Telangana,Hyderabad,Gudimalkapur APMC,Moong Dal,Local,86.5,6839,8039,7437
2023-03-26,Telangana,Ranga Reddy,Shadnagar APMC,watermelon,FAQ (Fair Average Quality),180.6,1397,1550,1454
2023-03-26,Telangana,Ranga Reddy,Chevella APMC,muskmelon,Grade A,150.1,1583,1824,1708
2023-03-26,Telangana,Ranga Reddy,Shadnagar APMC,lentil,Hybrid,71.6,5894,6855,6399
2023-03-26,Telangana,Medchal-Malkajgiri,Malkajgiri Mandi,cotton,Grade A,245.9,6722,8131,7442
2023-03-26,Telangana,Medchal-Malkajgiri,Malkajgiri Mandi,banana,Local,140.4,1888,2352,2113
2023-03-26,Telangana,Medchal-Malkajgiri,Malkajgiri Mandi,Toor Dal,FAQ (Fair Average Quality),110.7,6199,7711,6908
2023-03-26,Telangana,Sangareddy,Sadasivpet APMC,banana,FAQ (Fair Average Quality),174.6,1786,2139,1997
2023-03-26,Telangana,Sangareddy,Sadasivpet APMC,coconut,Grade A,267.1,3460,4308,3905
2023-03-26,Telangana,Sangareddy,Patancheru APMC,Moong Dal,Grade A,51.2,6034,7195,6600
2023-03-26,Telangana,Siddipet,Vantamamidi APMC,coffee,FAQ (Fair Average Quality),23.3,9693,11308,10501
2023-03-26,Telangana,Siddipet,Gajwel APMC,papaya,FAQ (Fair Average Quality),57.1,1323,1641,1496
2023-03-26,Telangana,Siddipet,Siddipet APMC,jute,Hybrid,122.0,4105,4657,4429
2023-03-26,Telangana,Vikarabad,Vikarabad APMC,Rajma,Grade A,177.1,6961,7937,7421
2023-03-26,Telangana,Vikarabad,Pargi APMC,Corn,FAQ (Fair Average Quality),215.2,1626,1939,1790
2023-03-26,Telangana,Vikarabad,Pargi APMC,lentil,Grade A,142.4,6410,7696,7009
2023-03-26,Telangana,Nalgonda,Miryalguda APMC,Moth Beans,FAQ (Fair Average Quality),99.8,6340,7500,6883
2023-03-26,Telangana,Nalgonda,Neredcherla APMC,Corn,FAQ (Fair Average Quality),142.9,1751,2265,1961
2023-03-26,Telangana,Nalgonda,Miryalguda APMC,papaya,Hybrid,95.0,1765,2167,1958
2023-03-26,Telangana,Yadadri Bhuvanagiri,Aler APMC,Rajma,FAQ (Fair Average Quality),302.7,7927,10091,8964
2023-03-26,Telangana,Yadadri Bhuvanagiri,Bhongir APMC,muskmelon,Hybrid,147.3,1648,2076,1843
2023-03-26,Telangana,Yadadri Bhuvanagiri,Bhongir APMC,banana,Grade A,114.2,2164,2744,2409
2023-03-26,Telangana,Mahbubnagar,Badepally APMC,coconut,FAQ (Fair Average Quality),73.3,3296,3654,3484
2023-03-26,Telangana,Mahbubnagar,Mahbubnagar APMC,Moong Dal,Local,204.9,6229,7394,6834
2023-03-26,Telangana,Mahbubnagar,Badepally APMC,Corn,Local,63.9,1688,2107,1871
2023-03-26,Telangana,Medak,Medak APMC,Moth Beans,Hybrid,99.7,6024,7195,6622
2023-03-26,Telangana,Medak,Medak APMC,rice,Hybrid,276.7,3513,4191,3819
2023-03-26,Telangana,Medak,Medak APMC,banana,Hybrid,90.6,2162,2771,2462
2023-04-02,Telangana,Hyderabad,Bowenpally APMC,orange,Grade A,73.9,4992,6088,5569
2023-04-02,Telangana,Hyderabad,Gudimalkapur APMC,apple,Local,244.5,10955,13120,12000
2023-04-02,Telangana,Hyderabad,Bowenpally APMC,Moth Beans,Grade A,135.3,6669,8024,7310
2023-04-02,Telangana,Ranga Reddy,Chevella APMC,Chana,FAQ (Fair Average Quality),120.2,4318,5384,4893
2023-04-02,Telangana,Ranga Reddy,Chevella APMC,rice,Grade A,281.9,3441,4189,3834
2023-04-02,Telangana,Ranga Reddy,Chevella APMC,apple,Local,28.8,7553,9225,8420
2023-04-02,Telangana,Medchal-Malkajgiri,Malkajgiri Mandi,coconut,FAQ (Fair Average Quality),167.7,3331,3964,3613
2023-04-02,Telangana,Medchal-Malkajgiri,Malkajgiri Mandi,papaya,Hybrid,54.4,1533,1814,1623
2023-04-02,Telangana,Medchal-Malkajgiri,Kukatpally APMC,blackgram,Grade A,158.6,6916,8884,7944
2023-04-02,Telangana,Sangareddy,Sadasivpet APMC,jute,Local,15.4,3855,4675,4274
2023-04-02,Telangana,Sangareddy,Zaheerabad APMC,lentil,Grade A,113.8,6377,7967,7161
2023-04-02,Telangana,Sangareddy,Patancheru APMC,Moth Beans,Hybrid,52.2,5881,7306,6564
2023-04-02,Telangana,Siddipet,Siddipet APMC,Moth Beans,FAQ (Fair Average Quality),260.8,6864,8494,7657
2023-04-02,Telangana,Siddipet,Gajwel APMC,Toor Dal,Grade A,181.7,7229,8649,7898
2023-04-02,Telangana,Siddipet,Gajwel APMC,Chana,Hybrid,233.0,5167,5969,5587
2023-04-02,Telangana,Vikarabad,Vikarabad APMC,jute,Hybrid,296.9,3901,4589,4238
2023-04-02,Telangana,Vikarabad,Pargi APMC,banana,FAQ (Fair Average Quality),237.3,2179,2497,2374
2023-04-02,Telangana,Vikarabad,Vikarabad APMC,papaya,Hybrid,123.8,1928,2151,2087
2023-04-02,Telangana,Nalgonda,Neredcherla APMC,mango,FAQ (Fair Average Quality),281.5,7186,8263,7727
2023-04-02,Telangana,Nalgonda,Neredcherla APMC,banana,Grade A,137.8,1797,2186,1941
2023-04-02,Telangana,Nalgonda,Miryalguda APMC,papaya,Grade A,240.2,1088,1283,1137
2023-04-02,Telangana,Yadadri Bhuvanagiri,Aler APMC,orange,Grade A,105.9,4474,5010,4717
2023-04-02,Telangana,Yadadri Bhuvanagiri,Bhongir APMC,rice,Grade A,312.5,2778,3310,3032
2023-04-02,Telangana,Yadadri Bhuvanagiri,Bhongir APMC,coconut,FAQ (Fair Average Quality),299.4,2633,3272,2928
2023-04-02,Telangana,Mahbubnagar,Mahbubnagar APMC,muskmelon,Hybrid,21.4,1876,2376,2112
2023-04-02,Telangana,Mahbubnagar,Mahbubnagar APMC,coffee,Grade A,116.1,10347,12366,11359
2023-04-02,Telangana,Mahbubnagar,Mahbubnagar APMC,grapes,Grade A,127.9,5290,6256,5733
2023-04-02,Telangana,Medak,Medak APMC,Moong Dal,FAQ (Fair Average Quality),153.9,7291,8923,8094
2023-04-02,Telangana,Medak,Medak APMC,coffee,Hybrid,70.1,11650,14421,13025
2023-04-02,Telangana,Medak,Medak APMC,Corn,FAQ (Fair Average Quality),105.7,2113,2501,2308
2023-04-09,Telangana,Hyderabad,Gaddiannaram APMC,coffee,FAQ (Fair Average Quality),58.8,9677,11599,10616
2023-04-09,Telangana,Hyderabad,Gaddiannaram APMC,muskmelon,FAQ (Fair Average Quality),301.6,1255,1540,1385
2023-04-09,Telangana,Hyderabad,Gudimalkapur APMC,watermelon,Grade A,160.4,766,896,802
2023-04-09,Telangana,Ranga Reddy,Shadnagar APMC,orange,Hybrid,304.9,4980,5627,5264
2023-04-09,Telangana,Ranga Reddy,Chevella APMC,cotton,FAQ (Fair Average Quality),100.5,6968,7783,7353
2023-04-09,Telangana,Ranga Reddy,Ibrahimpatnam APMC,grapes,Local,31.6,4401,5020,4703
2023-04-09,Telangana,Medchal-Malkajgiri,Malkajgiri Mandi,jute,FAQ (Fair Average Quality),141.3,3771,4523,4181
2023-04-09,Telangana,Medchal-Malkajgiri,Malkajgiri Mandi,coffee,FAQ (Fair Average Quality),205.8,11572,14168,12870
2023-04-09,Telangana,Medchal-Malkajgiri,Kukatpally APMC,orange,Hybrid,247.9,3681,4448,4082
2023-04-09,Telangana,Sangareddy,Sadasivpet APMC,papaya,Local,185.2,2170,2610,2348
2023-04-09,Telangana,Sangareddy,Patancheru APMC,rice,Local,71.5,3792,4529,4207
2023-04-09,Telangana,Sangareddy,Patancheru APMC,Toor Dal,Local,105.5,7022,9100,8082
2023-04-09,Telangana,Siddipet,Vantamamidi APMC,grapes,Local,141.7,6074,7577,6783
2023-04-09,Telangana,Siddipet,Gajwel APMC,rice,Grade A,197.8,3619,4019,3794
2023-04-09,Telangana,Siddipet,Vantamamidi APMC,muskmelon,Hybrid,258.2,1459,1725,1623
2023-04-09,Telangana,Vikarabad,Vikarabad APMC,Moth Beans,FAQ (Fair Average Quality),116.9,6354,7241,6765
2023-04-09,Telangana,Vikarabad,Vikarabad APMC,apple,Grade A,279.3,9185,11308,10247
2023-04-09,Telangana,Vikarabad,Tanduru APMC,rice,Local,182.3,3212,3801,3495
2023-04-09,Telangana,Nalgonda,Neredcherla APMC,Rajma,FAQ (Fair Average Quality),190.6,7754,9629,8658
2023-04-09,Telangana,Nalgonda,Miryalguda APMC,lentil,Local,79.1,5642,6826,6227
2023-04-09,Telangana,Nalgonda,Neredcherla APMC,coconut,FAQ (Fair Average Quality),187.0,2854,3488,3168
2023-04-09,Telangana,Yadadri Bhuvanagiri,Aler APMC,Chana,FAQ (Fair Average Quality),193.4,4527,5346,4960
2023-04-09,Telangana,Yadadri Bhuvanagiri,Aler APMC,pomegranate,FAQ (Fair Average Quality),205.8,7845,9004,8392
2023-04-09,Telangana,Yadadri Bhuvanagiri,Bhongir APMC,coconut,Grade A,74.9,3014,3647,3280
2023-04-09,Telangana,Mahbubnagar,Mahbubnagar APMC,Toor Dal,Local,202.7,7756,9333,8563
2023-04-09,Telangana,Mahbubnagar,Mahbubnagar APMC,Rajma,FAQ (Fair Average Quality),101.4,7491,9074,8249
2023-04-09,Telangana,Mahbubnagar,Mahbubnagar APMC,cotton,Local,219.0,7242,8548,7884
2023-04-09,Telangana,Medak,Medak APMC,cotton,Local,57.0,6963,8148,7513
2023-04-09,Telangana,Medak,Medak APMC,Moth Beans,FAQ (Fair Average Quality),220.8,5768,7365,6528
2023-04-09,Telangana,Medak,Toopran APMC,grapes,Grade A,299.2,4266,4943,4609
2023-04-16,Telangana,Hyderabad,Bowenpally APMC,muskmelon,FAQ (Fair Average Quality),253.9,1748,2073,1921
2023-04-16,Telangana,Hyderabad,Bowenpally APMC,Rajma,Grade A,58.7,7962,9730,8850
2023-04-16,Telangana,Hyderabad,Gaddiannaram APMC,papaya,Hybrid,90.8,1557,1899,1728
2023-04-16,Telangana,Ranga Reddy,Shadnagar APMC,watermelon,Hybrid,34.4,852,1021,983
2023-04-16,Telangana,Ranga Reddy,Chevella APMC,Chana,Hybrid,217.0,4443,5161,4805
2023-04-16,Telangana,Ranga Reddy,Ibrahimpatnam APMC,rice,FAQ (Fair Average Quality),260.0,3007,3436,3229
2023-04-16,Telangana,Medchal-Malkajgiri,Kukatpally APMC,watermelon,Hybrid,155.6,1278,1512,1425
2023-04-16,Telangana,Medchal-Malkajgiri,Kukatpally APMC,pomegranate,Grade A,270.9,8763,10600,9729
2023-04-16,Telangana,Medchal-Malkajgiri,Kukatpally APMC,Corn,Grade A,57.5,1938,2183,2033
2023-04-16,Telangana,Sangareddy,Zaheerabad APMC,orange,Hybrid,66.1,3238,3880,3606
2023-04-16,Telangana,Sangareddy,Sadasivpet APMC,pomegranate,Local,314.7,9772,12005,10851
2023-04-16,Telangana,Sangareddy,Zaheerabad APMC,mango,Hybrid,254.4,6547,7830,7198
2023-04-16,Telangana,Siddipet,Vantamamidi APMC,coffee,Local,47.1,10942,13360,12157
2023-04-16,Telangana,Siddipet,Vantamamidi APMC,lentil,Grade A,244.6,6916,8279,7601
2023-04-16,Telangana,Siddipet,Vantamamidi APMC,mango,Hybrid,230.2,4776,5865,5366
2023-04-16,Telangana,Vikarabad,Tanduru APMC,watermelon,FAQ (Fair Average Quality),279.1,1025,1244,1101
2023-04-16,Telangana,Vikarabad,Vikarabad APMC,Chana,Hybrid,162.4,5101,5860,5500
2023-04-16,Telangana,Vikarabad,Pargi APMC,orange,FAQ (Fair Average Quality),317.6,4334,5437,4902
2023-04-16,Telangana,Nalgonda,Neredcherla APMC,Corn,Hybrid,148.8,2247,2724,2464
2023-04-16,Telangana,Nalgonda,Neredcherla APMC,orange,Grade A,271.2,3315,3925,3667
2023-04-16,Telangana,Nalgonda,Nalgonda APMC,jute,Grade A,220.6,3964,4752,4321
2023-04-16,Telangana,Yadadri Bhuvanagiri,Aler APMC,lentil,FAQ (Fair Average Quality),249.7,5537,6491,6055
2023-04-16,Telangana,Yadadri Bhuvanagiri,Aler APMC,coffee,Grade A,101.7,12133,14879,13508
2023-04-16,Telangana,Yadadri Bhuvanagiri,Bhongir APMC,papaya,Hybrid,63.8,1905,2265,2050
2023-04-16,Telangana,Mahbubnagar,Badepally APMC,apple,FAQ (Fair Average Quality),28.1,11215,14320,12813
2023-04-16,Telangana,Mahbubnagar,Badepally APMC,Moong Dal,FAQ (Fair Average Quality),247.9,6663,8407,7486
2023-04-16,Telangana,Mahbubnagar,Badepally APMC,banana,Grade A,119.5,2214,2632,2401
2023-04-16,Telangana,Medak,Toopran APMC,watermelon,FAQ (Fair Average Quality),55.3,819,1005,921
2023-04-16,Telangana,Medak,Toopran APMC,blackgram,FAQ (Fair Average Quality),198.3,7143,8535,7864
2023-04-16,Telangana,Medak,Medak APMC,mango,Grade A,158.1,6623,7958,7303
2023-04-23,Telangana,Hyderabad,Bowenpally APMC,cotton,Local,262.8,6820,7592,7217
2023-04-23,Telangana,Hyderabad,Bowenpally APMC,watermelon,Local,241.2,842,1015,935
2023-04-23,Telangana,Hyderabad,Bowenpally APMC,jute,Hybrid,74.6,4223,4966,4560
2023-04-23,Telangana,Ranga Reddy,Chevella APMC,banana,FAQ (Fair Average Quality),163.7,2496,3133,2815
2023-04-23,Telangana,Ranga Reddy,Ibrahimpatnam APMC,Moth Beans,Hybrid,73.1,7302,8437,7871
2023-04-23,Telangana,Ranga Reddy,Shadnagar APMC,jute,Hybrid,110.2,4402,5390,4894
2023-04-23,Telangana,Medchal-Malkajgiri,Malkajgiri Mandi,apple,Hybrid,49.4,10933,13772,12344
2023-04-23,Telangana,Medchal-Malkajgiri,Malkajgiri Mandi,coconut,FAQ (Fair Average Quality),47.4,3434,4045,3751
2023-04-23,Telangana,Medchal-Malkajgiri,Malkajgiri Mandi,mango,Local,106.4,7095,8187,7620
2023-04-23,Telangana,Sangareddy,Sadasivpet APMC,Moth Beans,Hybrid,142.6,6307,7726,7065
2023-04-23,Telangana,Sangareddy,Sadasivpet APMC,Chana,Hybrid,48.0,4456,5740,5069
2023-04-23,Telangana,Sangareddy,Sadasivpet APMC,cotton,Hybrid,193.1,7166,8664,7912
2023-04-23,Telangana,Siddipet,Gajwel APMC,Moth Beans,Grade A,240.3,6731,8035,7420
2023-04-23,Telangana,Siddipet,Vantamamidi APMC,Rajma,Hybrid,31.1,8397,10316,9339
2023-04-23,Telangana,Siddipet,Siddipet APMC,mango,Local,32.5,4021,4922,4432
2023-04-23,Telangana,Vikarabad,Pargi APMC,papaya,FAQ (Fair Average Quality),93.5,1681,1963,1855
2023-04-23,Telangana,Vikarabad,Tanduru APMC,banana,Hybrid,260.6,2068,2565,2350
2023-04-23,Telangana,Vikarabad,Pargi APMC,lentil,Hybrid,115.0,6294,7270,6740
2023-04-23,Telangana,Nalgonda,Miryalguda APMC,banana,FAQ (Fair Average Quality),272.9,2514,3013,2808
2023-04-23,Telangana,Nalgonda,Nalgonda APMC,Rajma,FAQ (Fair Average Quality),314.3,8337,10264,9281
2023-04-23,Telangana,Nalgonda,Miryalguda APMC,watermelon,FAQ (Fair Average Quality),51.0,1403,1677,1576
2023-04-23,Telangana,Yadadri Bhuvanagiri,Bhongir APMC,banana,Grade A,172.6,1872,2266,2054
2023-04-23,Telangana,Yadadri Bhuvanagiri,Bhongir APMC,grapes,Grade A,162.0,5511,6816,6206
2023-04-23,Telangana,Yadadri Bhuvanagiri,Bhongir APMC,apple,FAQ (Fair Average Quality),32.1,10150,12058,11087
2023-04-23,Telangana,Mahbubnagar,Mahbubnagar APMC,rice,Grade A,139.0,2660,3390,3047
2023-04-23,Telangana,Mahbubnagar,Badepally APMC,Moong Dal,Local,272.7,7585,8782,8182
2023-04-23,Telangana,Mahbubnagar,Mahbubnagar APMC,muskmelon,FAQ (Fair Average Quality),71.1,1842,2206,1988
2023-04-23,Telangana,Medak,Toopran APMC,Corn,Local,41.4,1912,2375,2189
2023-04-23,Telangana,Medak,Toopran APMC,papaya,Local,55.8,1986,2389,2235
2023-04-23,Telangana,Medak,Toopran APMC,coconut,Hybrid,45.3,2945,3480,3239
2023-04-30,Telangana,Hyderabad,Bowenpally APMC,cotton,FAQ (Fair Average Quality),280.2,6699,8314,7464
2023-04-30,Telangana,Hyderabad,Gudimalkapur APMC,watermelon,FAQ (Fair Average Quality),135.1,1171,1417,1321
2023-04-30,Telangana,Hyderabad,Bowenpally APMC,coconut,FAQ (Fair Average Quality),32.8,2626,3159,2921
2023-04-30,Telangana,Ranga Reddy,Chevella APMC,grapes,FAQ (Fair Average Quality),169.9,5102,5737,5463
2023-04-30,Telangana,Ranga Reddy,Chevella APMC,coffee,Grade A,157.4,10556,12769,11699
2023-04-30,Telangana,Ranga Reddy,Ibrahimpatnam APMC,mango,Grade A,159.9,6453,7592,7051
2023-04-30,Telangana,Medchal-Malkajgiri,Malkajgiri Mandi,Corn,Local,54.4,1973,2369,2198
2023-04-30,Telangana,Medchal-Malkajgiri,Malkajgiri Mandi,lentil,Grade A,38.0,6465,7297,6874
2023-04-30,Telangana,Medchal-Malkajgiri,Kukatpally APMC,cotton,Hybrid,69.6,6008,7476,6732
2023-04-30,Telangana,Sangareddy,Sadasivpet APMC,Chana,FAQ (Fair Average Quality),315.9,5480,6357,5916
2023-04-30,Telangana,Sangareddy,Zaheerabad APMC,papaya,FAQ (Fair Average Quality),202.6,1378,1648,1553
2023-04-30,Telangana,Sangareddy,Sadasivpet APMC,watermelon,Grade A,286.6,949,1135,1045
2023-04-30,Telangana,Siddipet,Gajwel APMC,Rajma,Grade A,120.9,8412,9633,9048
2023-04-30,Telangana,Siddipet,Gajwel APMC,Corn,Local,188.9,2162,2642,2358
2023-04-30,Telangana,Siddipet,Siddipet APMC,Moong Dal,Hybrid,177.9,6528,7479,6999
2023-04-30,Telangana,Vikarabad,Pargi APMC,grapes,Local,274.8,6133,7179,6622
2023-04-30,Telangana,Vikarabad,Vikarabad APMC,Corn,FAQ (Fair Average Quality),253.4,1884,2253,2026
2023-04-30,Telangana,Vikarabad,Tanduru APMC,Chana,FAQ (Fair Average Quality),72.2,5056,6326,5705
2023-04-30,Telangana,Nalgonda,Nalgonda APMC,cotton,FAQ (Fair Average Quality),309.9,6454,7863,7179
2023-04-30,Telangana,Nalgonda,Neredcherla APMC,blackgram,Hybrid,309.8,6309,7707,6996
2023-04-30,Telangana,Nalgonda,Miryalguda APMC,Toor Dal,Grade A,98.4,6886,8247,7546
2023-04-30,Telangana,Yadadri Bhuvanagiri,Aler APMC,papaya,Hybrid,274.2,1090,1359,1268
2023-04-30,Telangana,Yadadri Bhuvanagiri,Bhongir APMC,orange,FAQ (Fair Average Quality),240.6,3185,3976,3574
2023-04-30,Telangana,Yadadri Bhuvanagiri,Aler APMC,Chana,Hybrid,81.4,4969,6059,5495
2023-04-30,Telangana,Mahbubnagar,Badepally APMC,Toor Dal,Local,306.2,6425,8208,7289
2023-04-30,Telangana,Mahbubnagar,Badepally APMC,Moth Beans,Grade A,96.4,6323,7869,7080
2023-04-30,Telangana,Mahbubnagar,Mahbubnagar APMC,papaya,Local,211.6,1560,1883,1697
2023-04-30,Telangana,Medak,Toopran APMC,rice,Local,217.0,2896,3253,3080
2023-04-30,Telangana,Medak,Toopran APMC,Toor Dal,Local,188.6,6970,8328,7678
2023-04-30,Telangana,Medak,Medak APMC,mango,FAQ (Fair Average Quality),68.1,6738,8264,7521
2023-05-07,Telangana,Hyderabad,Bowenpally APMC,apple,Local,107.0,9642,11001,10340
2023-05-07,Telangana,Hyderabad,Gudimalkapur APMC,Toor Dal,Grade A,191.1,7398,8561,8000
2023-05-07,Telangana,Hyderabad,Bowenpally APMC,papaya,Hybrid,147.7,1175,1483,1315
2023-05-07,Telangana,Ranga Reddy,Ibrahimpatnam APMC,banana,Hybrid,289.3,2024,2465,2235
2023-05-07,Telangana,Ranga Reddy,Chevella APMC,grapes,Hybrid,153.4,6622,7777,7163
2023-05-07,Telangana,Ranga Reddy,Chevella APMC,orange,FAQ (Fair Average Quality),148.2,5130,6165,5647
2023-05-07,Telangana,Medchal-Malkajgiri,Kukatpally APMC,lentil,FAQ (Fair Average Quality),34.6,5822,7163,6523
2023-05-07,Telangana,Medchal-Malkajgiri,Kukatpally APMC,grapes,Grade A,254.2,4833,5975,5413
2023-05-07,Telangana,Medchal-Malkajgiri,Kukatpally APMC,pomegranate,Hybrid,118.2,9184,11229,10204
2023-05-07,Telangana,Sangareddy,Sadasivpet APMC,Corn,FAQ (Fair Average Quality),280.2,2118,2546,2302
2023-05-07,Telangana,Sangareddy,Sadasivpet APMC,Moong Dal,Hybrid,301.0,7098,8642,7865
2023-05-07,Telangana,Sangareddy,Patancheru APMC,lentil,Local,22.6,6452,7656,7066
2023-05-07,Telangana,Siddipet,Siddipet APMC,Moong Dal,FAQ (Fair Average Quality),98.6,6471,7522,7036
2023-05-07,Telangana,Siddipet,Siddipet APMC,Chana,Local,287.4,5327,6505,5870
2023-05-07,Telangana,Siddipet,Siddipet APMC,Corn,Grade A,276.9,1933,2249,2113
2023-05-07,Telangana,Vikarabad,Tanduru APMC,grapes,Local,232.2,4854,5490,5124
2023-05-07,Telangana,Vikarabad,Vikarabad APMC,coconut,Grade A,79.6,3214,3671,3468
2023-05-07,Telangana,Vikarabad,Vikarabad APMC,lentil,Hybrid,212.0,5856,7002,6437
2023-05-07,Telangana,Nalgonda,Nalgonda APMC,mango,Hybrid,46.6,7053,8936,7976
2023-05-07,Telangana,Nalgonda,Neredcherla APMC,cotton,Hybrid,153.1,6922,8042,7451
2023-05-07,Telangana,Nalgonda,Miryalguda APMC,Moth Beans,Local,117.4,6440,7790,7118
2023-05-07,Telangana,Yadadri Bhuvanagiri,Bhongir APMC,blackgram,Grade A,26.9,6083,7239,6639
2023-05-07,Telangana,Yadadri Bhuvanagiri,Bhongir APMC,Chana,Local,64.9,4867,5975,5419
2023-05-07,Telangana,Yadadri Bhuvanagiri,Aler APMC,lentil,Grade A,224.4,5692,6976,6341
2023-05-07,Telangana,Mahbubnagar,Badepally APMC,papaya,Hybrid,293.2,1943,2420,2192
2023-05-07,Telangana,Mahbubnagar,Badepally APMC,coffee,Hybrid,23.6,10409,12447,11419
2023-05-07,Telangana,Mahbubnagar,Badepally APMC,blackgram,Grade A,300.3,6002,6972,6516
2023-05-07,Telangana,Medak,Toopran APMC,coffee,Hybrid,33.8,9716,12537,11084
2023-05-07,Telangana,Medak,Medak APMC,muskmelon,Hybrid,77.1,1577,1915,1698
2023-05-07,Telangana,Medak,Medak APMC,blackgram,Hybrid,171.9,6692,8500,7591
2023-05-14,Telangana,Hyderabad,Bowenpally APMC,muskmelon,Hybrid,106.5,2009,2333,2175
2023-05-14,Telangana,Hyderabad,Gaddiannaram APMC,rice,Hybrid,134.0,3103,3620,3353
2023-05-14,Telangana,Hyderabad,Bowenpally APMC,papaya,Hybrid,142.3,1740,2126,1980
2023-05-14,Telangana,Ranga Reddy,Chevella APMC,Moong Dal,FAQ (Fair Average Quality),175.2,6806,8561,7694
2023-05-14,Telangana,Ranga Reddy,Ibrahimpatnam APMC,coconut,Hybrid,282.8,2648,3266,2989
2023-05-14,Telangana,Ranga Reddy,Shadnagar APMC,apple,FAQ (Fair Average Quality),122.3,7989,9455,8683
2023-05-14,Telangana,Medchal-Malkajgiri,Malkajgiri Mandi,Rajma,Local,290.9,7588,9421,8499
2023-05-14,Telangana,Medchal-Malkajgiri,Malkajgiri Mandi,coconut,Grade A,39.9,2907,3470,3211
2023-05-14,Telangana,Medchal-Malkajgiri,Malkajgiri Mandi,apple,Local,163.5,10627,12197,11367
2023-05-14,Telangana,Sangareddy,Zaheerabad APMC,banana,FAQ (Fair Average Quality),218.3,2736,3315,3033
2023-05-14,Telangana,Sangareddy,Patancheru APMC,papaya,FAQ (Fair Average Quality),212.6,1385,1644,1539
2023-05-14,Telangana,Sangareddy,Sadasivpet APMC,Moth Beans,Local,202.4,6034,7577,6846
2023-05-14,Telangana,Siddipet,Siddipet APMC,pomegranate,Local,17.2,7633,8871,8225
2023-05-14,Telangana,Siddipet,Siddipet APMC,orange,FAQ (Fair Average Quality),241.3,4911,6206,5585
2023-05-14,Telangana,Siddipet,Gajwel APMC,coconut,Local,262.3,3165,3734,3419
2023-05-14,Telangana,Vikarabad,Tanduru APMC,lentil,FAQ (Fair Average Quality),98.4,6562,8134,7330
2023-05-14,Telangana,Vikarabad,Pargi APMC,coconut,Local,93.6,2476,2756,2652
2023-05-14,Telangana,Vikarabad,Tanduru APMC,orange,FAQ (Fair Average Quality),19.1,3744,4703,4230
2023-05-14,Telangana,Nalgonda,Neredcherla APMC,orange,FAQ (Fair Average Quality),24.6,3575,4246,3936
2023-05-14,Telangana,Nalgonda,Nalgonda APMC,watermelon,FAQ (Fair Average Quality),55.4,1159,1387,1255
2023-05-14,Telangana,Nalgonda,Nalgonda APMC,mango,Grade A,275.3,3754,4311,4058
2023-05-14,Telangana,Yadadri Bhuvanagiri,Aler APMC,Chana,FAQ (Fair Average Quality),152.6,4898,5648,5238
2023-05-14,Telangana,Yadadri Bhuvanagiri,Aler APMC,Moth Beans,Hybrid,39.1,7058,8022,7538
2023-05-14,Telangana,Yadadri Bhuvanagiri,Bhongir APMC,orange,Local,176.4,4398,5498,4911
2023-05-14,Telangana,Mahbubnagar,Mahbubnagar APMC,Toor Dal,Local,108.1,7806,9278,8502
2023-05-14,Telangana,Mahbubnagar,Mahbubnagar APMC,coffee,Local,113.6,9831,11554,10648
2023-05-14,Telangana,Mahbubnagar,Mahbubnagar APMC,mango,Grade A,309.5,4381,5342,4831
2023-05-14,Telangana,Medak,Medak APMC,banana,FAQ (Fair Average Quality),71.0,1913,2178,2048
2023-05-14,Telangana,Medak,Medak APMC,pomegranate,Hybrid,69.4,9577,12106,10886
2023-05-14,Telangana,Medak,Toopran APMC,jute,Grade A,312.8,4236,5064,4662
2023-05-21,Telangana,Hyderabad,Gaddiannaram APMC,Corn,Local,61.1,2116,2576,2314
2023-05-21,Telangana,Hyderabad,Gaddiannaram APMC,rice,FAQ (Fair Average Quality),110.6,3429,4058,3718
2023-05-21,Telangana,Hyderabad,Gaddiannaram APMC,coffee,Grade A,259.6,12525,14308,13424
2023-05-21,Telangana,Ranga Reddy,Ibrahimpatnam APMC,jute,FAQ (Fair Average Quality),296.6,4481,5711,5105
2023-05-21,Telangana,Ranga Reddy,Ibrahimpatnam APMC,cotton,FAQ (Fair Average Quality),139.3,7221,8094,7678
2023-05-21,Telangana,Ranga Reddy,Chevella APMC,rice,FAQ (Fair Average Quality),205.9,2868,3348,3129
2023-05-21,Telangana,Medchal-Malkajgiri,Malkajgiri Mandi,coffee,Hybrid,75.7,11074,13063,12041
2023-05-21,Telangana,Medchal-Malkajgiri,Malkajgiri Mandi,lentil,FAQ (Fair Average Quality),295.8,6474,7431,6966
2023-05-21,Telangana,Medchal-Malkajgiri,Malkajgiri Mandi,Toor Dal,Local,287.7,6979,8834,7878
2023-05-21,Telangana,Sangareddy,Zaheerabad APMC,Moong Dal,Grade A,258.5,7288,8334,7797
2023-05-21,Telangana,Sangareddy,Sadasivpet APMC,apple,Grade A,36.5,9295,11234,10217
2023-05-21,Telangana,Sangareddy,Patancheru APMC,coffee,FAQ (Fair Average Quality),132.1,10159,11899,11073
2023-05-21,Telangana,Siddipet,Gajwel APMC,Moth Beans,Grade A,117.9,6745,8346,7573
2023-05-21,Telangana,Siddipet,Siddipet APMC,Toor Dal,FAQ (Fair Average Quality),220.3,6266,7586,6960
2023-05-21,Telangana,Siddipet,Siddipet APMC,Rajma,Local,73.1,7330,9366,8300
2023-05-21,Telangana,Vikarabad,Tanduru APMC,Moong Dal,Hybrid,170.2,6681,8220,7418
2023-05-21,Telangana,Vikarabad,Tanduru APMC,watermelon,FAQ (Fair Average Quality),46.3,1161,1437,1317
2023-05-21,Telangana,Vikarabad,Tanduru APMC,Chana,Hybrid,234.0,4393,5375,4904
2023-05-21,Telangana,Nalgonda,Neredcherla APMC,lentil,Grade A,111.5,5909,6889,6428
2023-05-21,Telangana,Nalgonda,Miryalguda APMC,Rajma,Grade A,40.7,8037,9566,8835
2023-05-21,Telangana,Nalgonda,Nalgonda APMC,orange,Grade A,145.0,3309,3991,3656
2023-05-21,Telangana,Yadadri Bhuvanagiri,Aler APMC,apple,Local,90.5,11341,13852,12557
2023-05-21,Telangana,Yadadri Bhuvanagiri,Bhongir APMC,coffee,Grade A,279.8,10214,11892,11082
2023-05-21,Telangana,Yadadri Bhuvanagiri,Bhongir APMC,coconut,FAQ (Fair Average Quality),26.4,3435,3860,3603
2023-05-21,Telangana,Mahbubnagar,Mahbubnagar APMC,jute,Grade A,217.5,3864,4458,4152
2023-05-21,Telangana,Mahbubnagar,Badepally APMC,Moth Beans,FAQ (Fair Average Quality),234.0,7323,8309,7842
2023-05-21,Telangana,Mahbubnagar,Badepally APMC,mango,FAQ (Fair Average Quality),68.0,4988,5995,5445
2023-05-21,Telangana,Medak,Medak APMC,coffee,Hybrid,295.2,11261,13330,12267
2023-05-21,Telangana,Medak,Medak APMC,lentil,Local,33.2,6207,7352,6744
2023-05-21,Telangana,Medak,Medak APMC,pomegranate,Grade A,301.9,9323,11541,10474
2023-05-28,Telangana,Hyderabad,Bowenpally APMC,blackgram,Grade A,283.9,6811,8296,7512
2023-05-28,Telangana,Hyderabad,Bowenpally APMC,watermelon,Grade A,306.1,1269,1526,1355
2023-05-28,Telangana,Hyderabad,Bowenpally APMC,Toor Dal,Grade A,24.9,7155,8375,7734
2023-05-28,Telangana,Ranga Reddy,Ibrahimpatnam APMC,orange,Grade A,304.4,4687,5529,5087
2023-05-28,Telangana,Ranga Reddy,Ibrahimpatnam APMC,Rajma,FAQ (Fair Average Quality),36.5,7759,9480,8659
2023-05-28,Telangana,Ranga Reddy,Chevella APMC,Chana,Local,212.5,4679,5388,4993
2023-05-28,Telangana,Medchal-Malkajgiri,Malkajgiri Mandi,rice,Grade A,99.5,3578,4436,4005
2023-05-28,Telangana,Medchal-Malkajgiri,Kukatpally APMC,coconut,Hybrid,150.3,3033,3577,3290
2023-05-28,Telangana,Medchal-Malkajgiri,Malkajgiri Mandi,banana,Grade A,308.7,1860,2262,2091
2023-05-28,Telangana,Sangareddy,Sadasivpet APMC,pomegranate,Local,178.8,7532,9167,8313
2023-05-28,Telangana,Sangareddy,Zaheerabad APMC,Moth Beans,FAQ (Fair Average Quality),221.2,5543,6995,6234
2023-05-28,Telangana,Sangareddy,Patancheru APMC,coconut,Local,271.7,3203,3638,3377
2023-05-28,Telangana,Siddipet,Siddipet APMC,mango,FAQ (Fair Average Quality),241.8,6717,8040,7345
2023-05-28,Telangana,Siddipet,Vantamamidi APMC,jute,Local,93.9,4076,4930,4504
2023-05-28,Telangana,Siddipet,Gajwel APMC,blackgram,Hybrid,101.4,6609,7701,7197
2023-05-28,Telangana,Vikarabad,Pargi APMC,mango,Grade A,283.9,4407,5556,4933
2023-05-28,Telangana,Vikarabad,Tanduru APMC,Chana,Hybrid,140.1,5554,6493,5994
2023-05-28,Telangana,Vikarabad,Vikarabad APMC,banana,Local,107.0,2801,3345,3100
2023-05-28,Telangana,Nalgonda,Nalgonda APMC,pomegranate,Hybrid,109.0,8820,10727,9798
2023-05-28,Telangana,Nalgonda,Neredcherla APMC,Corn,FAQ (Fair Average Quality),46.1,1830,2095,1976
2023-05-28,Telangana,Nalgonda,Nalgonda APMC,Moth Beans,Local,236.3,7023,8326,7695
2023-05-28,Telangana,Yadadri Bhuvanagiri,Bhongir APMC,lentil,Hybrid,194.1,6887,8072,7459
2023-05-28,Telangana,Yadadri Bhuvanagiri,Bhongir APMC,orange,Hybrid,165.9,3894,4504,4191
2023-05-28,Telangana,Yadadri Bhuvanagiri,Bhongir APMC,banana,Grade A,288.4,2405,2830,2658
2023-05-28,Telangana,Mahbubnagar,Mahbubnagar APMC,grapes,Local,108.3,6342,7888,7151
2023-05-28,Telangana,Mahbubnagar,Mahbubnagar APMC,orange,FAQ (Fair Average Quality),100.1,3630,4148,3868
2023-05-28,Telangana,Mahbubnagar,Mahbubnagar APMC,rice,Hybrid,208.3,2836,3346,3120
2023-05-28,Telangana,Medak,Toopran APMC,pomegranate,FAQ (Fair Average Quality),101.6,8079,10087,9126
2023-05-28,Telangana,Medak,Toopran APMC,blackgram,Grade A,107.9,6044,7083,6514
2023-05-28,Telangana,Medak,Toopran APMC,lentil,FAQ (Fair Average Quality),274.6,6314,7525,6902
2023-06-04,Telangana,Hyderabad,Bowenpally APMC,banana,FAQ (Fair Average Quality),42.3,2828,3196,3025
2023-06-04,Telangana,Hyderabad,Gudimalkapur APMC,apple,Grade A,16.3,8225,10172,9167
2023-06-04,Telangana,Hyderabad,Gaddiannaram APMC,orange,Local,231.2,3346,3945,3598
2023-06-04,Telangana,Ranga Reddy,Ibrahimpatnam APMC,Moth Beans,Grade A,68.6,6035,6993,6488
2023-06-04,Telangana,Ranga Reddy,Ibrahimpatnam APMC,cotton,FAQ (Fair Average Quality),197.4,7300,8289,7792
2023-06-04,Telangana,Ranga Reddy,Ibrahimpatnam APMC,coffee,Local,85.8,12177,14669,13408
2023-06-04,Telangana,Medchal-Malkajgiri,Kukatpally APMC,coffee,Grade A,187.1,11409,13968,12685
2023-06-04,Telangana,Medchal-Malkajgiri,Kukatpally APMC,papaya,Local,102.1,2030,2559,2258
2023-06-04,Telangana,Medchal-Malkajgiri,Kukatpally APMC,banana,FAQ (Fair Average Quality),191.8,2146,2668,2369
2023-06-04,Telangana,Sangareddy,Zaheerabad APMC,apple,Hybrid,173.7,8104,9943,9048
2023-06-04,Telangana,Sangareddy,Sadasivpet APMC,watermelon,Hybrid,172.9,963,1218,1105
2023-06-04,Telangana,Sangareddy,Patancheru APMC,Moong Dal,Local,113.6,6978,7817,7399
2023-06-04,Telangana,Siddipet,Siddipet APMC,Chana,FAQ (Fair Average Quality),275.8,5065,6168,5643
2023-06-04,Telangana,Siddipet,Vantamamidi APMC,blackgram,Grade A,114.7,7437,8891,8183
2023-06-04,Telangana,Siddipet,Vantamamidi APMC,grapes,Grade A,281.2,5174,5918,5517
2023-06-04,Telangana,Vikarabad,Pargi APMC,banana,Grade A,178.4,2072,2376,2228
2023-06-04,Telangana,Vikarabad,Pargi APMC,Moong Dal,Hybrid,271.8,7317,8289,7797
2023-06-04,Telangana,Vikarabad,Vikarabad APMC,cotton,Hybrid,269.6,7164,8954,8026
2023-06-04,Telangana,Nalgonda,Miryalguda APMC,Moong Dal,Grade A,245.3,7523,8876,8223
2023-06-04,Telangana,Nalgonda,Neredcherla APMC,Toor Dal,Grade A,29.8,7502,9568,8532
2023-06-04,Telangana,Nalgonda,Miryalguda APMC,lentil,Grade A,131.6,6449,7569,7031
2023-06-04,Telangana,Yadadri Bhuvanagiri,Aler APMC,Rajma,Local,284.1,7853,9839,8812
2023-06-04,Telangana,Yadadri Bhuvanagiri,Aler APMC,banana,Local,89.1,2596,2900,2763
2023-06-04,Telangana,Yadadri Bhuvanagiri,Bhongir APMC,watermelon,Grade A,210.6,1369,1760,1529
2023-06-04,Telangana,Mahbubnagar,Mahbubnagar APMC,apple,Local,170.2,8954,10103,9543
2023-06-04,Telangana,Mahbubnagar,Badepally APMC,Toor Dal,Grade A,282.6,7804,9432,8654
2023-06-04,Telangana,Mahbubnagar,Badepally APMC,cotton,Local,88.4,7166,8470,7828
2023-06-04,Telangana,Medak,Toopran APMC,orange,Local,221.1,3458,3958,3733
2023-06-04,Telangana,Medak,Medak APMC,cotton,FAQ (Fair Average Quality),231.3,6393,7360,6827
2023-06-04,Telangana,Medak,Medak APMC,papaya,Local,243.0,1139,1277,1221
2023-06-11,Telangana,Hyderabad,Bowenpally APMC,muskmelon,Grade A,217.4,2036,2335,2197
2023-06-11,Telangana,Hyderabad,Bowenpally APMC,coffee,Local,237.5,12497,13985,13289
2023-06-11,Telangana,Hyderabad,Bowenpally APMC,Toor Dal,Hybrid,175.8,6920,8517,7736
2023-06-11,Telangana,Ranga Reddy,Chevella APMC,grapes,FAQ (Fair Average Quality),37.7,4401,5255,4791
2023-06-11,Telangana,Ranga Reddy,Ibrahimpatnam APMC,Rajma,Local,184.8,7818,10100,9005
2023-06-11,Telangana,Ranga Reddy,Shadnagar APMC,Moth Beans,FAQ (Fair Average Quality),162.7,6500,7894,7159
2023-06-11,Telangana,Medchal-Malkajgiri,Malkajgiri Mandi,Chana,FAQ (Fair Average Quality),217.6,5279,6210,5751
2023-06-11,Telangana,Medchal-Malkajgiri,Malkajgiri Mandi,jute,Grade A,139.5,3865,4770,4333
2023-06-11,Telangana,Medchal-Malkajgiri,Kukatpally APMC,Moong Dal,Local,18.3,6510,7800,7113
2023-06-11,Telangana,Sangareddy,Patancheru APMC,Toor Dal,FAQ (Fair Average Quality),55.4,7789,9427,8592
2023-06-11,Telangana,Sangareddy,Sadasivpet APMC,Rajma,Grade A,81.8,8315,10016,9210
2023-06-11,Telangana,Sangareddy,Patancheru APMC,muskmelon,Local,308.5,1399,1731,1542
2023-06-11,Telangana,Siddipet,Vantamamidi APMC,coconut,Hybrid,285.5,3020,3830,3417
2023-06-11,Telangana,Siddipet,Vantamamidi APMC,Moong Dal,Local,214.0,6137,7596,6843
2023-06-11,Telangana,Siddipet,Siddipet APMC,pomegranate,Grade A,56.1,8604,10092,9341
2023-06-11,Telangana,Vikarabad,Vikarabad APMC,coconut,Grade A,281.9,2885,3313,3138
2023-06-11,Telangana,Vikarabad,Pargi APMC,mango,Hybrid,139.0,4927,5568,5291
2023-06-11,Telangana,Vikarabad,Vikarabad APMC,Moong Dal,Grade A,36.7,6877,8047,7459
2023-06-11,Telangana,Nalgonda,Nalgonda APMC,Chana,FAQ (Fair Average Quality),180.9,4431,5640,4994
2023-06-11,Telangana,Nalgonda,Neredcherla APMC,grapes,Grade A,216.9,5880,7397,6601
2023-06-11,Telangana,Nalgonda,Neredcherla APMC,mango,Hybrid,177.2,4727,5323,5074
2023-06-11,Telangana,Yadadri Bhuvanagiri,Bhongir APMC,apple,Hybrid,242.2,11567,13104,12340
2023-06-11,Telangana,Yadadri Bhuvanagiri,Bhongir APMC,Chana,FAQ (Fair Average Quality),288.2,5132,6215,5669
2023-06-11,Telangana,Yadadri Bhuvanagiri,Aler APMC,blackgram,Grade A,36.9,6277,7142,6706
2023-06-11,Telangana,Mahbubnagar,Badepally APMC,Rajma,Grade A,194.2,7455,9235,8326
2023-06-11,Telangana,Mahbubnagar,Badepally APMC,Corn,Local,259.5,2246,2670,2409
2023-06-11,Telangana,Mahbubnagar,Badepally APMC,cotton,Grade A,37.0,7094,8983,8063
2023-06-11,Telangana,Medak,Toopran APMC,jute,Local,74.1,4177,4925,4551
2023-06-11,Telangana,Medak,Toopran APMC,grapes,Local,80.6,4659,5507,5063
2023-06-11,Telangana,Medak,Medak APMC,lentil,FAQ (Fair Average Quality),86.4,5512,6598,6089
2023-06-18,Telangana,Hyderabad,Bowenpally APMC,orange,FAQ (Fair Average Quality),222.0,3692,4758,4274
2023-06-18,Telangana,Hyderabad,Bowenpally APMC,Corn,Local,153.4,2203,2804,2480
2023-06-18,Telangana,Hyderabad,Gaddiannaram APMC,grapes,Local,276.0,5340,6355,5857
2023-06-18,Telangana,Ranga Reddy,Chevella APMC,coconut,Local,191.8,2734,3520,3163
2023-06-18,Telangana,Ranga Reddy,Ibrahimpatnam APMC,muskmelon,FAQ (Fair Average Quality),121.3,1544,1999,1753
2023-06-18,Telangana,Ranga Reddy,Chevella APMC,grapes,Grade A,240.4,4858,5724,5332
2023-06-18,Telangana,Medchal-Malkajgiri,Kukatpally APMC,watermelon,Local,92.5,1290,1591,1434
2023-06-18,Telangana,Medchal-Malkajgiri,Kukatpally APMC,coffee,FAQ (Fair Average Quality),50.4,8309,9779,9037
2023-06-18,Telangana,Medchal-Malkajgiri,Malkajgiri Mandi,muskmelon,Grade A,60.3,2018,2367,2194
2023-06-18,Telangana,Sangareddy,Sadasivpet APMC,Moth Beans,Local,293.1,5793,6970,6391
2023-06-18,Telangana,Sangareddy,Zaheerabad APMC,papaya,Grade A,250.5,1280,1604,1413
2023-06-18,Telangana,Sangareddy,Sadasivpet APMC,watermelon,Local,74.5,926,1150,1030
2023-06-18,Telangana,Siddipet,Gajwel APMC,Toor Dal,Local,116.9,7036,8359,7685
2023-06-18,Telangana,Siddipet,Gajwel APMC,orange,Local,228.1,4718,5505,5106
2023-06-18,Telangana,Siddipet,Siddipet APMC,Corn,Grade A,119.6,1719,1968,1851
2023-06-18,Telangana,Vikarabad,Pargi APMC,muskmelon,Grade A,305.6,1393,1662,1568
2023-06-18,Telangana,Vikarabad,Vikarabad APMC,Rajma,Grade A,256.7,7160,8108,7652
2023-06-18,Telangana,Vikarabad,Pargi APMC,apple,Hybrid,186.3,9948,11849,10937
2023-06-18,Telangana,Nalgonda,Nalgonda APMC,Rajma,Grade A,51.4,8305,9661,8953
2023-06-18,Telangana,Nalgonda,Neredcherla APMC,muskmelon,Hybrid,255.7,1278,1541,1443
2023-06-18,Telangana,Nalgonda,Nalgonda APMC,Moth Beans,Local,195.2,6793,8581,7655
2023-06-18,Telangana,Yadadri Bhuvanagiri,Bhongir APMC,cotton,Grade A,207.4,6765,8324,7592
2023-06-18,Telangana,Yadadri Bhuvanagiri,Bhongir APMC,banana,Local,268.8,2611,3251,2968
2023-06-18,Telangana,Yadadri Bhuvanagiri,Bhongir APMC,jute,Hybrid,204.8,4147,5106,4659
2023-06-18,Telangana,Mahbubnagar,Mahbubnagar APMC,Moong Dal,Hybrid,271.2,7330,8696,8003
2023-06-18,Telangana,Mahbubnagar,Badepally APMC,Corn,Grade A,78.9,2455,2943,2702
2023-06-18,Telangana,Mahbubnagar,Badepally APMC,mango,Hybrid,254.9,5445,6760,6133
2023-06-18,Telangana,Medak,Toopran APMC,Corn,FAQ (Fair Average Quality),63.0,1915,2396,2116
2023-06-18,Telangana,Medak,Medak APMC,grapes,Local,149.3,4523,5301,4870
2023-06-18,Telangana,Medak,Toopran APMC,coffee,Local,270.6,11291,13254,12288
2023-06-25,Telangana,Hyderabad,Gudimalkapur APMC,mango,Local,261.4,6831,8730,7788
2023-06-25,Telangana,Hyderabad,Bowenpally APMC,coffee,Local,236.5,10176,12414,11251
2023-06-25,Telangana,Hyderabad,Gaddiannaram APMC,watermelon,Local,24.6,794,942,906
2023-06-25,Telangana,Ranga Reddy,Chevella APMC,Moong Dal,Grade A,162.1,7095,8812,7917
2023-06-25,Telangana,Ranga Reddy,Shadnagar APMC,Chana,Hybrid,108.4,4637,5503,5079
2023-06-25,Telangana,Ranga Reddy,Shadnagar APMC,lentil,Local,195.9,5896,6735,6267
2023-06-25,Telangana,Medchal-Malkajgiri,Malkajgiri Mandi,mango,FAQ (Fair Average Quality),100.2,6930,8464,7706
2023-06-25,Telangana,Medchal-Malkajgiri,Malkajgiri Mandi,blackgram,Grade A,144.9,5931,7460,6710
2023-06-25,Telangana,Medchal-Malkajgiri,Kukatpally APMC,Corn,FAQ (Fair Average Quality),243.2,1912,2247,2060
2023-06-25,Telangana,Sangareddy,Sadasivpet APMC,muskmelon,Grade A,239.5,1125,1411,1273
2023-06-25,Telangana,Sangareddy,Sadasivpet APMC,pomegranate,Grade A,107.3,8741,10117,9439
2023-06-25,Telangana,Sangareddy,Patancheru APMC,watermelon,Grade A,173.4,954,1185,1110
2023-06-25,Telangana,Siddipet,Siddipet APMC,orange,Hybrid,116.9,3797,4362,4033
2023-06-25,Telangana,Siddipet,Vantamamidi APMC,Rajma,Hybrid,173.1,7361,8961,8155
2023-06-25,Telangana,Siddipet,Siddipet APMC,coffee,Hybrid,104.6,8687,9700,9182
2023-06-25,Telangana,Vikarabad,Tanduru APMC,Toor Dal,Local,234.4,6535,7690,7092
2023-06-25,Telangana,Vikarabad,Pargi APMC,Corn,Hybrid,161.8,1730,1979,1863
2023-06-25,Telangana,Vikarabad,Tanduru APMC,jute,Grade A,214.3,3691,4333,4058
2023-06-25,Telangana,Nalgonda,Neredcherla APMC,jute,FAQ (Fair Average Quality),131.8,3578,4562,4083
2023-06-25,Telangana,Nalgonda,Nalgonda APMC,blackgram,Local,156.7,7029,8805,7909
2023-06-25,Telangana,Nalgonda,Neredcherla APMC,grapes,Local,19.2,6447,7219,6827
2023-06-25,Telangana,Yadadri Bhuvanagiri,Aler APMC,watermelon,Grade A,24.8,1295,1596,1458
2023-06-25,Telangana,Yadadri Bhuvanagiri,Bhongir APMC,Chana,Grade A,214.4,5376,6624,6042
2023-06-25,Telangana,Yadadri Bhuvanagiri,Aler APMC,coconut,Hybrid,154.5,3199,3850,3499
2023-06-25,Telangana,Mahbubnagar,Mahbubnagar APMC,coffee,Local,82.5,9873,12517,11241
2023-06-25,Telangana,Mahbubnagar,Badepally APMC,cotton,FAQ (Fair Average Quality),54.8,6241,7204,6764
2023-06-25,Telangana,Mahbubnagar,Badepally APMC,pomegranate,FAQ (Fair Average Quality),140.9,9568,12207,10892
2023-06-25,Telangana,Medak,Toopran APMC,Corn,FAQ (Fair Average Quality),66.5,2165,2715,2429
2023-06-25,Telangana,Medak,Toopran APMC,blackgram,Grade A,95.1,6506,8272,7417
2023-06-25,Telangana,Medak,Medak APMC,Toor Dal,FAQ (Fair Average Quality),160.0,5993,7618,6833
2023-07-02,Telangana,Hyderabad,Gaddiannaram APMC,Moth Beans,Grade A,283.4,6172,7223,6712
2023-07-02,Telangana,Hyderabad,Gaddiannaram APMC,coffee,Hybrid,54.3,9111,10821,9939
2023-07-02,Telangana,Hyderabad,Bowenpally APMC,banana,Grade A,143.2,1703,2161,1910
2023-07-02,Telangana,Ranga Reddy,Chevella APMC,mango,Local,293.6,4493,5339,4951
2023-07-02,Telangana,Ranga Reddy,Chevella APMC,jute,Hybrid,104.2,3770,4490,4147
2023-07-02,Telangana,Ranga Reddy,Ibrahimpatnam APMC,papaya,Grade A,317.3,1734,2085,1951
2023-07-02,Telangana,Medchal-Malkajgiri,Malkajgiri Mandi,banana,FAQ (Fair Average Quality),242.3,2073,2416,2245
2023-07-02,Telangana,Medchal-Malkajgiri,Malkajgiri Mandi,Toor Dal,Local,33.1,6586,8104,7364
2023-07-02,Telangana,Medchal-Malkajgiri,Malkajgiri Mandi,coconut,Hybrid,274.6,2460,2909,2696
2023-07-02,Telangana,Sangareddy,Patancheru APMC,apple,FAQ (Fair Average Quality),136.3,8546,10098,9363
2023-07-02,Telangana,Sangareddy,Zaheerabad APMC,orange,Grade A,207.7,4365,5109,4725
2023-07-02,Telangana,Sangareddy,Zaheerabad APMC,blackgram,FAQ (Fair Average Quality),161.7,6867,7736,7316
2023-07-02,Telangana,Siddipet,Vantamamidi APMC,Toor Dal,Local,151.6,7588,8992,8319
2023-07-02,Telangana,Siddipet,Vantamamidi APMC,Chana,Local,128.6,5560,6349,5925
2023-07-02,Telangana,Siddipet,Siddipet APMC,blackgram,Local,40.3,6924,8423,7625
2023-07-02,Telangana,Vikarabad,Pargi APMC,coffee,FAQ (Fair Average Quality),238.0,8648,10250,9464
2023-07-02,Telangana,Vikarabad,Vikarabad APMC,apple,Grade A,51.0,11698,14366,13066
2023-07-02,Telangana,Vikarabad,Tanduru APMC,papaya,Grade A,24.9,1944,2358,2161
2023-07-02,Telangana,Nalgonda,Nalgonda APMC,Moong Dal,Local,21.8,6271,7852,7015
2023-07-02,Telangana,Nalgonda,Neredcherla APMC,rice,FAQ (Fair Average Quality),266.3,3468,4114,3790
2023-07-02,Telangana,Nalgonda,Neredcherla APMC,blackgram,Grade A,132.4,7341,8688,7997
2023-07-02,Telangana,Yadadri Bhuvanagiri,Aler APMC,mango,FAQ (Fair Average Quality),87.0,4002,4931,4416
2023-07-02,Telangana,Yadadri Bhuvanagiri,Bhongir APMC,coffee,FAQ (Fair Average Quality),61.6,8256,10617,9449
2023-07-02,Telangana,Yadadri Bhuvanagiri,Bhongir APMC,papaya,Local,300.5,1920,2230,2041
2023-07-02,Telangana,Mahbubnagar,Mahbubnagar APMC,lentil,Local,262.3,7069,8193,7590
2023-07-02,Telangana,Mahbubnagar,Badepally APMC,Rajma,Grade A,126.9,7580,9513,8512
2023-07-02,Telangana,Mahbubnagar,Mahbubnagar APMC,mango,Grade A,298.3,5655,6768,6202
2023-07-02,Telangana,Medak,Toopran APMC,watermelon,Grade A,206.9,1435,1824,1640
2023-07-02,Telangana,Medak,Toopran APMC,jute,FAQ (Fair Average Quality),140.6,4146,5124,4650
2023-07-02,Telangana,Medak,Toopran APMC,blackgram,FAQ (Fair Average Quality),134.2,6622,8205,7425
2023-07-09,Telangana,Hyderabad,Gudimalkapur APMC,pomegranate,Hybrid,173.8,9516,11064,10332
2023-07-09,Telangana,Hyderabad,Gudimalkapur APMC,grapes,FAQ (Fair Average Quality),69.7,5190,6219,5750
2023-07-09,Telangana,Hyderabad,Bowenpally APMC,banana,FAQ (Fair Average Quality),53.9,2566,3151,2818
2023-07-09,Telangana,Ranga Reddy,Shadnagar APMC,orange,Hybrid,76.3,4630,5485,5007
2023-07-09,Telangana,Ranga Reddy,Ibrahimpatnam APMC,lentil,FAQ (Fair Average Quality),210.2,6000,7130,6596
2023-07-09,Telangana,Ranga Reddy,Ibrahimpatnam APMC,banana,Hybrid,39.0,1926,2291,2112
2023-07-09,Telangana,Medchal-Malkajgiri,Malkajgiri Mandi,papaya,Hybrid,117.3,1733,2173,1977
2023-07-09,Telangana,Medchal-Malkajgiri,Kukatpally APMC,grapes,Local,23.1,6342,7478,6950
2023-07-09,Telangana,Medchal-Malkajgiri,Malkajgiri Mandi,rice,Local,157.7,3186,3863,3545
2023-07-09,Telangana,Sangareddy,Zaheerabad APMC,Moong Dal,Local,255.9,6516,7818,7157
2023-07-09,Telangana,Sangareddy,Zaheerabad APMC,Corn,FAQ (Fair Average Quality),136.1,2233,2771,2546
2023-07-09,Telangana,Sangareddy,Sadasivpet APMC,Rajma,Hybrid,84.2,6935,8201,7528
2023-07-09,Telangana,Siddipet,Vantamamidi APMC,muskmelon,Local,276.8,1218,1453,1377
2023-07-09,Telangana,Siddipet,Vantamamidi APMC,banana,Local,123.7,2114,2479,2335
2023-07-09,Telangana,Siddipet,Gajwel APMC,apple,Grade A,174.6,8563,9947,9242
2023-07-09,Telangana,Vikarabad,Tanduru APMC,Moong Dal,Local,308.3,6014,7331,6653
2023-07-09,Telangana,Vikarabad,Pargi APMC,watermelon,Local,141.2,1071,1331,1234
2023-07-09,Telangana,Vikarabad,Pargi APMC,rice,FAQ (Fair Average Quality),194.2,3292,3881,3596
2023-07-09,Telangana,Nalgonda,Miryalguda APMC,Rajma,FAQ (Fair Average Quality),305.8,7237,9100,8176
2023-07-09,Telangana,Nalgonda,Miryalguda APMC,Toor Dal,FAQ (Fair Average Quality),44.2,7245,8534,7844
2023-07-09,Telangana,Nalgonda,Nalgonda APMC,Moth Beans,Grade A,230.0,5311,6857,6092
2023-07-09,Telangana,Yadadri Bhuvanagiri,Bhongir APMC,Chana,Grade A,318.3,5254,5937,5578
2023-07-09,Telangana,Yadadri Bhuvanagiri,Bhongir APMC,coconut,Local,109.3,2547,3285,2916
2023-07-09,Telangana,Yadadri Bhuvanagiri,Aler APMC,pomegranate,Grade A,15.1,9281,11209,10200
2023-07-09,Telangana,Mahbubnagar,Badepally APMC,blackgram,Local,150.5,6341,7850,7052
2023-07-09,Telangana,Mahbubnagar,Mahbubnagar APMC,rice,Local,184.9,2910,3591,3234
2023-07-09,Telangana,Mahbubnagar,Badepally APMC,apple,Local,306.5,9569,11275,10439
2023-07-09,Telangana,Medak,Medak APMC,pomegranate,Grade A,288.7,6309,7843,7077
2023-07-09,Telangana,Medak,Medak APMC,apple,Local,163.8,10868,13130,11990
2023-07-09,Telangana,Medak,Medak APMC,Chana,FAQ (Fair Average Quality),102.5,4544,5505,5067
2023-07-16,Telangana,Hyderabad,Bowenpally APMC,jute,FAQ (Fair Average Quality),219.6,4116,4977,4510
2023-07-16,Telangana,Hyderabad,Gaddiannaram APMC,coconut,Grade A,240.8,3523,4198,3854
2023-07-16,Telangana,Hyderabad,Gaddiannaram APMC,Moong Dal,FAQ (Fair Average Quality),214.9,6160,7567,6877
2023-07-16,Telangana,Ranga Reddy,Ibrahimpatnam APMC,apple,Grade A,272.6,9273,10995,10084
2023-07-16,Telangana,Ranga Reddy,Shadnagar APMC,coconut,FAQ (Fair Average Quality),278.0,2874,3461,3205
2023-07-16,Telangana,Ranga Reddy,Chevella APMC,grapes,Grade A,25.6,6226,7326,6818
2023-07-16,Telangana,Medchal-Malkajgiri,Kukatpally APMC,papaya,Local,140.9,1609,1974,1784
2023-07-16,Telangana,Medchal-Malkajgiri,Malkajgiri Mandi,lentil,Grade A,178.8,6304,7769,6989
2023-07-16,Telangana,Medchal-Malkajgiri,Kukatpally APMC,mango,Hybrid,17.5,6920,8035,7432
2023-07-16,Telangana,Sangareddy,Sadasivpet APMC,lentil,Local,283.9,5810,7461,6595
2023-07-16,Telangana,Sangareddy,Patancheru APMC,Toor Dal,Hybrid,109.4,7210,8467,7873
2023-07-16,Telangana,Sangareddy,Sadasivpet APMC,rice,Hybrid,18.6,3050,3740,3356
2023-07-16,Telangana,Siddipet,Vantamamidi APMC,apple,Grade A,233.8,8258,10032,9154
2023-07-16,Telangana,Siddipet,Gajwel APMC,watermelon,FAQ (Fair Average Quality),266.2,1185,1445,1353
2023-07-16,Telangana,Siddipet,Gajwel APMC,Toor Dal,Hybrid,235.9,6793,8350,7564
2023-07-16,Telangana,Vikarabad,Pargi APMC,rice,FAQ (Fair Average Quality),46.7,3650,4600,4110
2023-07-16,Telangana,Vikarabad,Vikarabad APMC,coffee,Local,67.9,10978,12726,11882
2023-07-16,Telangana,Vikarabad,Vikarabad APMC,Moth Beans,Hybrid,79.0,6695,8143,7431
2023-07-16,Telangana,Nalgonda,Miryalguda APMC,Chana,Hybrid,276.7,4699,5459,5122
2023-07-16,Telangana,Nalgonda,Nalgonda APMC,mango,Local,71.4,3715,4432,4057
2023-07-16,Telangana,Nalgonda,Neredcherla APMC,Corn,Grade A,123.7,1871,2095,2028
2023-07-16,Telangana,Yadadri Bhuvanagiri,Bhongir APMC,watermelon,Grade A,41.6,740,891,844
2023-07-16,Telangana,Yadadri Bhuvanagiri,Aler APMC,orange,Hybrid,110.8,4346,5262,4789
2023-07-16,Telangana,Yadadri Bhuvanagiri,Aler APMC,Toor Dal,FAQ (Fair Average Quality),37.1,7039,9132,8122
2023-07-16,Telangana,Mahbubnagar,Badepally APMC,papaya,Local,238.4,1476,1774,1674
2023-07-16,Telangana,Mahbubnagar,Badepally APMC,Rajma,Hybrid,295.6,7866,9239,8511
2023-07-16,Telangana,Mahbubnagar,Mahbubnagar APMC,Moong Dal,Local,52.9,7126,9143,8161
2023-07-16,Telangana,Medak,Medak APMC,muskmelon,FAQ (Fair Average Quality),128.9,1286,1535,1406
2023-07-16,Telangana,Medak,Medak APMC,rice,Hybrid,112.5,2941,3559,3296
2023-07-16,Telangana,Medak,Toopran APMC,grapes,Grade A,109.8,5703,6840,6309
2023-07-23,Telangana,Hyderabad,Gaddiannaram APMC,banana,Hybrid,145.6,2871,3435,3128
2023-07-23,Telangana,Hyderabad,Gaddiannaram APMC,muskmelon,Grade A,59.0,1542,1756,1693
2023-07-23,Telangana,Hyderabad,Bowenpally APMC,pomegranate,Grade A,26.7,8953,10879,9954
2023-07-23,Telangana,Ranga Reddy,Shadnagar APMC,Chana,Hybrid,110.9,4593,5483,5086
2023-07-23,Telangana,Ranga Reddy,Chevella APMC,grapes,Grade A,316.1,5356,6425,5934
2023-07-23,Telangana,Ranga Reddy,Ibrahimpatnam APMC,rice,Grade A,247.4,3589,4520,4027
2023-07-23,Telangana,Medchal-Malkajgiri,Malkajgiri Mandi,muskmelon,Hybrid,200.4,1193,1432,1354
2023-07-23,Telangana,Medchal-Malkajgiri,Malkajgiri Mandi,Chana,Hybrid,224.6,4754,5967,5395
2023-07-23,Telangana,Medchal-Malkajgiri,Malkajgiri Mandi,cotton,Grade A,154.0,6223,7438,6859
2023-07-23,Telangana,Sangareddy,Sadasivpet APMC,jute,Grade A,118.9,3768,4608,4207
2023-07-23,Telangana,Sangareddy,Patancheru APMC,Moth Beans,Local,102.4,6733,8022,7359
2023-07-23,Telangana,Sangareddy,Zaheerabad APMC,banana,Local,46.7,2635,2956,2814
2023-07-23,Telangana,Siddipet,Gajwel APMC,muskmelon,Grade A,229.2,1214,1384,1329
2023-07-23,Telangana,Siddipet,Siddipet APMC,coffee,Local,154.1,10293,12357,11322
2023-07-23,Telangana,Siddipet,Vantamamidi APMC,cotton,Hybrid,172.6,6916,8252,7559
2023-07-23,Telangana,Vikarabad,Pargi APMC,coconut,Hybrid,285.4,3462,3980,3733
2023-07-23,Telangana,Vikarabad,Vikarabad APMC,mango,Local,174.6,6288,7803,7042
2023-07-23,Telangana,Vikarabad,Vikarabad APMC,orange,FAQ (Fair Average Quality),257.4,4360,5284,4867
2023-07-23,Telangana,Nalgonda,Neredcherla APMC,Moong Dal,Hybrid,113.9,6772,7992,7426
2023-07-23,Telangana,Nalgonda,Nalgonda APMC,orange,FAQ (Fair Average Quality),147.0,4849,6127,5502
2023-07-23,Telangana,Nalgonda,Miryalguda APMC,banana,Local,155.6,2485,2896,2686
2023-07-23,Telangana,Yadadri Bhuvanagiri,Bhongir APMC,Chana,Hybrid,216.6,4584,5661,5114
2023-07-23,Telangana,Yadadri Bhuvanagiri,Aler APMC,jute,Grade A,24.6,4662,5506,5102
2023-07-23,Telangana,Yadadri Bhuvanagiri,Bhongir APMC,Toor Dal,Grade A,181.0,6929,8277,7554
2023-07-23,Telangana,Mahbubnagar,Badepally APMC,Moong Dal,Hybrid,275.5,7039,8646,7833
2023-07-23,Telangana,Mahbubnagar,Badepally APMC,Chana,Grade A,24.2,4325,5236,4734
2023-07-23,Telangana,Mahbubnagar,Mahbubnagar APMC,blackgram,FAQ (Fair Average Quality),195.0,7009,8341,7714
2023-07-23,Telangana,Medak,Medak APMC,watermelon,Local,272.2,1236,1378,1308
2023-07-23,Telangana,Medak,Medak APMC,Moong Dal,Hybrid,61.7,6146,7791,6969
2023-07-23,Telangana,Medak,Toopran APMC,Rajma,Local,281.9,7649,8847,8211
2023-07-30,Telangana,Hyderabad,Gudimalkapur APMC,blackgram,Grade A,43.4,7374,8866,8113
2023-07-30,Telangana,Hyderabad,Gaddiannaram APMC,Corn,Grade A,167.9,2110,2654,2350
2023-07-30,Telangana,Hyderabad,Gaddiannaram APMC,Moong Dal,Hybrid,52.4,7326,9078,8154
2023-07-30,Telangana,Ranga Reddy,Shadnagar APMC,lentil,Hybrid,208.2,5853,7076,6473
2023-07-30,Telangana,Ranga Reddy,Chevella APMC,rice,FAQ (Fair Average Quality),66.6,3212,3861,3523
2023-07-30,Telangana,Ranga Reddy,Shadnagar APMC,papaya,Grade A,115.9,1432,1729,1532
2023-07-30,Telangana,Medchal-Malkajgiri,Malkajgiri Mandi,Chana,Grade A,171.6,4471,5366,4960
2023-07-30,Telangana,Medchal-Malkajgiri,Kukatpally APMC,grapes,Grade A,201.3,5820,6981,6378
2023-07-30,Telangana,Medchal-Malkajgiri,Malkajgiri Mandi,rice,Grade A,190.0,3498,4288,3924
2023-07-30,Telangana,Sangareddy,Sadasivpet APMC,orange,FAQ (Fair Average Quality),184.3,3665,4425,4005
2023-07-30,Telangana,Sangareddy,Zaheerabad APMC,banana,Grade A,304.0,2411,3073,2772
2023-07-30,Telangana,Sangareddy,Patancheru APMC,jute,FAQ (Fair Average Quality),316.7,4311,5486,4913
2023-07-30,Telangana,Siddipet,Gajwel APMC,coffee,FAQ (Fair Average Quality),319.5,8765,10447,9603
2023-07-30,Telangana,Siddipet,Gajwel APMC,jute,Local,84.7,3990,4504,4286
2023-07-30,Telangana,Siddipet,Vantamamidi APMC,papaya,Local,64.6,2210,2620,2423
2023-07-30,Telangana,Vikarabad,Vikarabad APMC,rice,Hybrid,315.9,3376,3939,3633
2023-07-30,Telangana,Vikarabad,Vikarabad APMC,papaya,Local,96.1,1929,2486,2236
2023-07-30,Telangana,Vikarabad,Pargi APMC,lentil,Hybrid,86.8,6164,7718,6985
2023-07-30,Telangana,Nalgonda,Nalgonda APMC,Corn,Grade A,48.7,1992,2262,2125
2023-07-30,Telangana,Nalgonda,Miryalguda APMC,watermelon,Grade A,175.9,1180,1438,1352
2023-07-30,Telangana,Nalgonda,Miryalguda APMC,jute,FAQ (Fair Average Quality),137.5,4614,5731,5153
2023-07-30,Telangana,Yadadri Bhuvanagiri,Bhongir APMC,grapes,Hybrid,56.1,5793,7524,6633
2023-07-30,Telangana,Yadadri Bhuvanagiri,Aler APMC,orange,Grade A,148.6,3532,4312,3893
2023-07-30,Telangana,Yadadri Bhuvanagiri,Aler APMC,watermelon,Grade A,108.0,944,1144,1014
2023-07-30,Telangana,Mahbubnagar,Badepally APMC,banana,Grade A,283.5,2813,3402,3063
2023-07-30,Telangana,Mahbubnagar,Badepally APMC,grapes,Hybrid,17.4,4330,5262,4755
2023-07-30,Telangana,Mahbubnagar,Mahbubnagar APMC,Corn,FAQ (Fair Average Quality),146.9,2066,2350,2228
2023-07-30,Telangana,Medak,Toopran APMC,lentil,Hybrid,69.7,6404,7456,6917
2023-07-30,Telangana,Medak,Toopran APMC,coffee,Hybrid,177.4,8854,10152,9495
2023-07-30,Telangana,Medak,Medak APMC,coconut,Hybrid,234.7,2424,2909,2644
2023-08-06,Telangana,Hyderabad,Gaddiannaram APMC,watermelon,Grade A,25.3,991,1211,1059
2023-08-06,Telangana,Hyderabad,Gaddiannaram APMC,Chana,Local,158.1,5169,6234,5742
2023-08-06,Telangana,Hyderabad,Gudimalkapur APMC,papaya,Grade A,50.3,2104,2615,2327
2023-08-06,Telangana,Ranga Reddy,Ibrahimpatnam APMC,coffee,Local,137.7,9856,11535,10659
2023-08-06,Telangana,Ranga Reddy,Chevella APMC,Moong Dal,FAQ (Fair Average Quality),232.5,6064,7468,6737
2023-08-06,Telangana,Ranga Reddy,Chevella APMC,Moth Beans,Local,138.6,6457,7836,7180
2023-08-06,Telangana,Medchal-Malkajgiri,Malkajgiri Mandi,jute,Local,20.8,4268,5160,4739
2023-08-06,Telangana,Medchal-Malkajgiri,Kukatpally APMC,orange,Grade A,251.1,3935,4826,4370
2023-08-06,Telangana,Medchal-Malkajgiri,Malkajgiri Mandi,Moong Dal,Grade A,90.1,6585,8273,7423
2023-08-06,Telangana,Sangareddy,Zaheerabad APMC,jute,Local,227.1,4157,5015,4599
2023-08-06,Telangana,Sangareddy,Sadasivpet APMC,Rajma,Hybrid,295.1,8172,9714,8895
2023-08-06,Telangana,Sangareddy,Zaheerabad APMC,cotton,FAQ (Fair Average Quality),113.1,6245,7139,6681
2023-08-06,Telangana,Siddipet,Vantamamidi APMC,coffee,Hybrid,108.2,11186,12910,12085
2023-08-06,Telangana,Siddipet,Siddipet APMC,jute,Hybrid,191.2,3619,4530,4116
2023-08-06,Telangana,Siddipet,Siddipet APMC,coconut,Local,144.6,2806,3298,3022
2023-08-06,Telangana,Vikarabad,Pargi APMC,orange,FAQ (Fair Average Quality),183.4,4439,5543,4966
2023-08-06,Telangana,Vikarabad,Vikarabad APMC,coconut,FAQ (Fair Average Quality),219.9,3060,3686,3374
2023-08-06,Telangana,Vikarabad,Vikarabad APMC,Toor Dal,Local,167.5,5924,6974,6408
2023-08-06,Telangana,Nalgonda,Miryalguda APMC,banana,Hybrid,309.7,1727,1989,1876
2023-08-06,Telangana,Nalgonda,Miryalguda APMC,mango,Hybrid,243.2,3799,4682,4264
2023-08-06,Telangana,Nalgonda,Nalgonda APMC,coffee,Local,20.6,11805,14564,13176
2023-08-06,Telangana,Yadadri Bhuvanagiri,Aler APMC,rice,Grade A,190.5,3061,3654,3315
2023-08-06,Telangana,Yadadri Bhuvanagiri,Bhongir APMC,grapes,FAQ (Fair Average Quality),284.8,5013,6009,5475
2023-08-06,Telangana,Yadadri Bhuvanagiri,Bhongir APMC,banana,Grade A,160.4,2126,2617,2419
2023-08-06,Telangana,Mahbubnagar,Mahbubnagar APMC,coffee,Hybrid,172.8,12228,14699,13496
2023-08-06,Telangana,Mahbubnagar,Mahbubnagar APMC,Chana,Grade A,141.5,4671,5676,5127
2023-08-06,Telangana,Mahbubnagar,Mahbubnagar APMC,Moth Beans,Local,108.1,6458,7679,7095
2023-08-06,Telangana,Medak,Toopran APMC,watermelon,Grade A,318.3,811,987,864
2023-08-06,Telangana,Medak,Medak APMC,Moth Beans,Grade A,126.1,6811,8231,7486
2023-08-06,Telangana,Medak,Toopran APMC,muskmelon,Grade A,51.3,1687,1908,1768
2023-08-13,Telangana,Hyderabad,Gudimalkapur APMC,jute,Hybrid,280.2,4279,5284,4768
2023-08-13,Telangana,Hyderabad,Gudimalkapur APMC,papaya,Grade A,185.7,1849,2262,2037
2023-08-13,Telangana,Hyderabad,Gudimalkapur APMC,Moth Beans,Grade A,117.2,6010,6799,6367
2023-08-13,Telangana,Ranga Reddy,Chevella APMC,Toor Dal,Hybrid,286.8,6108,7652,6842
2023-08-13,Telangana,Ranga Reddy,Chevella APMC,Chana,FAQ (Fair Average Quality),262.6,5289,6323,5811
2023-08-13,Telangana,Ranga Reddy,Ibrahimpatnam APMC,cotton,Grade A,268.4,6903,8064,7458
2023-08-13,Telangana,Medchal-Malkajgiri,Kukatpally APMC,apple,Hybrid,127.0,10161,11413,10753
2023-08-13,Telangana,Medchal-Malkajgiri,Kukatpally APMC,orange,Hybrid,174.2,4341,5488,4903
2023-08-13,Telangana,Medchal-Malkajgiri,Kukatpally APMC,Corn,Hybrid,269.7,1864,2258,2011
2023-08-13,Telangana,Sangareddy,Zaheerabad APMC,banana,Hybrid,122.8,1875,2288,2077
2023-08-13,Telangana,Sangareddy,Zaheerabad APMC,Chana,Grade A,259.5,4680,5817,5258
2023-08-13,Telangana,Sangareddy,Patancheru APMC,Corn,Grade A,276.5,2323,2792,2512
2023-08-13,Telangana,Siddipet,Siddipet APMC,coffee,FAQ (Fair Average Quality),217.9,12932,15184,14091
2023-08-13,Telangana,Siddipet,Siddipet APMC,blackgram,FAQ (Fair Average Quality),161.2,6974,8196,7566
2023-08-13,Telangana,Siddipet,Vantamamidi APMC,lentil,Grade A,304.1,6521,7620,7113
2023-08-13,Telangana,Vikarabad,Pargi APMC,banana,Grade A,205.5,2139,2452,2255
2023-08-13,Telangana,Vikarabad,Pargi APMC,mango,Grade A,69.0,6946,8752,7808
2023-08-13,Telangana,Vikarabad,Vikarabad APMC,pomegranate,Grade A,293.2,9259,11814,10501
2023-08-13,Telangana,Nalgonda,Miryalguda APMC,lentil,FAQ (Fair Average Quality),284.9,6588,8110,7378
2023-08-13,Telangana,Nalgonda,Neredcherla APMC,watermelon,Local,175.7,1410,1638,1527
2023-08-13,Telangana,Nalgonda,Miryalguda APMC,Moong Dal,Local,153.1,6429,7491,6988
2023-08-13,Telangana,Yadadri Bhuvanagiri,Bhongir APMC,watermelon,Local,234.3,973,1168,1098
2023-08-13,Telangana,Yadadri Bhuvanagiri,Bhongir APMC,rice,Hybrid,84.2,3628,4258,3954
2023-08-13,Telangana,Yadadri Bhuvanagiri,Aler APMC,blackgram,FAQ (Fair Average Quality),131.8,6149,7701,6926
2023-08-13,Telangana,Mahbubnagar,Badepally APMC,Toor Dal,Hybrid,165.1,7457,8752,8068
2023-08-13,Telangana,Mahbubnagar,Mahbubnagar APMC,grapes,Hybrid,43.7,4917,5967,5450
2023-08-13,Telangana,Mahbubnagar,Mahbubnagar APMC,banana,Grade A,234.2,2705,3187,2981
2023-08-13,Telangana,Medak,Medak APMC,Toor Dal,Grade A,279.7,7094,8821,7961
2023-08-13,Telangana,Medak,Medak APMC,Chana,Local,275.7,5221,6304,5738
2023-08-13,Telangana,Medak,Toopran APMC,papaya,Grade A,164.4,1339,1610,1475
2023-08-20,Telangana,Hyderabad,Gudimalkapur APMC,Toor Dal,Local,88.9,6125,7454,6815
2023-08-20,Telangana,Hyderabad,Gaddiannaram APMC,banana,FAQ (Fair Average Quality),206.1,2052,2502,2301
2023-08-20,Telangana,Hyderabad,Gudimalkapur APMC,cotton,FAQ (Fair Average Quality),165.9,6939,8129,7522
2023-08-20,Telangana,Ranga Reddy,Chevella APMC,orange,FAQ (Fair Average Quality),308.4,4135,5246,4708
2023-08-20,Telangana,Ranga Reddy,Chevella APMC,watermelon,Grade A,312.7,958,1130,1045
2023-08-20,Telangana,Ranga Reddy,Ibrahimpatnam APMC,pomegranate,FAQ (Fair Average Quality),254.1,8597,10387,9503
2023-08-20,Telangana,Medchal-Malkajgiri,Kukatpally APMC,Rajma,Grade A,212.5,8058,9529,8769
2023-08-20,Telangana,Medchal-Malkajgiri,Kukatpally APMC,banana,Hybrid,142.8,2065,2528,2263
2023-08-20,Telangana,Medchal-Malkajgiri,Kukatpally APMC,apple,FAQ (Fair Average Quality),236.5,7577,9274,8410
2023-08-20,Telangana,Sangareddy,Patancheru APMC,Moth Beans,FAQ (Fair Average Quality),42.0,5574,6882,6247
2023-08-20,Telangana,Sangareddy,Sadasivpet APMC,Moong Dal,Local,132.2,6101,7497,6842
2023-08-20,Telangana,Sangareddy,Zaheerabad APMC,banana,FAQ (Fair Average Quality),193.2,1985,2559,2247
2023-08-20,Telangana,Siddipet,Gajwel APMC,coconut,FAQ (Fair Average Quality),124.5,2764,3327,3011
2023-08-20,Telangana,Siddipet,Siddipet APMC,mango,Hybrid,127.2,5490,6586,6054
2023-08-20,Telangana,Siddipet,Siddipet APMC,Corn,Hybrid,16.3,1969,2413,2184
2023-08-20,Telangana,Vikarabad,Tanduru APMC,Moong Dal,Local,88.9,6875,7644,7268
2023-08-20,Telangana,Vikarabad,Pargi APMC,coconut,Local,42.1,3063,3649,3318
2023-08-20,Telangana,Vikarabad,Pargi APMC,Moth Beans,FAQ (Fair Average Quality),142.2,5439,6975,6170
2023-08-20,Telangana,Nalgonda,Miryalguda APMC,banana,Hybrid,241.2,2433,2846,2656
2023-08-20,Telangana,Nalgonda,Nalgonda APMC,jute,Grade A,264.7,4068,4859,4422
2023-08-20,Telangana,Nalgonda,Nalgonda APMC,Toor Dal,Grade A,184.3,7321,8305,7859
2023-08-20,Telangana,Yadadri Bhuvanagiri,Bhongir APMC,Moong Dal,Grade A,287.4,6618,8039,7321
2023-08-20,Telangana,Yadadri Bhuvanagiri,Bhongir APMC,apple,FAQ (Fair Average Quality),116.6,10301,11838,11092
2023-08-20,Telangana,Yadadri Bhuvanagiri,Bhongir APMC,Toor Dal,Grade A,310.6,6862,8242,7598
2023-08-20,Telangana,Mahbubnagar,Badepally APMC,Chana,Grade A,198.3,4486,5268,4861
2023-08-20,Telangana,Mahbubnagar,Mahbubnagar APMC,jute,Local,270.5,4576,5691,5086
2023-08-20,Telangana,Mahbubnagar,Mahbubnagar APMC,Moth Beans,FAQ (Fair Average Quality),291.9,7322,8610,7944
2023-08-20,Telangana,Medak,Toopran APMC,coconut,Grade A,263.4,2327,2943,2594
2023-08-20,Telangana,Medak,Toopran APMC,mango,Hybrid,169.0,6430,7450,6952
2023-08-20,Telangana,Medak,Toopran APMC,Toor Dal,Local,127.5,6693,8370,7483
2023-08-27,Telangana,Hyderabad,Bowenpally APMC,mango,FAQ (Fair Average Quality),40.1,5597,6793,6187
2023-08-27,Telangana,Hyderabad,Bowenpally APMC,coconut,FAQ (Fair Average Quality),113.2,2519,3037,2740
2023-08-27,Telangana,Hyderabad,Gudimalkapur APMC,Toor Dal,FAQ (Fair Average Quality),201.7,6549,7768,7110
2023-08-27,Telangana,Ranga Reddy,Shadnagar APMC,papaya,Local,185.1,1893,2249,2076
2023-08-27,Telangana,Ranga Reddy,Ibrahimpatnam APMC,apple,Grade A,317.6,9974,11841,10862
2023-08-27,Telangana,Ranga Reddy,Chevella APMC,mango,Local,232.8,6162,7315,6699
2023-08-27,Telangana,Medchal-Malkajgiri,Kukatpally APMC,coconut,Local,165.8,2556,3221,2860
2023-08-27,Telangana,Medchal-Malkajgiri,Kukatpally APMC,pomegranate,Local,53.8,8986,10760,9884
2023-08-27,Telangana,Medchal-Malkajgiri,Kukatpally APMC,grapes,FAQ (Fair Average Quality),21.1,5383,6234,5791
2023-08-27,Telangana,Sangareddy,Zaheerabad APMC,rice,Grade A,18.0,3218,4070,3666
2023-08-27,Telangana,Sangareddy,Patancheru APMC,orange,Local,259.8,3954,4801,4425
2023-08-27,Telangana,Sangareddy,Sadasivpet APMC,jute,Hybrid,92.5,3917,4727,4329
2023-08-27,Telangana,Siddipet,Vantamamidi APMC,mango,Local,298.4,4733,5804,5274
2023-08-27,Telangana,Siddipet,Siddipet APMC,banana,Local,290.3,2658,3203,2967
2023-08-27,Telangana,Siddipet,Vantamamidi APMC,orange,FAQ (Fair Average Quality),164.1,4532,5639,5098
2023-08-27,Telangana,Vikarabad,Tanduru APMC,blackgram,Grade A,158.4,6613,7813,7203
2023-08-27,Telangana,Vikarabad,Tanduru APMC,orange,Hybrid,272.6,4962,6118,5563
2023-08-27,Telangana,Vikarabad,Vikarabad APMC,pomegranate,Grade A,179.3,7726,8950,8366
2023-08-27,Telangana,Nalgonda,Neredcherla APMC,papaya,FAQ (Fair Average Quality),72.4,1797,2211,1997
2023-08-27,Telangana,Nalgonda,Neredcherla APMC,Toor Dal,Hybrid,297.0,6875,8469,7707
2023-08-27,Telangana,Nalgonda,Nalgonda APMC,muskmelon,Hybrid,89.2,1129,1430,1316
2023-08-27,Telangana,Yadadri Bhuvanagiri,Aler APMC,Moth Beans,Grade A,237.0,6527,7883,7188
2023-08-27,Telangana,Yadadri Bhuvanagiri,Aler APMC,papaya,Grade A,288.9,1470,1833,1650
2023-08-27,Telangana,Yadadri Bhuvanagiri,Aler APMC,banana,Hybrid,88.9,2783,3308,3073
2023-08-27,Telangana,Mahbubnagar,Badepally APMC,apple,Local,74.5,8315,9468,8857
2023-08-27,Telangana,Mahbubnagar,Mahbubnagar APMC,Moth Beans,FAQ (Fair Average Quality),152.7,5598,7132,6370
2023-08-27,Telangana,Mahbubnagar,Badepally APMC,lentil,Hybrid,19.7,5909,6723,6286
2023-08-27,Telangana,Medak,Medak APMC,Corn,Grade A,83.6,1731,2040,1860
2023-08-27,Telangana,Medak,Toopran APMC,mango,Local,286.1,5375,6327,5876
2023-08-27,Telangana,Medak,Toopran APMC,blackgram,Hybrid,76.8,6219,7083,6644
2023-09-03,Telangana,Hyderabad,Gaddiannaram APMC,jute,Local,247.9,4635,5594,5123
2023-09-03,Telangana,Hyderabad,Bowenpally APMC,coffee,Hybrid,196.5,11259,12675,11926
2023-09-03,Telangana,Hyderabad,Gaddiannaram APMC,muskmelon,Hybrid,179.5,1568,1893,1717
2023-09-03,Telangana,Ranga Reddy,Ibrahimpatnam APMC,apple,Hybrid,84.8,7194,8546,7838
2023-09-03,Telangana,Ranga Reddy,Shadnagar APMC,rice,FAQ (Fair Average Quality),309.8,3328,3882,3570
2023-09-03,Telangana,Ranga Reddy,Chevella APMC,muskmelon,FAQ (Fair Average Quality),275.7,1449,1800,1645
2023-09-03,Telangana,Medchal-Malkajgiri,Malkajgiri Mandi,Rajma,FAQ (Fair Average Quality),50.4,8115,10073,9060
2023-09-03,Telangana,Medchal-Malkajgiri,Malkajgiri Mandi,Moth Beans,Local,244.8,6855,8873,7831
2023-09-03,Telangana,Medchal-Malkajgiri,Malkajgiri Mandi,mango,Grade A,317.0,6072,7467,6799
2023-09-03,Telangana,Sangareddy,Patancheru APMC,rice,Hybrid,225.7,2780,3565,3151
2023-09-03,Telangana,Sangareddy,Sadasivpet APMC,banana,Hybrid,80.9,2450,2828,2662
2023-09-03,Telangana,Sangareddy,Sadasivpet APMC,cotton,FAQ (Fair Average Quality),255.9,7334,8751,8033
2023-09-03,Telangana,Siddipet,Vantamamidi APMC,orange,Grade A,196.4,4230,5014,4573
2023-09-03,Telangana,Siddipet,Siddipet APMC,coconut,FAQ (Fair Average Quality),296.6,3270,3757,3497
2023-09-03,Telangana,Siddipet,Gajwel APMC,apple,Hybrid,105.5,9668,11674,10675
2023-09-03,Telangana,Vikarabad,Vikarabad APMC,papaya,Hybrid,250.3,2001,2289,2156
2023-09-03,Telangana,Vikarabad,Tanduru APMC,watermelon,Grade A,138.1,786,1019,852
2023-09-03,Telangana,Vikarabad,Pargi APMC,coconut,Hybrid,163.0,3222,3708,3419
2023-09-03,Telangana,Nalgonda,Miryalguda APMC,muskmelon,Local,80.2,1829,2213,2065
2023-09-03,Telangana,Nalgonda,Neredcherla APMC,apple,FAQ (Fair Average Quality),36.4,9628,11438,10487
2023-09-03,Telangana,Nalgonda,Miryalguda APMC,Toor Dal,FAQ (Fair Average Quality),297.6,7380,9076,8249
2023-09-03,Telangana,Yadadri Bhuvanagiri,Aler APMC,papaya,Local,299.0,1867,2324,2073
2023-09-03,Telangana,Yadadri Bhuvanagiri,Aler APMC,jute,Local,155.4,3856,4374,4131
2023-09-03,Telangana,Yadadri Bhuvanagiri,Aler APMC,mango,Grade A,19.7,7107,8250,7634
2023-09-03,Telangana,Mahbubnagar,Badepally APMC,lentil,Grade A,249.1,6055,7281,6625
2023-09-03,Telangana,Mahbubnagar,Badepally APMC,pomegranate,Local,152.0,8701,10623,9685
2023-09-03,Telangana,Mahbubnagar,Badepally APMC,Chana,FAQ (Fair Average Quality),42.1,4352,5096,4744
2023-09-03,Telangana,Medak,Medak APMC,grapes,Hybrid,149.8,5968,7320,6606
2023-09-03,Telangana,Medak,Toopran APMC,watermelon,Local,47.1,1412,1775,1640
2023-09-03,Telangana,Medak,Medak APMC,coconut,Grade A,116.4,2593,3094,2806
2023-09-10,Telangana,Hyderabad,Gudimalkapur APMC,Corn,Hybrid,24.3,1972,2360,2148
2023-09-10,Telangana,Hyderabad,Bowenpally APMC,rice,Grade A,300.3,3105,3770,3482
2023-09-10,Telangana,Hyderabad,Bowenpally APMC,grapes,Local,25.6,5988,7279,6642
2023-09-10,Telangana,Ranga Reddy,Chevella APMC,Toor Dal,Hybrid,302.3,6631,8264,7466
2023-09-10,Telangana,Ranga Reddy,Shadnagar APMC,coconut,Hybrid,158.1,2327,2921,2622
2023-09-10,Telangana,Ranga Reddy,Chevella APMC,apple,Hybrid,240.6,10674,11951,11281
2023-09-10,Telangana,Medchal-Malkajgiri,Malkajgiri Mandi,cotton,Hybrid,41.2,7231,8756,8021
2023-09-10,Telangana,Medchal-Malkajgiri,Kukatpally APMC,orange,Local,184.1,3438,4165,3792
2023-09-10,Telangana,Medchal-Malkajgiri,Kukatpally APMC,watermelon,FAQ (Fair Average Quality),235.8,1284,1525,1431
2023-09-10,Telangana,Sangareddy,Zaheerabad APMC,Corn,Grade A,200.0,2276,2764,2474
2023-09-10,Telangana,Sangareddy,Zaheerabad APMC,papaya,Hybrid,84.6,1434,1781,1612
2023-09-10,Telangana,Sangareddy,Sadasivpet APMC,Chana,Grade A,216.6,5059,5689,5405
2023-09-10,Telangana,Siddipet,Gajwel APMC,lentil,FAQ (Fair Average Quality),48.7,6009,7150,6593
2023-09-10,Telangana,Siddipet,Vantamamidi APMC,Toor Dal,Local,180.9,6356,7898,7087
2023-09-10,Telangana,Siddipet,Vantamamidi APMC,papaya,Hybrid,218.9,2095,2539,2349
2023-09-10,Telangana,Vikarabad,Tanduru APMC,Corn,Hybrid,148.7,2274,2679,2484
2023-09-10,Telangana,Vikarabad,Vikarabad APMC,Rajma,Grade A,283.9,7902,9561,8734
2023-09-10,Telangana,Vikarabad,Vikarabad APMC,Chana,FAQ (Fair Average Quality),106.5,5172,6456,5790
2023-09-10,Telangana,Nalgonda,Miryalguda APMC,rice,Local,92.5,3756,4592,4146
2023-09-10,Telangana,Nalgonda,Neredcherla APMC,Toor Dal,Local,121.0,6811,8551,7695
2023-09-10,Telangana,Nalgonda,Nalgonda APMC,jute,Grade A,101.1,4469,5166,4830
2023-09-10,Telangana,Yadadri Bhuvanagiri,Aler APMC,Moth Beans,FAQ (Fair Average Quality),208.9,5920,7671,6778
2023-09-10,Telangana,Yadadri Bhuvanagiri,Bhongir APMC,Moong Dal,FAQ (Fair Average Quality),57.8,6990,8948,7919
2023-09-10,Telangana,Yadadri Bhuvanagiri,Bhongir APMC,coconut,Grade A,110.4,2545,3098,2860
2023-09-10,Telangana,Mahbubnagar,Mahbubnagar APMC,cotton,Grade A,53.8,6535,8011,7282
2023-09-10,Telangana,Mahbubnagar,Badepally APMC,watermelon,FAQ (Fair Average Quality),20.3,841,1000,951
2023-09-10,Telangana,Mahbubnagar,Badepally APMC,Corn,Hybrid,185.2,1961,2454,2189
2023-09-10,Telangana,Medak,Medak APMC,mango,Local,121.7,5479,6647,6065
2023-09-10,Telangana,Medak,Medak APMC,lentil,Grade A,18.3,7025,8612,7833
2023-09-10,Telangana,Medak,Toopran APMC,coconut,Hybrid,92.4,2462,2839,2622
2023-09-17,Telangana,Hyderabad,Gudimalkapur APMC,pomegranate,Hybrid,221.0,9063,10539,9791
2023-09-17,Telangana,Hyderabad,Bowenpally APMC,coffee,Grade A,96.3,10310,12806,11592
2023-09-17,Telangana,Hyderabad,Bowenpally APMC,orange,Hybrid,39.3,5036,5872,5405
2023-09-17,Telangana,Ranga Reddy,Chevella APMC,banana,Local,268.7,2706,3180,2980
2023-09-17,Telangana,Ranga Reddy,Shadnagar APMC,mango,FAQ (Fair Average Quality),68.2,5736,6697,6215
2023-09-17,Telangana,Ranga Reddy,Chevella APMC,Chana,FAQ (Fair Average Quality),126.1,4714,5963,5355
2023-09-17,Telangana,Medchal-Malkajgiri,Kukatpally APMC,banana,Local,236.5,2428,2837,2662
2023-09-17,Telangana,Medchal-Malkajgiri,Malkajgiri Mandi,Rajma,Local,185.1,7110,8741,7889
2023-09-17,Telangana,Medchal-Malkajgiri,Kukatpally APMC,blackgram,Grade A,137.3,7419,8799,8149
2023-09-17,Telangana,Sangareddy,Sadasivpet APMC,Moong Dal,Hybrid,164.0,7064,8565,7796
2023-09-17,Telangana,Sangareddy,Sadasivpet APMC,orange,FAQ (Fair Average Quality),125.2,3335,4192,3750
2023-09-17,Telangana,Sangareddy,Patancheru APMC,Rajma,Grade A,259.0,7976,9388,8667
2023-09-17,Telangana,Siddipet,Siddipet APMC,coffee,Grade A,211.8,9745,11943,10797
2023-09-17,Telangana,Siddipet,Vantamamidi APMC,Chana,Grade A,46.1,4483,5465,4959
2023-09-17,Telangana,Siddipet,Siddipet APMC,mango,FAQ (Fair Average Quality),303.2,6498,8014,7210
2023-09-17,Telangana,Vikarabad,Pargi APMC,banana,FAQ (Fair Average Quality),16.2,2823,3392,3098
2023-09-17,Telangana,Vikarabad,Vikarabad APMC,jute,FAQ (Fair Average Quality),235.9,4729,5463,5116
2023-09-17,Telangana,Vikarabad,Vikarabad APMC,Chana,FAQ (Fair Average Quality),189.4,5098,6381,5738
2023-09-17,Telangana,Nalgonda,Nalgonda APMC,mango,Local,54.4,3158,3937,3512
2023-09-17,Telangana,Nalgonda,Miryalguda APMC,muskmelon,FAQ (Fair Average Quality),208.9,1477,1716,1572
2023-09-17,Telangana,Nalgonda,Neredcherla APMC,apple,Hybrid,275.9,7762,9577,8624
2023-09-17,Telangana,Yadadri Bhuvanagiri,Aler APMC,watermelon,Grade A,131.2,1386,1744,1576
2023-09-17,Telangana,Yadadri Bhuvanagiri,Aler APMC,cotton,Local,315.8,6821,8280,7500
2023-09-17,Telangana,Yadadri Bhuvanagiri,Aler APMC,mango,Grade A,137.9,7248,8385,7839
2023-09-17,Telangana,Mahbubnagar,Badepally APMC,lentil,Hybrid,305.1,5772,7064,6419
2023-09-17,Telangana,Mahbubnagar,Badepally APMC,banana,Local,136.0,1783,2150,1932
2023-09-17,Telangana,Mahbubnagar,Mahbubnagar APMC,blackgram,Hybrid,126.1,6081,7498,6836
2023-09-17,Telangana,Medak,Medak APMC,coconut,FAQ (Fair Average Quality),47.5,2465,2957,2731
2023-09-17,Telangana,Medak,Medak APMC,muskmelon,FAQ (Fair Average Quality),319.0,1443,1738,1543
2023-09-17,Telangana,Medak,Medak APMC,apple,Local,225.3,8152,9591,8848
2023-09-24,Telangana,Hyderabad,Bowenpally APMC,watermelon,FAQ (Fair Average Quality),231.6,998,1169,1043
2023-09-24,Telangana,Hyderabad,Gaddiannaram APMC,Moth Beans,Local,98.7,6140,7362,6704
2023-09-24,Telangana,Hyderabad,Bowenpally APMC,lentil,Local,148.6,6568,7617,7101
2023-09-24,Telangana,Ranga Reddy,Chevella APMC,lentil,FAQ (Fair Average Quality),49.1,6771,7885,7300
2023-09-24,Telangana,Ranga Reddy,Shadnagar APMC,Chana,FAQ (Fair Average Quality),93.4,5432,6430,5915
2023-09-24,Telangana,Ranga Reddy,Chevella APMC,watermelon,FAQ (Fair Average Quality),309.2,1152,1373,1226
2023-09-24,Telangana,Medchal-Malkajgiri,Malkajgiri Mandi,Chana,Local,264.6,5260,6246,5775
2023-09-24,Telangana,Medchal-Malkajgiri,Kukatpally APMC,coffee,Grade A,281.0,9347,11128,10283
2023-09-24,Telangana,Medchal-Malkajgiri,Kukatpally APMC,grapes,FAQ (Fair Average Quality),69.0,4269,5294,4747
2023-09-24,Telangana,Sangareddy,Zaheerabad APMC,jute,FAQ (Fair Average Quality),54.8,3844,4652,4234
2023-09-24,Telangana,Sangareddy,Sadasivpet APMC,pomegranate,Hybrid,259.4,8493,9652,9051
2023-09-24,Telangana,Sangareddy,Zaheerabad APMC,muskmelon,Hybrid,208.4,1872,2163,1973
2023-09-24,Telangana,Siddipet,Gajwel APMC,Moong Dal,Grade A,246.2,7347,9024,8196
2023-09-24,Telangana,Siddipet,Gajwel APMC,orange,Local,255.7,3454,4079,3748
2023-09-24,Telangana,Siddipet,Vantamamidi APMC,cotton,Grade A,316.0,7262,8739,8039
2023-09-24,Telangana,Vikarabad,Tanduru APMC,Moth Beans,FAQ (Fair Average Quality),197.9,5525,6651,6071
2023-09-24,Telangana,Vikarabad,Vikarabad APMC,apple,FAQ (Fair Average Quality),155.5,8395,9943,9178
2023-09-24,Telangana,Vikarabad,Vikarabad APMC,jute,Grade A,137.6,4201,5000,4593
2023-09-24,Telangana,Nalgonda,Neredcherla APMC,rice,Hybrid,68.9,3050,3490,3244
2023-09-24,Telangana,Nalgonda,Nalgonda APMC,lentil,Hybrid,276.3,6018,6718,6373
2023-09-24,Telangana,Nalgonda,Neredcherla APMC,Moth Beans,Grade A,64.6,6773,8074,7396
2023-09-24,Telangana,Yadadri Bhuvanagiri,Aler APMC,blackgram,Local,50.9,6617,7409,6978
2023-09-24,Telangana,Yadadri Bhuvanagiri,Bhongir APMC,muskmelon,Hybrid,230.0,1609,1915,1763
2023-09-24,Telangana,Yadadri Bhuvanagiri,Bhongir APMC,Corn,Hybrid,194.7,2140,2563,2387
2023-09-24,Telangana,Mahbubnagar,Badepally APMC,Moong Dal,Grade A,47.7,7192,8563,7853
2023-09-24,Telangana,Mahbubnagar,Badepally APMC,papaya,Local,251.3,2012,2382,2219
2023-09-24,Telangana,Mahbubnagar,Mahbubnagar APMC,blackgram,FAQ (Fair Average Quality),138.8,6597,8487,7504
2023-09-24,Telangana,Medak,Medak APMC,cotton,FAQ (Fair Average Quality),281.6,7256,9149,8169
2023-09-24,Telangana,Medak,Medak APMC,muskmelon,FAQ (Fair Average Quality),36.6,1862,2385,2074
2023-09-24,Telangana,Medak,Toopran APMC,mango,FAQ (Fair Average Quality),170.6,5931,7232,6605
2023-10-01,Telangana,Hyderabad,Gaddiannaram APMC,grapes,FAQ (Fair Average Quality),318.0,4379,4985,4731
2023-10-01,Telangana,Hyderabad,Gaddiannaram APMC,lentil,Local,174.6,6324,7648,6953
2023-10-01,Telangana,Hyderabad,Gudimalkapur APMC,apple,Hybrid,20.3,8375,9778,9051
2023-10-01,Telangana,Ranga Reddy,Chevella APMC,Rajma,FAQ (Fair Average Quality),216.9,8181,10230,9242
2023-10-01,Telangana,Ranga Reddy,Shadnagar APMC,jute,Local,30.8,4466,5612,5005
2023-10-01,Telangana,Ranga Reddy,Ibrahimpatnam APMC,mango,Grade A,92.0,5352,6400,5899
2023-10-01,Telangana,Medchal-Malkajgiri,Malkajgiri Mandi,watermelon,Grade A,148.5,1305,1564,1384
2023-10-01,Telangana,Medchal-Malkajgiri,Malkajgiri Mandi,mango,Local,230.7,5805,7338,6559
2023-10-01,Telangana,Medchal-Malkajgiri,Malkajgiri Mandi,coconut,Local,144.5,2823,3499,3201
2023-10-01,Telangana,Sangareddy,Patancheru APMC,lentil,FAQ (Fair Average Quality),260.4,6385,7952,7127
2023-10-01,Telangana,Sangareddy,Zaheerabad APMC,pomegranate,FAQ (Fair Average Quality),251.2,8232,10232,9263
2023-10-01,Telangana,Sangareddy,Patancheru APMC,orange,Local,252.5,4306,4899,4600
2023-10-01,Telangana,Siddipet,Gajwel APMC,rice,FAQ (Fair Average Quality),202.3,2808,3537,3157
2023-10-01,Telangana,Siddipet,Siddipet APMC,Chana,Local,27.0,5143,6130,5648
2023-10-01,Telangana,Siddipet,Gajwel APMC,Rajma,Hybrid,162.9,7011,7964,7491
2023-10-01,Telangana,Vikarabad,Tanduru APMC,apple,Local,64.3,11075,13452,12249
2023-10-01,Telangana,Vikarabad,Tanduru APMC,pomegranate,Hybrid,215.9,9758,12216,11029
2023-10-01,Telangana,Vikarabad,Tanduru APMC,Moth Beans,Grade A,287.7,6257,8097,7128
2023-10-01,Telangana,Nalgonda,Neredcherla APMC,Rajma,Local,182.8,8127,9766,8935
2023-10-01,Telangana,Nalgonda,Nalgonda APMC,papaya,Local,35.6,1888,2249,2071
2023-10-01,Telangana,Nalgonda,Neredcherla APMC,Toor Dal,Grade A,247.5,6372,7777,7040
2023-10-01,Telangana,Yadadri Bhuvanagiri,Bhongir APMC,Corn,Local,189.3,2310,2739,2567
2023-10-01,Telangana,Yadadri Bhuvanagiri,Aler APMC,Toor Dal,FAQ (Fair Average Quality),247.8,6505,7966,7263
2023-10-01,Telangana,Yadadri Bhuvanagiri,Bhongir APMC,grapes,Grade A,125.8,6829,7921,7334
2023-10-01,Telangana,Mahbubnagar,Badepally APMC,muskmelon,Grade A,39.8,1344,1645,1473
2023-10-01,Telangana,Mahbubnagar,Badepally APMC,Toor Dal,Local,158.3,7279,8915,8142
2023-10-01,Telangana,Mahbubnagar,Badepally APMC,jute,Grade A,306.1,4138,5023,4548
2023-10-01,Telangana,Medak,Medak APMC,Moong Dal,FAQ (Fair Average Quality),309.7,6052,7883,6941
2023-10-01,Telangana,Medak,Medak APMC,rice,Hybrid,98.1,3018,3506,3279
2023-10-01,Telangana,Medak,Medak APMC,Chana,Grade A,69.4,4646,5572,5102
2023-10-08,Telangana,Hyderabad,Bowenpally APMC,Moth Beans,Hybrid,114.8,6980,7934,7463
2023-10-08,Telangana,Hyderabad,Gaddiannaram APMC,apple,FAQ (Fair Average Quality),59.3,7887,9545,8675
2023-10-08,Telangana,Hyderabad,Gudimalkapur APMC,watermelon,Hybrid,200.7,1021,1258,1097
2023-10-08,Telangana,Ranga Reddy,Shadnagar APMC,pomegranate,Grade A,164.3,6758,8298,7492
2023-10-08,Telangana,Ranga Reddy,Shadnagar APMC,Moong Dal,Grade A,94.5,7456,9048,8249
2023-10-08,Telangana,Ranga Reddy,Ibrahimpatnam APMC,Moth Beans,FAQ (Fair Average Quality),267.4,6618,8372,7485
2023-10-08,Telangana,Medchal-Malkajgiri,Kukatpally APMC,Moth Beans,FAQ (Fair Average Quality),97.4,5727,6735,6227
2023-10-08,Telangana,Medchal-Malkajgiri,Malkajgiri Mandi,banana,FAQ (Fair Average Quality),275.2,2352,2801,2568
2023-10-08,Telangana,Medchal-Malkajgiri,Kukatpally APMC,lentil,Local,60.9,6029,7640,6788
2023-10-08,Telangana,Sangareddy,Zaheerabad APMC,Chana,Grade A,51.9,4740,5515,5107
2023-10-08,Telangana,Sangareddy,Zaheerabad APMC,papaya,Grade A,155.6,1487,1753,1619
2023-10-08,Telangana,Sangareddy,Sadasivpet APMC,coffee,Hybrid,124.3,9974,11495,10703
2023-10-08,Telangana,Siddipet,Vantamamidi APMC,orange,Local,221.7,4045,4706,4342
2023-10-08,Telangana,Siddipet,Siddipet APMC,lentil,Grade A,153.7,6228,7568,6911
2023-10-08,Telangana,Siddipet,Vantamamidi APMC,Rajma,Hybrid,154.6,8226,9384,8790
2023-10-08,Telangana,Vikarabad,Pargi APMC,banana,FAQ (Fair Average Quality),300.8,1788,2234,2014
2023-10-08,Telangana,Vikarabad,Pargi APMC,watermelon,FAQ (Fair Average Quality),129.1,1320,1678,1472
2023-10-08,Telangana,Vikarabad,Tanduru APMC,grapes,Local,253.8,6814,8399,7633
2023-10-08,Telangana,Nalgonda,Nalgonda APMC,coffee,Local,92.8,11793,14299,13040
2023-10-08,Telangana,Nalgonda,Miryalguda APMC,lentil,FAQ (Fair Average Quality),93.3,6606,7961,7238
2023-10-08,Telangana,Nalgonda,Miryalguda APMC,mango,Local,277.6,4853,5906,5423
2023-10-08,Telangana,Yadadri Bhuvanagiri,Aler APMC,cotton,Grade A,54.9,6315,7164,6703
2023-10-08,Telangana,Yadadri Bhuvanagiri,Aler APMC,papaya,Local,120.2,2004,2446,2203
2023-10-08,Telangana,Yadadri Bhuvanagiri,Bhongir APMC,Rajma,Local,259.6,7984,9195,8589
2023-10-08,Telangana,Mahbubnagar,Badepally APMC,papaya,Hybrid,288.1,1125,1368,1212
2023-10-08,Telangana,Mahbubnagar,Mahbubnagar APMC,Moong Dal,Hybrid,240.1,7056,8269,7619
2023-10-08,Telangana,Mahbubnagar,Mahbubnagar APMC,pomegranate,Hybrid,62.5,8240,9421,8800
2023-10-08,Telangana,Medak,Toopran APMC,orange,FAQ (Fair Average Quality),262.3,4699,5626,5136
2023-10-08,Telangana,Medak,Medak APMC,blackgram,Local,248.0,7074,8828,7968
2023-10-08,Telangana,Medak,Medak APMC,jute,Hybrid,77.2,4147,5171,4658
2023-10-15,Telangana,Hyderabad,Gudimalkapur APMC,orange,Local,81.6,4260,4940,4630
2023-10-15,Telangana,Hyderabad,Gudimalkapur APMC,coffee,Grade A,244.7,10878,12465,11622
2023-10-15,Telangana,Hyderabad,Gudimalkapur APMC,banana,Grade A,54.1,1797,2036,1926
2023-10-15,Telangana,Ranga Reddy,Shadnagar APMC,pomegranate,FAQ (Fair Average Quality),56.8,8902,10895,9939
2023-10-15,Telangana,Ranga Reddy,Shadnagar APMC,jute,Grade A,256.5,3799,4296,4014
2023-10-15,Telangana,Ranga Reddy,Chevella APMC,Toor Dal,Hybrid,139.1,6563,7685,7119
2023-10-15,Telangana,Medchal-Malkajgiri,Kukatpally APMC,Corn,FAQ (Fair Average Quality),81.5,2252,2657,2469
2023-10-15,Telangana,Medchal-Malkajgiri,Malkajgiri Mandi,apple,FAQ (Fair Average Quality),298.9,10664,12318,11459
2023-10-15,Telangana,Medchal-Malkajgiri,Kukatpally APMC,grapes,Hybrid,218.3,4629,5741,5161
2023-10-15,Telangana,Sangareddy,Patancheru APMC,Corn,Local,80.1,1902,2204,2031
2023-10-15,Telangana,Sangareddy,Patancheru APMC,Toor Dal,Local,147.2,6862,8114,7490
2023-10-15,Telangana,Sangareddy,Sadasivpet APMC,Chana,Grade A,266.0,5554,6344,5996
2023-10-15,Telangana,Siddipet,Vantamamidi APMC,Corn,Local,124.6,1718,2022,1869
2023-10-15,Telangana,Siddipet,Siddipet APMC,jute,Local,141.2,4521,5630,5031
2023-10-15,Telangana,Siddipet,Vantamamidi APMC,coconut,Hybrid,89.5,2645,3235,2892
2023-10-15,Telangana,Vikarabad,Tanduru APMC,Rajma,Local,308.2,8372,9414,8888
2023-10-15,Telangana,Vikarabad,Tanduru APMC,coffee,Hybrid,103.9,8524,10422,9439
2023-10-15,Telangana,Vikarabad,Tanduru APMC,mango,FAQ (Fair Average Quality),129.5,6084,7180,6633
2023-10-15,Telangana,Nalgonda,Miryalguda APMC,Moth Beans,Local,172.6,6142,7570,6817
2023-10-15,Telangana,Nalgonda,Miryalguda APMC,cotton,FAQ (Fair Average Quality),118.4,7570,8868,8231
2023-10-15,Telangana,Nalgonda,Nalgonda APMC,Toor Dal,FAQ (Fair Average Quality),116.9,7132,8469,7767
2023-10-15,Telangana,Yadadri Bhuvanagiri,Aler APMC,coffee,Grade A,168.0,12392,14447,13372
2023-10-15,Telangana,Yadadri Bhuvanagiri,Aler APMC,Moth Beans,Local,96.8,5907,6858,6389
2023-10-15,Telangana,Yadadri Bhuvanagiri,Bhongir APMC,grapes,FAQ (Fair Average Quality),140.5,6624,7895,7282
2023-10-15,Telangana,Mahbubnagar,Mahbubnagar APMC,orange,Grade A,104.2,3968,4654,4336
2023-10-15,Telangana,Mahbubnagar,Mahbubnagar APMC,coffee,Hybrid,129.6,11529,13498,12522
2023-10-15,Telangana,Mahbubnagar,Badepally APMC,Corn,Hybrid,145.0,2238,2780,2463
2023-10-15,Telangana,Medak,Toopran APMC,apple,Local,95.9,10883,13004,11936
2023-10-15,Telangana,Medak,Medak APMC,papaya,FAQ (Fair Average Quality),41.0,1400,1670,1492
2023-10-15,Telangana,Medak,Toopran APMC,rice,Hybrid,230.5,3185,3865,3481
2023-10-22,Telangana,Hyderabad,Bowenpally APMC,jute,Local,234.6,4194,4844,4513
2023-10-22,Telangana,Hyderabad,Gudimalkapur APMC,rice,Local,71.0,3322,4058,3670
2023-10-22,Telangana,Hyderabad,Gaddiannaram APMC,banana,Hybrid,123.4,2903,3333,3105
2023-10-22,Telangana,Ranga Reddy,Shadnagar APMC,Toor Dal,FAQ (Fair Average Quality),74.1,7263,9436,8372
2023-10-22,Telangana,Ranga Reddy,Ibrahimpatnam APMC,blackgram,Hybrid,70.3,6428,7770,7096
2023-10-22,Telangana,Ranga Reddy,Chevella APMC,Moong Dal,Grade A,113.0,6556,7618,7057
2023-10-22,Telangana,Medchal-Malkajgiri,Kukatpally APMC,grapes,Grade A,220.6,6740,8096,7438
2023-10-22,Telangana,Medchal-Malkajgiri,Malkajgiri Mandi,papaya,Local,180.7,1243,1523,1419
2023-10-22,Telangana,Medchal-Malkajgiri,Kukatpally APMC,orange,Grade A,68.3,4754,5534,5156
2023-10-22,Telangana,Sangareddy,Patancheru APMC,grapes,Hybrid,169.5,4401,5275,4815
2023-10-22,Telangana,Sangareddy,Patancheru APMC,banana,Local,45.7,2526,2870,2707
2023-10-22,Telangana,Sangareddy,Patancheru APMC,coffee,FAQ (Fair Average Quality),92.3,9677,11517,10640
2023-10-22,Telangana,Siddipet,Vantamamidi APMC,Toor Dal,Local,313.1,7325,8224,7763
2023-10-22,Telangana,Siddipet,Gajwel APMC,jute,FAQ (Fair Average Quality),251.1,4166,5185,4677
2023-10-22,Telangana,Siddipet,Gajwel APMC,orange,Hybrid,303.8,3290,4139,3734
2023-10-22,Telangana,Vikarabad,Vikarabad APMC,banana,Local,229.5,2724,3471,3070
2023-10-22,Telangana,Vikarabad,Vikarabad APMC,coffee,Local,140.6,11170,13648,12392
2023-10-22,Telangana,Vikarabad,Vikarabad APMC,Toor Dal,Local,285.1,7680,8987,8301
2023-10-22,Telangana,Nalgonda,Neredcherla APMC,mango,Hybrid,294.0,6453,7797,7080
2023-10-22,Telangana,Nalgonda,Miryalguda APMC,orange,Grade A,30.6,3914,4491,4215
2023-10-22,Telangana,Nalgonda,Nalgonda APMC,muskmelon,Hybrid,177.3,1313,1647,1447
2023-10-22,Telangana,Yadadri Bhuvanagiri,Bhongir APMC,Rajma,FAQ (Fair Average Quality),126.0,8278,10018,9172
2023-10-22,Telangana,Yadadri Bhuvanagiri,Aler APMC,papaya,FAQ (Fair Average Quality),318.8,1765,1992,1843
2023-10-22,Telangana,Yadadri Bhuvanagiri,Aler APMC,coffee,Local,108.5,10894,12691,11779
2023-10-22,Telangana,Mahbubnagar,Mahbubnagar APMC,Toor Dal,FAQ (Fair Average Quality),254.1,7359,8509,7893
2023-10-22,Telangana,Mahbubnagar,Mahbubnagar APMC,cotton,Local,233.4,6037,7172,6609
2023-10-22,Telangana,Mahbubnagar,Mahbubnagar APMC,orange,Hybrid,267.4,4872,5758,5306
2023-10-22,Telangana,Medak,Medak APMC,Moth Beans,FAQ (Fair Average Quality),79.5,5821,6926,6404
2023-10-22,Telangana,Medak,Toopran APMC,coconut,FAQ (Fair Average Quality),74.4,3067,3635,3319
2023-10-22,Telangana,Medak,Toopran APMC,banana,Local,72.0,2543,3166,2886
2023-10-29,Telangana,Hyderabad,Bowenpally APMC,jute,Local,234.5,3959,4905,4395
2023-10-29,Telangana,Hyderabad,Bowenpally APMC,rice,Grade A,49.8,2771,3304,3037
2023-10-29,Telangana,Hyderabad,Gaddiannaram APMC,grapes,Hybrid,236.8,6095,7239,6671
2023-10-29,Telangana,Ranga Reddy,Ibrahimpatnam APMC,Chana,Grade A,187.7,5063,6230,5613
2023-10-29,Telangana,Ranga Reddy,Shadnagar APMC,banana,Hybrid,216.0,2418,2980,2706
2023-10-29,Telangana,Ranga Reddy,Chevella APMC,rice,Hybrid,155.1,3669,4560,4149
2023-10-29,Telangana,Medchal-Malkajgiri,Malkajgiri Mandi,Rajma,Grade A,75.3,8088,9806,8992
2023-10-29,Telangana,Medchal-Malkajgiri,Malkajgiri Mandi,banana,Hybrid,275.5,2615,2983,2807
2023-10-29,Telangana,Medchal-Malkajgiri,Kukatpally APMC,mango,FAQ (Fair Average Quality),256.3,3985,4511,4204
2023-10-29,Telangana,Sangareddy,Patancheru APMC,mango,Grade A,117.4,7463,8767,8101
2023-10-29,Telangana,Sangareddy,Zaheerabad APMC,coffee,Hybrid,125.0,8440,9907,9166
2023-10-29,Telangana,Sangareddy,Patancheru APMC,rice,Grade A,34.5,3074,3830,3467
2023-10-29,Telangana,Siddipet,Siddipet APMC,banana,Grade A,123.1,1755,2159,1950
2023-10-29,Telangana,Siddipet,Gajwel APMC,papaya,Hybrid,294.8,1822,2182,2004
2023-10-29,Telangana,Siddipet,Siddipet APMC,apple,Local,245.2,9425,11529,10467
2023-10-29,Telangana,Vikarabad,Pargi APMC,blackgram,Hybrid,275.9,6215,7531,6844
2023-10-29,Telangana,Vikarabad,Tanduru APMC,Chana,Local,17.5,5147,6301,5743
2023-10-29,Telangana,Vikarabad,Vikarabad APMC,Moong Dal,Local,254.3,7438,9217,8320
2023-10-29,Telangana,Nalgonda,Neredcherla APMC,mango,Grade A,86.7,6809,8331,7523
2023-10-29,Telangana,Nalgonda,Nalgonda APMC,watermelon,FAQ (Fair Average Quality),158.7,953,1093,1046
2023-10-29,Telangana,Nalgonda,Miryalguda APMC,Corn,Local,278.8,2319,2728,2538
2023-10-29,Telangana,Yadadri Bhuvanagiri,Aler APMC,coffee,Local,297.8,11573,12976,12244
2023-10-29,Telangana,Yadadri Bhuvanagiri,Bhongir APMC,Rajma,Hybrid,212.3,7114,8193,7670
2023-10-29,Telangana,Yadadri Bhuvanagiri,Aler APMC,banana,Local,195.8,1713,2106,1897
2023-10-29,Telangana,Mahbubnagar,Mahbubnagar APMC,muskmelon,FAQ (Fair Average Quality),143.8,1630,1878,1716
2023-10-29,Telangana,Mahbubnagar,Badepally APMC,Moong Dal,Grade A,278.8,6587,8012,7253
2023-10-29,Telangana,Mahbubnagar,Badepally APMC,cotton,FAQ (Fair Average Quality),281.5,7319,8427,7828
2023-10-29,Telangana,Medak,Toopran APMC,orange,Grade A,34.5,4986,5688,5360
2023-10-29,Telangana,Medak,Medak APMC,pomegranate,Hybrid,305.9,8931,10875,9923
2023-10-29,Telangana,Medak,Medak APMC,jute,Grade A,24.1,4406,5076,4706
2023-11-05,Telangana,Hyderabad,Bowenpally APMC,orange,Grade A,143.7,4845,6268,5572
2023-11-05,Telangana,Hyderabad,Gudimalkapur APMC,Toor Dal,FAQ (Fair Average Quality),184.3,6551,7799,7130
2023-11-05,Telangana,Hyderabad,Bowenpally APMC,muskmelon,FAQ (Fair Average Quality),159.1,1627,1839,1690
2023-11-05,Telangana,Ranga Reddy,Shadnagar APMC,pomegranate,Local,106.0,6566,7764,7163
2023-11-05,Telangana,Ranga Reddy,Ibrahimpatnam APMC,papaya,Hybrid,27.3,1906,2277,2128
2023-11-05,Telangana,Ranga Reddy,Chevella APMC,cotton,Grade A,216.6,6141,7029,6629
2023-11-05,Telangana,Medchal-Malkajgiri,Kukatpally APMC,Moong Dal,Local,235.6,7369,9176,8250
2023-11-05,Telangana,Medchal-Malkajgiri,Malkajgiri Mandi,blackgram,Grade A,70.0,5998,7640,6817
2023-11-05,Telangana,Medchal-Malkajgiri,Malkajgiri Mandi,orange,Hybrid,92.6,4343,5411,4924
2023-11-05,Telangana,Sangareddy,Sadasivpet APMC,jute,Hybrid,315.1,3991,4557,4311
2023-11-05,Telangana,Sangareddy,Sadasivpet APMC,Rajma,Grade A,318.4,8160,9500,8841
2023-11-05,Telangana,Sangareddy,Zaheerabad APMC,banana,Hybrid,245.5,1963,2339,2179
2023-11-05,Telangana,Siddipet,Vantamamidi APMC,grapes,FAQ (Fair Average Quality),58.6,6298,7391,6851
2023-11-05,Telangana,Siddipet,Gajwel APMC,papaya,Grade A,142.1,1343,1717,1525
2023-11-05,Telangana,Siddipet,Gajwel APMC,watermelon,Grade A,112.0,1328,1523,1463
2023-11-05,Telangana,Vikarabad,Vikarabad APMC,muskmelon,Hybrid,54.9,1296,1525,1447
2023-11-05,Telangana,Vikarabad,Vikarabad APMC,papaya,Hybrid,112.1,1166,1394,1230
2023-11-05,Telangana,Vikarabad,Pargi APMC,jute,FAQ (Fair Average Quality),264.9,3924,4473,4186
2023-11-05,Telangana,Nalgonda,Neredcherla APMC,apple,Hybrid,297.5,10367,12725,11529
2023-11-05,Telangana,Nalgonda,Nalgonda APMC,banana,Hybrid,145.4,1997,2379,2185
2023-11-05,Telangana,Nalgonda,Miryalguda APMC,cotton,FAQ (Fair Average Quality),30.8,6743,8557,7658
2023-11-05,Telangana,Yadadri Bhuvanagiri,Bhongir APMC,lentil,Hybrid,292.1,5974,7238,6627
2023-11-05,Telangana,Yadadri Bhuvanagiri,Aler APMC,blackgram,Grade A,94.0,6915,7958,7443
2023-11-05,Telangana,Yadadri Bhuvanagiri,Aler APMC,Moong Dal,FAQ (Fair Average Quality),90.4,6659,7980,7304
2023-11-05,Telangana,Mahbubnagar,Mahbubnagar APMC,Toor Dal,FAQ (Fair Average Quality),314.0,6613,7544,7126
2023-11-05,Telangana,Mahbubnagar,Mahbubnagar APMC,blackgram,Grade A,53.1,6618,7732,7182
2023-11-05,Telangana,Mahbubnagar,Mahbubnagar APMC,grapes,Grade A,76.2,5304,6339,5857
2023-11-05,Telangana,Medak,Medak APMC,muskmelon,Grade A,172.9,1210,1497,1317
2023-11-05,Telangana,Medak,Toopran APMC,Moong Dal,Hybrid,120.5,7334,8759,8006
2023-11-05,Telangana,Medak,Toopran APMC,coffee,Grade A,214.6,9304,10891,10052
2023-11-12,Telangana,Hyderabad,Gudimalkapur APMC,Moong Dal,FAQ (Fair Average Quality),270.6,6409,7964,7223
2023-11-12,Telangana,Hyderabad,Gudimalkapur APMC,jute,Grade A,29.6,4565,5093,4818
2023-11-12,Telangana,Hyderabad,Bowenpally APMC,coffee,Hybrid,159.4,8893,10495,9692
2023-11-12,Telangana,Ranga Reddy,Ibrahimpatnam APMC,grapes,Hybrid,109.5,5891,6606,6235
2023-11-12,Telangana,Ranga Reddy,Ibrahimpatnam APMC,mango,FAQ (Fair Average Quality),253.2,4042,4733,4418
2023-11-12,Telangana,Ranga Reddy,Shadnagar APMC,Chana,FAQ (Fair Average Quality),120.1,4790,5366,5099
2023-11-12,Telangana,Medchal-Malkajgiri,Malkajgiri Mandi,Moth Beans,Grade A,298.9,6876,8092,7448
2023-11-12,Telangana,Medchal-Malkajgiri,Kukatpally APMC,jute,Local,248.4,4039,5220,4664
2023-11-12,Telangana,Medchal-Malkajgiri,Malkajgiri Mandi,pomegranate,Hybrid,27.3,6693,7879,7332
2023-11-12,Telangana,Sangareddy,Sadasivpet APMC,orange,Grade A,102.5,4817,5612,5173
2023-11-12,Telangana,Sangareddy,Zaheerabad APMC,mango,Hybrid,256.1,6419,7926,7161
2023-11-12,Telangana,Sangareddy,Zaheerabad APMC,jute,FAQ (Fair Average Quality),314.4,4503,5339,4946
2023-11-12,Telangana,Siddipet,Siddipet APMC,watermelon,Grade A,34.6,1256,1463,1338
2023-11-12,Telangana,Siddipet,Gajwel APMC,Rajma,Hybrid,89.7,7677,8882,8290
2023-11-12,Telangana,Siddipet,Gajwel APMC,Chana,Hybrid,56.1,4501,5454,4960
2023-11-12,Telangana,Vikarabad,Tanduru APMC,orange,Hybrid,315.3,4608,5634,5126
2023-11-12,Telangana,Vikarabad,Pargi APMC,Corn,Hybrid,288.5,1702,2040,1860
2023-11-12,Telangana,Vikarabad,Pargi APMC,coconut,Grade A,278.7,2637,3256,2939
2023-11-12,Telangana,Nalgonda,Miryalguda APMC,Moth Beans,Grade A,183.3,5711,6746,6265
2023-11-12,Telangana,Nalgonda,Neredcherla APMC,pomegranate,Grade A,229.1,7368,8902,8096
2023-11-12,Telangana,Nalgonda,Miryalguda APMC,mango,Local,253.8,6387,7258,6845
2023-11-12,Telangana,Yadadri Bhuvanagiri,Bhongir APMC,cotton,FAQ (Fair Average Quality),128.2,6767,8070,7398
2023-11-12,Telangana,Yadadri Bhuvanagiri,Bhongir APMC,grapes,FAQ (Fair Average Quality),154.9,5352,6908,6169
2023-11-12,Telangana,Yadadri Bhuvanagiri,Bhongir APMC,Corn,Local,102.1,2292,2682,2517
2023-11-12,Telangana,Mahbubnagar,Mahbubnagar APMC,pomegranate,Grade A,62.8,9430,12236,10838
2023-11-12,Telangana,Mahbubnagar,Badepally APMC,Moong Dal,FAQ (Fair Average Quality),112.6,7271,8537,7857
2023-11-12,Telangana,Mahbubnagar,Badepally APMC,watermelon,FAQ (Fair Average Quality),228.5,987,1215,1069
2023-11-12,Telangana,Medak,Medak APMC,watermelon,Local,193.8,1384,1646,1553
2023-11-12,Telangana,Medak,Toopran APMC,apple,FAQ (Fair Average Quality),281.9,8744,10222,9472
2023-11-12,Telangana,Medak,Toopran APMC,mango,Hybrid,310.7,6574,7960,7304
2023-11-19,Telangana,Hyderabad,Gaddiannaram APMC,blackgram,FAQ (Fair Average Quality),297.4,7120,8464,7792
2023-11-19,Telangana,Hyderabad,Bowenpally APMC,mango,Hybrid,62.7,6885,7966,7377
2023-11-19,Telangana,Hyderabad,Bowenpally APMC,Corn,FAQ (Fair Average Quality),173.0,2120,2518,2323
2023-11-19,Telangana,Ranga Reddy,Ibrahimpatnam APMC,pomegranate,Local,284.1,8148,9910,9026
2023-11-19,Telangana,Ranga Reddy,Shadnagar APMC,watermelon,FAQ (Fair Average Quality),68.5,885,1052,936
2023-11-19,Telangana,Ranga Reddy,Ibrahimpatnam APMC,Rajma,Local,264.2,7261,8483,7897
2023-11-19,Telangana,Medchal-Malkajgiri,Kukatpally APMC,orange,Local,67.4,3452,4261,3818
2023-11-19,Telangana,Medchal-Malkajgiri,Kukatpally APMC,jute,Local,241.5,3794,4534,4177
2023-11-19,Telangana,Medchal-Malkajgiri,Malkajgiri Mandi,watermelon,Local,189.0,1201,1453,1321
2023-11-19,Telangana,Sangareddy,Zaheerabad APMC,blackgram,Hybrid,146.5,6977,8732,7889
2023-11-19,Telangana,Sangareddy,Zaheerabad APMC,Rajma,FAQ (Fair Average Quality),209.2,8139,9359,8770
2023-11-19,Telangana,Sangareddy,Sadasivpet APMC,pomegranate,Local,175.2,9623,11703,10660
2023-11-19,Telangana,Siddipet,Siddipet APMC,apple,FAQ (Fair Average Quality),108.5,8250,10035,9092
2023-11-19,Telangana,Siddipet,Siddipet APMC,jute,Hybrid,154.6,4281,4946,4570
2023-11-19,Telangana,Siddipet,Siddipet APMC,mango,Grade A,221.5,6352,8169,7306
2023-11-19,Telangana,Vikarabad,Pargi APMC,orange,FAQ (Fair Average Quality),303.0,3700,4383,4026
2023-11-19,Telangana,Vikarabad,Vikarabad APMC,mango,Local,252.8,3430,4072,3753
2023-11-19,Telangana,Vikarabad,Pargi APMC,apple,Local,296.9,7130,8639,7871
2023-11-19,Telangana,Nalgonda,Neredcherla APMC,apple,Hybrid,18.2,9558,12302,10950
2023-11-19,Telangana,Nalgonda,Miryalguda APMC,Rajma,Local,250.9,7828,9788,8809
2023-11-19,Telangana,Nalgonda,Miryalguda APMC,jute,Grade A,23.9,3831,4508,4193
2023-11-19,Telangana,Yadadri Bhuvanagiri,Bhongir APMC,muskmelon,Hybrid,70.9,1600,1829,1748
2023-11-19,Telangana,Yadadri Bhuvanagiri,Aler APMC,rice,Grade A,165.1,3605,4511,4084
2023-11-19,Telangana,Yadadri Bhuvanagiri,Aler APMC,Moth Beans,Hybrid,28.1,5660,7294,6456
2023-11-19,Telangana,Mahbubnagar,Badepally APMC,orange,FAQ (Fair Average Quality),198.6,4836,5803,5334
2023-11-19,Telangana,Mahbubnagar,Mahbubnagar APMC,Moong Dal,Hybrid,33.8,6426,7891,7205
2023-11-19,Telangana,Mahbubnagar,Mahbubnagar APMC,mango,Local,248.9,4931,5838,5355
2023-11-19,Telangana,Medak,Medak APMC,Moong Dal,Local,280.4,7027,8505,7800
2023-11-19,Telangana,Medak,Toopran APMC,coffee,Hybrid,134.2,9429,11684,10574
2023-11-19,Telangana,Medak,Toopran APMC,banana,FAQ (Fair Average Quality),115.9,2064,2500,2302
2023-11-26,Telangana,Hyderabad,Bowenpally APMC,muskmelon,FAQ (Fair Average Quality),254.6,1436,1740,1622
2023-11-26,Telangana,Hyderabad,Bowenpally APMC,watermelon,Grade A,121.1,1430,1730,1606
2023-11-26,Telangana,Hyderabad,Bowenpally APMC,Toor Dal,FAQ (Fair Average Quality),174.7,7344,9015,8213
2023-11-26,Telangana,Ranga Reddy,Ibrahimpatnam APMC,pomegranate,FAQ (Fair Average Quality),53.6,9504,11787,10690
2023-11-26,Telangana,Ranga Reddy,Shadnagar APMC,muskmelon,Local,167.1,1683,1963,1816
2023-11-26,Telangana,Ranga Reddy,Chevella APMC,Chana,Hybrid,157.8,4879,6202,5584
2023-11-26,Telangana,Medchal-Malkajgiri,Kukatpally APMC,watermelon,Hybrid,123.3,867,1077,1021
2023-11-26,Telangana,Medchal-Malkajgiri,Malkajgiri Mandi,banana,Hybrid,282.2,2620,3321,2993
2023-11-26,Telangana,Medchal-Malkajgiri,Kukatpally APMC,jute,FAQ (Fair Average Quality),141.7,3947,4809,4348
2023-11-26,Telangana,Sangareddy,Sadasivpet APMC,Toor Dal,Hybrid,194.2,6779,8734,7734
2023-11-26,Telangana,Sangareddy,Patancheru APMC,coconut,FAQ (Fair Average Quality),32.3,2668,3105,2868
2023-11-26,Telangana,Sangareddy,Patancheru APMC,cotton,Local,73.6,7257,8323,7771
2023-11-26,Telangana,Siddipet,Gajwel APMC,Rajma,Grade A,128.2,7148,8344,7768
2023-11-26,Telangana,Siddipet,Vantamamidi APMC,papaya,Grade A,172.5,2068,2463,2298
2023-11-26,Telangana,Siddipet,Vantamamidi APMC,coffee,Grade A,98.0,9572,11509,10533
2023-11-26,Telangana,Vikarabad,Tanduru APMC,lentil,FAQ (Fair Average Quality),108.8,6635,7616,7075
2023-11-26,Telangana,Vikarabad,Pargi APMC,banana,Hybrid,221.1,2244,2729,2495
2023-11-26,Telangana,Vikarabad,Pargi APMC,watermelon,FAQ (Fair Average Quality),215.5,1327,1622,1499
2023-11-26,Telangana,Nalgonda,Miryalguda APMC,papaya,FAQ (Fair Average Quality),182.9,1506,1844,1669
2023-11-26,Telangana,Nalgonda,Miryalguda APMC,Chana,Hybrid,287.8,5194,5986,5620
2023-11-26,Telangana,Nalgonda,Nalgonda APMC,coffee,Grade A,91.6,10909,12524,11763
2023-11-26,Telangana,Yadadri Bhuvanagiri,Aler APMC,jute,Hybrid,260.8,4438,5285,4826
2023-11-26,Telangana,Yadadri Bhuvanagiri,Aler APMC,papaya,Grade A,305.4,2130,2589,2363
2023-11-26,Telangana,Yadadri Bhuvanagiri,Aler APMC,apple,Grade A,281.1,11517,13735,12656
2023-11-26,Telangana,Mahbubnagar,Mahbubnagar APMC,mango,Hybrid,222.3,5795,6758,6296
2023-11-26,Telangana,Mahbubnagar,Badepally APMC,coconut,Hybrid,300.6,2699,3159,2937
2023-11-26,Telangana,Mahbubnagar,Badepally APMC,pomegranate,Hybrid,55.6,9418,11318,10341
2023-11-26,Telangana,Medak,Toopran APMC,coffee,FAQ (Fair Average Quality),203.2,11651,14346,12953
2023-11-26,Telangana,Medak,Medak APMC,blackgram,Grade A,203.6,6569,8208,7347
2023-11-26,Telangana,Medak,Toopran APMC,jute,Local,53.8,3872,4393,4095
2023-12-03,Telangana,Hyderabad,Bowenpally APMC,orange,Local,145.4,4080,4932,4462
2023-12-03,Telangana,Hyderabad,Bowenpally APMC,watermelon,Grade A,68.3,1169,1459,1330
2023-12-03,Telangana,Hyderabad,Gaddiannaram APMC,pomegranate,Grade A,258.4,8028,9517,8726
2023-12-03,Telangana,Ranga Reddy,Chevella APMC,Moong Dal,Local,112.0,7672,8812,8213
2023-12-03,Telangana,Ranga Reddy,Shadnagar APMC,mango,Local,52.8,4011,4774,4371
2023-12-03,Telangana,Ranga Reddy,Chevella APMC,Rajma,Grade A,251.1,7472,8946,8197
2023-12-03,Telangana,Medchal-Malkajgiri,Kukatpally APMC,orange,Grade A,256.2,3931,4521,4219
2023-12-03,Telangana,Medchal-Malkajgiri,Kukatpally APMC,Moth Beans,Hybrid,17.4,6704,8088,7358
2023-12-03,Telangana,Medchal-Malkajgiri,Malkajgiri Mandi,grapes,Grade A,77.6,6525,8000,7212
2023-12-03,Telangana,Sangareddy,Patancheru APMC,coconut,Grade A,194.6,2525,2985,2792
2023-12-03,Telangana,Sangareddy,Patancheru APMC,lentil,FAQ (Fair Average Quality),300.4,5850,7217,6543
2023-12-03,Telangana,Sangareddy,Zaheerabad APMC,papaya,Hybrid,168.3,1505,1850,1655
2023-12-03,Telangana,Siddipet,Gajwel APMC,cotton,Hybrid,26.7,7387,8752,8054
2023-12-03,Telangana,Siddipet,Vantamamidi APMC,banana,Local,55.5,2392,2990,2693
2023-12-03,Telangana,Siddipet,Siddipet APMC,lentil,Hybrid,137.6,5859,7106,6487
2023-12-03,Telangana,Vikarabad,Pargi APMC,orange,Hybrid,241.0,4141,4787,4438
2023-12-03,Telangana,Vikarabad,Vikarabad APMC,muskmelon,Hybrid,247.0,1119,1343,1248
2023-12-03,Telangana,Vikarabad,Tanduru APMC,Corn,Grade A,192.9,1869,2235,2098
2023-12-03,Telangana,Nalgonda,Nalgonda APMC,mango,FAQ (Fair Average Quality),219.7,5502,6611,6088
2023-12-03,Telangana,Nalgonda,Miryalguda APMC,jute,Local,279.5,4583,5900,5205
2023-12-03,Telangana,Nalgonda,Miryalguda APMC,orange,Grade A,225.0,3788,4496,4124
2023-12-03,Telangana,Yadadri Bhuvanagiri,Bhongir APMC,mango,FAQ (Fair Average Quality),282.7,4194,5074,4616
2023-12-03,Telangana,Yadadri Bhuvanagiri,Bhongir APMC,watermelon,Hybrid,72.5,978,1183,1090
2023-12-03,Telangana,Yadadri Bhuvanagiri,Bhongir APMC,cotton,Local,248.6,6433,7911,7141
2023-12-03,Telangana,Mahbubnagar,Mahbubnagar APMC,pomegranate,Hybrid,163.7,7292,8270,7804
2023-12-03,Telangana,Mahbubnagar,Badepally APMC,grapes,Local,223.1,4683,5313,5043
2023-12-03,Telangana,Mahbubnagar,Mahbubnagar APMC,coffee,FAQ (Fair Average Quality),290.0,10721,12332,11563
2023-12-03,Telangana,Medak,Toopran APMC,muskmelon,FAQ (Fair Average Quality),272.4,1393,1709,1564
2023-12-03,Telangana,Medak,Toopran APMC,cotton,FAQ (Fair Average Quality),279.2,7040,8268,7626
2023-12-03,Telangana,Medak,Medak APMC,rice,Local,151.0,3066,3785,3380
2023-12-10,Telangana,Hyderabad,Gudimalkapur APMC,coconut,Hybrid,78.2,3368,4173,3754
2023-12-10,Telangana,Hyderabad,Bowenpally APMC,blackgram,Grade A,309.7,6904,8823,7826
2023-12-10,Telangana,Hyderabad,Gaddiannaram APMC,Rajma,Hybrid,111.6,8083,9586,8879
2023-12-10,Telangana,Ranga Reddy,Shadnagar APMC,grapes,FAQ (Fair Average Quality),164.5,6359,7194,6801
2023-12-10,Telangana,Ranga Reddy,Ibrahimpatnam APMC,orange,Local,111.1,4894,5710,5282
2023-12-10,Telangana,Ranga Reddy,Ibrahimpatnam APMC,pomegranate,Local,244.1,8112,9579,8839
2023-12-10,Telangana,Medchal-Malkajgiri,Malkajgiri Mandi,Corn,Hybrid,80.3,2276,2693,2451
2023-12-10,Telangana,Medchal-Malkajgiri,Kukatpally APMC,cotton,FAQ (Fair Average Quality),89.1,6154,7611,6842
2023-12-10,Telangana,Medchal-Malkajgiri,Kukatpally APMC,Chana,Local,180.6,5498,6490,6030
2023-12-10,Telangana,Sangareddy,Patancheru APMC,Corn,Hybrid,44.8,2213,2531,2331
2023-12-10,Telangana,Sangareddy,Zaheerabad APMC,blackgram,Hybrid,311.3,6854,8335,7622
2023-12-10,Telangana,Sangareddy,Zaheerabad APMC,Moth Beans,Grade A,19.2,5422,6536,6014
2023-12-10,Telangana,Siddipet,Siddipet APMC,cotton,FAQ (Fair Average Quality),125.6,5804,7421,6642
2023-12-10,Telangana,Siddipet,Vantamamidi APMC,Rajma,Hybrid,309.9,7893,9942,8919
2023-12-10,Telangana,Siddipet,Siddipet APMC,orange,FAQ (Fair Average Quality),54.2,4622,5851,5188
2023-12-10,Telangana,Vikarabad,Pargi APMC,coconut,Local,308.9,2365,2882,2645
2023-12-10,Telangana,Vikarabad,Pargi APMC,rice,Hybrid,178.6,3500,4207,3835
2023-12-10,Telangana,Vikarabad,Tanduru APMC,Moong Dal,Hybrid,121.3,6970,8753,7866
2023-12-10,Telangana,Nalgonda,Miryalguda APMC,Chana,Grade A,228.1,4379,5252,4861
2023-12-10,Telangana,Nalgonda,Neredcherla APMC,Corn,Hybrid,86.1,2038,2544,2329
2023-12-10,Telangana,Nalgonda,Neredcherla APMC,papaya,Local,84.2,1118,1323,1252
2023-12-10,Telangana,Yadadri Bhuvanagiri,Aler APMC,banana,FAQ (Fair Average Quality),16.0,2702,3149,2942
2023-12-10,Telangana,Yadadri Bhuvanagiri,Aler APMC,watermelon,Local,84.4,1374,1662,1509
2023-12-10,Telangana,Yadadri Bhuvanagiri,Aler APMC,blackgram,FAQ (Fair Average Quality),219.7,5925,7474,6692
2023-12-10,Telangana,Mahbubnagar,Mahbubnagar APMC,apple,FAQ (Fair Average Quality),163.7,10603,13110,11899
2023-12-10,Telangana,Mahbubnagar,Badepally APMC,orange,Grade A,81.4,4738,5702,5236
2023-12-10,Telangana,Mahbubnagar,Badepally APMC,Toor Dal,Local,193.3,6704,7809,7285
2023-12-10,Telangana,Medak,Medak APMC,watermelon,Local,272.7,1078,1279,1129
2023-12-10,Telangana,Medak,Toopran APMC,coffee,FAQ (Fair Average Quality),101.8,10581,12911,11710
2023-12-10,Telangana,Medak,Toopran APMC,banana,Hybrid,284.3,1652,1939,1818
2023-12-17,Telangana,Hyderabad,Gudimalkapur APMC,jute,Grade A,35.4,4531,5635,5119
2023-12-17,Telangana,Hyderabad,Bowenpally APMC,Moong Dal,Local,228.7,6809,8304,7556
2023-12-17,Telangana,Hyderabad,Bowenpally APMC,banana,Hybrid,197.1,1956,2334,2132
2023-12-17,Telangana,Ranga Reddy,Ibrahimpatnam APMC,grapes,Local,104.6,4715,5983,5342
2023-12-17,Telangana,Ranga Reddy,Chevella APMC,coconut,Local,240.9,2505,2871,2702
2023-12-17,Telangana,Ranga Reddy,Chevella APMC,Toor Dal,Local,36.2,6611,7605,7101
2023-12-17,Telangana,Medchal-Malkajgiri,Malkajgiri Mandi,Rajma,Hybrid,73.2,7866,9196,8493
2023-12-17,Telangana,Medchal-Malkajgiri,Kukatpally APMC,Toor Dal,Grade A,107.6,6928,8223,7619
2023-12-17,Telangana,Medchal-Malkajgiri,Kukatpally APMC,jute,Local,217.2,3590,4497,4086
2023-12-17,Telangana,Sangareddy,Sadasivpet APMC,cotton,Local,290.8,6876,7869,7403
2023-12-17,Telangana,Sangareddy,Patancheru APMC,watermelon,Grade A,275.5,1098,1304,1236
2023-12-17,Telangana,Sangareddy,Sadasivpet APMC,Toor Dal,Grade A,78.5,7024,7884,7405
2023-12-17,Telangana,Siddipet,Vantamamidi APMC,papaya,Local,288.5,2137,2510,2289
2023-12-17,Telangana,Siddipet,Vantamamidi APMC,orange,FAQ (Fair Average Quality),258.4,3168,3828,3545
2023-12-17,Telangana,Siddipet,Siddipet APMC,muskmelon,Local,113.2,1626,1874,1766
2023-12-17,Telangana,Vikarabad,Pargi APMC,papaya,Local,103.1,1793,2203,2034
2023-12-17,Telangana,Vikarabad,Tanduru APMC,mango,Hybrid,201.1,5922,7025,6424
2023-12-17,Telangana,Vikarabad,Tanduru APMC,Moong Dal,FAQ (Fair Average Quality),272.1,7096,8624,7898
2023-12-17,Telangana,Nalgonda,Nalgonda APMC,mango,Hybrid,320.0,5605,6691,6168
2023-12-17,Telangana,Nalgonda,Neredcherla APMC,Chana,Local,234.1,5252,6515,5852
2023-12-17,Telangana,Nalgonda,Nalgonda APMC,Moth Beans,Local,156.7,6743,8010,7393
2023-12-17,Telangana,Yadadri Bhuvanagiri,Bhongir APMC,banana,Hybrid,87.3,1807,2191,2013
2023-12-17,Telangana,Yadadri Bhuvanagiri,Aler APMC,apple,FAQ (Fair Average Quality),135.6,9080,10870,9997
2023-12-17,Telangana,Yadadri Bhuvanagiri,Aler APMC,blackgram,Grade A,48.4,6662,8082,7386
2023-12-17,Telangana,Mahbubnagar,Mahbubnagar APMC,jute,Local,17.9,3879,4446,4191
2023-12-17,Telangana,Mahbubnagar,Badepally APMC,watermelon,FAQ (Fair Average Quality),298.7,1371,1584,1439
2023-12-17,Telangana,Mahbubnagar,Mahbubnagar APMC,mango,Grade A,97.1,6371,7212,6807
2023-12-17,Telangana,Medak,Medak APMC,Rajma,Grade A,275.7,7815,9186,8477
2023-12-17,Telangana,Medak,Toopran APMC,orange,Grade A,125.3,4111,5196,4622
2023-12-17,Telangana,Medak,Toopran APMC,papaya,FAQ (Fair Average Quality),179.0,2050,2610,2336
2023-12-24,Telangana,Hyderabad,Gudimalkapur APMC,grapes,Local,138.1,4719,5794,5300
2023-12-24,Telangana,Hyderabad,Gudimalkapur APMC,Toor Dal,Hybrid,252.7,7798,9380,8569
2023-12-24,Telangana,Hyderabad,Bowenpally APMC,jute,Local,154.3,3889,4583,4234
2023-12-24,Telangana,Ranga Reddy,Ibrahimpatnam APMC,pomegranate,Hybrid,183.0,9651,11815,10687
2023-12-24,Telangana,Ranga Reddy,Ibrahimpatnam APMC,Toor Dal,FAQ (Fair Average Quality),313.8,6609,7994,7280
2023-12-24,Telangana,Ranga Reddy,Shadnagar APMC,papaya,FAQ (Fair Average Quality),171.2,1438,1637,1534
2023-12-24,Telangana,Medchal-Malkajgiri,Kukatpally APMC,watermelon,Grade A,227.3,1256,1525,1434
2023-12-24,Telangana,Medchal-Malkajgiri,Kukatpally APMC,Toor Dal,Local,69.3,7015,8266,7611
2023-12-24,Telangana,Medchal-Malkajgiri,Kukatpally APMC,Moth Beans,Hybrid,68.2,6262,7506,6896
2023-12-24,Telangana,Sangareddy,Zaheerabad APMC,Toor Dal,FAQ (Fair Average Quality),186.0,7773,9385,8616
2023-12-24,Telangana,Sangareddy,Sadasivpet APMC,pomegranate,Hybrid,90.0,9764,12439,11115
2023-12-24,Telangana,Sangareddy,Sadasivpet APMC,orange,Local,302.1,4691,5817,5290
2023-12-24,Telangana,Siddipet,Gajwel APMC,Moth Beans,Local,40.8,6206,7075,6630
2023-12-24,Telangana,Siddipet,Siddipet APMC,Toor Dal,Grade A,38.4,6753,7645,7152
2023-12-24,Telangana,Siddipet,Siddipet APMC,muskmelon,FAQ (Fair Average Quality),281.4,1374,1582,1441
2023-12-24,Telangana,Vikarabad,Tanduru APMC,Toor Dal,Local,299.8,6691,7825,7240
2023-12-24,Telangana,Vikarabad,Vikarabad APMC,Corn,FAQ (Fair Average Quality),99.4,2053,2448,2204
2023-12-24,Telangana,Vikarabad,Pargi APMC,Moth Beans,Hybrid,57.1,6225,6963,6616
2023-12-24,Telangana,Nalgonda,Nalgonda APMC,coffee,Grade A,203.8,9240,11391,10325
2023-12-24,Telangana,Nalgonda,Nalgonda APMC,Chana,Grade A,19.5,4822,5845,5327
2023-12-24,Telangana,Nalgonda,Miryalguda APMC,banana,Local,127.3,2283,2537,2384
2023-12-24,Telangana,Yadadri Bhuvanagiri,Bhongir APMC,blackgram,Hybrid,300.4,6345,7804,7061
2023-12-24,Telangana,Yadadri Bhuvanagiri,Bhongir APMC,coffee,Hybrid,100.8,8748,9813,9282
2023-12-24,Telangana,Yadadri Bhuvanagiri,Aler APMC,muskmelon,Local,39.6,1365,1641,1518
2023-12-24,Telangana,Mahbubnagar,Badepally APMC,coffee,Grade A,274.0,9560,10878,10200
2023-12-24,Telangana,Mahbubnagar,Badepally APMC,coconut,Local,188.0,3221,3808,3540
2023-12-24,Telangana,Mahbubnagar,Mahbubnagar APMC,Chana,FAQ (Fair Average Quality),173.8,4336,5403,4832
2023-12-24,Telangana,Medak,Medak APMC,blackgram,Local,114.0,6108,7065,6557
2023-12-24,Telangana,Medak,Toopran APMC,Moth Beans,Local,154.5,6882,8297,7599
2023-12-24,Telangana,Medak,Medak APMC,watermelon,Grade A,310.3,1287,1525,1432
2023-12-31,Telangana,Hyderabad,Gudimalkapur APMC,mango,Hybrid,25.8,3280,3960,3662
2023-12-31,Telangana,Hyderabad,Gudimalkapur APMC,watermelon,Local,61.3,783,955,901
2023-12-31,Telangana,Hyderabad,Gaddiannaram APMC,muskmelon,Grade A,289.7,1911,2259,2114
2023-12-31,Telangana,Ranga Reddy,Chevella APMC,Moth Beans,FAQ (Fair Average Quality),40.9,6844,8333,7556
2023-12-31,Telangana,Ranga Reddy,Ibrahimpatnam APMC,Rajma,FAQ (Fair Average Quality),141.5,7865,9610,8724
2023-12-31,Telangana,Ranga Reddy,Shadnagar APMC,grapes,Hybrid,317.2,5461,6387,5878
2023-12-31,Telangana,Medchal-Malkajgiri,Kukatpally APMC,grapes,Grade A,252.5,4055,5070,4576
2023-12-31,Telangana,Medchal-Malkajgiri,Kukatpally APMC,Rajma,Hybrid,63.4,7863,9441,8652
2023-12-31,Telangana,Medchal-Malkajgiri,Malkajgiri Mandi,Moong Dal,Hybrid,266.8,6060,7645,6837
2023-12-31,Telangana,Sangareddy,Sadasivpet APMC,banana,Local,160.5,2092,2416,2294
2023-12-31,Telangana,Sangareddy,Zaheerabad APMC,mango,FAQ (Fair Average Quality),120.9,4670,5760,5181
2023-12-31,Telangana,Sangareddy,Sadasivpet APMC,Moong Dal,Hybrid,313.3,7101,8243,7685
2023-12-31,Telangana,Siddipet,Vantamamidi APMC,blackgram,Hybrid,259.4,6647,8360,7510
2023-12-31,Telangana,Siddipet,Gajwel APMC,watermelon,Local,319.2,967,1153,1022
2023-12-31,Telangana,Siddipet,Siddipet APMC,muskmelon,FAQ (Fair Average Quality),63.0,2051,2506,2244
2023-12-31,Telangana,Vikarabad,Vikarabad APMC,papaya,Local,179.6,1594,1853,1757
2023-12-31,Telangana,Vikarabad,Vikarabad APMC,muskmelon,Local,96.9,1998,2414,2162
2023-12-31,Telangana,Vikarabad,Pargi APMC,Moong Dal,Grade A,103.3,6403,7972,7178
2023-12-31,Telangana,Nalgonda,Miryalguda APMC,Chana,Local,88.9,4711,6106,5455
2023-12-31,Telangana,Nalgonda,Nalgonda APMC,jute,Grade A,200.5,3752,4262,4027
2023-12-31,Telangana,Nalgonda,Nalgonda APMC,Corn,FAQ (Fair Average Quality),230.4,2108,2506,2287
2023-12-31,Telangana,Yadadri Bhuvanagiri,Aler APMC,Corn,Grade A,125.2,1804,2104,1972
2023-12-31,Telangana,Yadadri Bhuvanagiri,Aler APMC,mango,Hybrid,243.4,5054,5744,5391
2023-12-31,Telangana,Yadadri Bhuvanagiri,Bhongir APMC,Moong Dal,Local,199.0,6857,8377,7583
2023-12-31,Telangana,Mahbubnagar,Badepally APMC,rice,Local,260.1,3662,4287,3960
2023-12-31,Telangana,Mahbubnagar,Mahbubnagar APMC,Rajma,Hybrid,74.7,6910,8235,7555
2023-12-31,Telangana,Mahbubnagar,Badepally APMC,banana,Grade A,292.1,2431,2930,2662
2023-12-31,Telangana,Medak,Toopran APMC,pomegranate,Hybrid,113.2,9797,11679,10772
2023-12-31,Telangana,Medak,Toopran APMC,blackgram,FAQ (Fair Average Quality),258.0,6856,8480,7653
2023-12-31,Telangana,Medak,Medak APMC,Rajma,Grade A,254.0,8264,10090,9149
2024-01-07,Telangana,Hyderabad,Gudimalkapur APMC,grapes,Local,52.7,6046,7024,6558
2024-01-07,Telangana,Hyderabad,Gudimalkapur APMC,pomegranate,Local,172.2,7487,9315,8426
2024-01-07,Telangana,Hyderabad,Gudimalkapur APMC,coffee,Grade A,266.7,13073,15402,14257
2024-01-07,Telangana,Ranga Reddy,Ibrahimpatnam APMC,coffee,Local,176.4,9663,12343,10993
2024-01-07,Telangana,Ranga Reddy,Shadnagar APMC,Moong Dal,FAQ (Fair Average Quality),172.5,7494,9241,8385
2024-01-07,Telangana,Ranga Reddy,Ibrahimpatnam APMC,blackgram,Grade A,120.3,7073,8273,7665
2024-01-07,Telangana,Medchal-Malkajgiri,Kukatpally APMC,lentil,Local,169.3,6536,7930,7279
2024-01-07,Telangana,Medchal-Malkajgiri,Malkajgiri Mandi,banana,Local,219.3,2793,3263,2992
2024-01-07,Telangana,Medchal-Malkajgiri,Malkajgiri Mandi,apple,Local,223.4,10549,12279,11463
2024-01-07,Telangana,Sangareddy,Zaheerabad APMC,coconut,Hybrid,267.1,2453,2888,2634
2024-01-07,Telangana,Sangareddy,Zaheerabad APMC,watermelon,Grade A,63.2,1377,1724,1596
2024-01-07,Telangana,Sangareddy,Sadasivpet APMC,coffee,Grade A,220.8,9888,11326,10573
2024-01-07,Telangana,Siddipet,Siddipet APMC,rice,Grade A,144.4,3528,4163,3845
2024-01-07,Telangana,Siddipet,Siddipet APMC,Corn,Hybrid,146.7,1916,2377,2147
2024-01-07,Telangana,Siddipet,Siddipet APMC,lentil,Hybrid,316.0,6917,7907,7420
2024-01-07,Telangana,Vikarabad,Tanduru APMC,Moth Beans,Grade A,50.5,7258,8547,7869
2024-01-07,Telangana,Vikarabad,Tanduru APMC,apple,Hybrid,181.8,9403,11287,10333
2024-01-07,Telangana,Vikarabad,Vikarabad APMC,muskmelon,Hybrid,69.2,1739,2122,1892
2024-01-07,Telangana,Nalgonda,Nalgonda APMC,lentil,Grade A,144.4,7046,8407,7761
2024-01-07,Telangana,Nalgonda,Nalgonda APMC,blackgram,Local,317.5,6998,8499,7793
2024-01-07,Telangana,Nalgonda,Miryalguda APMC,muskmelon,FAQ (Fair Average Quality),131.8,1383,1689,1524
2024-01-07,Telangana,Yadadri Bhuvanagiri,Bhongir APMC,rice,Hybrid,106.1,3822,4267,4007
2024-01-07,Telangana,Yadadri Bhuvanagiri,Aler APMC,papaya,Grade A,314.4,1916,2285,2074
2024-01-07,Telangana,Yadadri Bhuvanagiri,Aler APMC,grapes,Local,267.9,4489,5551,5055
2024-01-07,Telangana,Mahbubnagar,Badepally APMC,coconut,Grade A,230.0,2684,3166,2893
2024-01-07,Telangana,Mahbubnagar,Badepally APMC,grapes,Hybrid,86.0,5664,6999,6376
2024-01-07,Telangana,Mahbubnagar,Badepally APMC,mango,Grade A,72.3,4835,5843,5365
2024-01-07,Telangana,Medak,Toopran APMC,Corn,FAQ (Fair Average Quality),278.2,2275,2627,2481
2024-01-07,Telangana,Medak,Toopran APMC,blackgram,FAQ (Fair Average Quality),44.3,7431,9272,8310
2024-01-07,Telangana,Medak,Medak APMC,banana,Grade A,121.3,2556,2908,2685
2024-01-14,Telangana,Hyderabad,Gaddiannaram APMC,Moth Beans,FAQ (Fair Average Quality),211.2,6047,7343,6695
2024-01-14,Telangana,Hyderabad,Gaddiannaram APMC,cotton,Grade A,234.1,7262,8569,7874
2024-01-14,Telangana,Hyderabad,Gudimalkapur APMC,Chana,Grade A,202.4,5697,6920,6333
2024-01-14,Telangana,Ranga Reddy,Chevella APMC,pomegranate,FAQ (Fair Average Quality),253.5,7132,8750,7966
2024-01-14,Telangana,Ranga Reddy,Chevella APMC,lentil,Grade A,281.3,6671,8052,7376
2024-01-14,Telangana,Ranga Reddy,Shadnagar APMC,orange,Local,190.9,3539,4343,3893
2024-01-14,Telangana,Medchal-Malkajgiri,Malkajgiri Mandi,Toor Dal,Grade A,206.1,7195,8675,7947
2024-01-14,Telangana,Medchal-Malkajgiri,Malkajgiri Mandi,muskmelon,FAQ (Fair Average Quality),258.9,1271,1428,1323
2024-01-14,Telangana,Medchal-Malkajgiri,Malkajgiri Mandi,Moth Beans,Hybrid,112.7,7167,8217,7734
2024-01-14,Telangana,Sangareddy,Patancheru APMC,blackgram,Local,159.4,7347,9306,8318
2024-01-14,Telangana,Sangareddy,Sadasivpet APMC,lentil,Local,169.3,6582,7394,6988
2024-01-14,Telangana,Sangareddy,Zaheerabad APMC,cotton,Grade A,80.7,6932,8261,7586
2024-01-14,Telangana,Siddipet,Gajwel APMC,coconut,FAQ (Fair Average Quality),165.8,3003,3488,3212
2024-01-14,Telangana,Siddipet,Siddipet APMC,Toor Dal,Hybrid,306.4,7549,9357,8483
2024-01-14,Telangana,Siddipet,Vantamamidi APMC,muskmelon,Grade A,117.5,1519,1879,1706
2024-01-14,Telangana,Vikarabad,Pargi APMC,Toor Dal,Local,116.3,6965,8474,7751
2024-01-14,Telangana,Vikarabad,Vikarabad APMC,cotton,Hybrid,51.8,6390,7878,7171
2024-01-14,Telangana,Vikarabad,Tanduru APMC,jute,Grade A,291.9,4678,5625,5104
2024-01-14,Telangana,Nalgonda,Nalgonda APMC,rice,FAQ (Fair Average Quality),129.7,3842,4580,4241
2024-01-14,Telangana,Nalgonda,Neredcherla APMC,coconut,Local,230.4,3603,4424,4051
2024-01-14,Telangana,Nalgonda,Nalgonda APMC,cotton,FAQ (Fair Average Quality),101.8,6413,8092,7232
2024-01-14,Telangana,Yadadri Bhuvanagiri,Aler APMC,jute,Grade A,301.2,4488,5289,4884
2024-01-14,Telangana,Yadadri Bhuvanagiri,Bhongir APMC,rice,FAQ (Fair Average Quality),101.5,3796,4548,4190
2024-01-14,Telangana,Yadadri Bhuvanagiri,Bhongir APMC,watermelon,Hybrid,257.9,1200,1434,1335
2024-01-14,Telangana,Mahbubnagar,Badepally APMC,lentil,Local,290.4,6501,8435,7441
2024-01-14,Telangana,Mahbubnagar,Mahbubnagar APMC,Rajma,FAQ (Fair Average Quality),285.6,7040,8762,7932
2024-01-14,Telangana,Mahbubnagar,Badepally APMC,Chana,Grade A,286.3,5869,6987,6419
2024-01-14,Telangana,Medak,Medak APMC,watermelon,Hybrid,282.1,971,1145,1009
2024-01-14,Telangana,Medak,Medak APMC,cotton,Local,161.1,6922,7990,7428
2024-01-14,Telangana,Medak,Medak APMC,Moong Dal,Local,121.5,7306,8652,7989
2024-01-21,Telangana,Hyderabad,Gaddiannaram APMC,cotton,FAQ (Fair Average Quality),177.9,7056,8517,7795
2024-01-21,Telangana,Hyderabad,Gudimalkapur APMC,watermelon,Grade A,259.6,803,1000,853
2024-01-21,Telangana,Hyderabad,Gudimalkapur APMC,coconut,Grade A,165.9,3160,3952,3582
2024-01-21,Telangana,Ranga Reddy,Chevella APMC,muskmelon,Grade A,111.7,1216,1459,1382
2024-01-21,Telangana,Ranga Reddy,Ibrahimpatnam APMC,papaya,FAQ (Fair Average Quality),222.0,1536,1899,1709
2024-01-21,Telangana,Ranga Reddy,Shadnagar APMC,Chana,Hybrid,233.1,4648,5741,5153
2024-01-21,Telangana,Medchal-Malkajgiri,Malkajgiri Mandi,muskmelon,Hybrid,259.8,1764,2206,1987
2024-01-21,Telangana,Medchal-Malkajgiri,Kukatpally APMC,lentil,FAQ (Fair Average Quality),273.7,6535,7523,7006
2024-01-21,Telangana,Medchal-Malkajgiri,Kukatpally APMC,Corn,Local,283.6,1965,2356,2184
2024-01-21,Telangana,Sangareddy,Patancheru APMC,Chana,Local,83.4,5892,6864,6388
2024-01-21,Telangana,Sangareddy,Patancheru APMC,banana,Hybrid,308.3,2339,2603,2431
2024-01-21,Telangana,Sangareddy,Zaheerabad APMC,jute,Hybrid,202.7,4630,5559,5050
2024-01-21,Telangana,Siddipet,Gajwel APMC,Corn,FAQ (Fair Average Quality),177.2,2287,2825,2522
2024-01-21,Telangana,Siddipet,Gajwel APMC,orange,FAQ (Fair Average Quality),207.5,4466,5141,4794
2024-01-21,Telangana,Siddipet,Gajwel APMC,blackgram,Local,202.6,6413,7529,6972
2024-01-21,Telangana,Vikarabad,Vikarabad APMC,rice,FAQ (Fair Average Quality),66.8,3307,4189,3726
2024-01-21,Telangana,Vikarabad,Tanduru APMC,Moong Dal,Grade A,114.0,7956,9533,8700
2024-01-21,Telangana,Vikarabad,Vikarabad APMC,mango,Grade A,227.7,6440,7498,7015
2024-01-21,Telangana,Nalgonda,Nalgonda APMC,Corn,Grade A,202.6,2356,2791,2549
2024-01-21,Telangana,Nalgonda,Neredcherla APMC,jute,Hybrid,194.7,3900,4816,4317
2024-01-21,Telangana,Nalgonda,Nalgonda APMC,Rajma,Hybrid,123.8,7635,9148,8436
2024-01-21,Telangana,Yadadri Bhuvanagiri,Aler APMC,muskmelon,FAQ (Fair Average Quality),139.8,1394,1811,1626
2024-01-21,Telangana,Yadadri Bhuvanagiri,Aler APMC,Rajma,Hybrid,31.1,7764,9435,8569
2024-01-21,Telangana,Yadadri Bhuvanagiri,Aler APMC,coffee,FAQ (Fair Average Quality),44.9,12549,14649,13600
2024-01-21,Telangana,Mahbubnagar,Badepally APMC,watermelon,Grade A,55.4,1290,1486,1387
2024-01-21,Telangana,Mahbubnagar,Mahbubnagar APMC,muskmelon,Hybrid,178.9,1756,2107,1924
2024-01-21,Telangana,Mahbubnagar,Badepally APMC,coconut,Hybrid,258.4,2641,3276,2969
2024-01-21,Telangana,Medak,Medak APMC,lentil,Hybrid,199.9,7010,8542,7824
2024-01-21,Telangana,Medak,Medak APMC,papaya,FAQ (Fair Average Quality),44.5,2075,2364,2254
2024-01-21,Telangana,Medak,Toopran APMC,watermelon,FAQ (Fair Average Quality),81.5,1441,1768,1556
2024-01-28,Telangana,Hyderabad,Gaddiannaram APMC,blackgram,Local,172.3,6953,8119,7533
2024-01-28,Telangana,Hyderabad,Gaddiannaram APMC,grapes,FAQ (Fair Average Quality),134.5,5126,6228,5683
2024-01-28,Telangana,Hyderabad,Gaddiannaram APMC,Toor Dal,Grade A,85.8,6358,7624,7024
2024-01-28,Telangana,Ranga Reddy,Shadnagar APMC,Chana,Grade A,33.2,5705,6802,6247
2024-01-28,Telangana,Ranga Reddy,Chevella APMC,lentil,Hybrid,193.1,5820,7327,6592
2024-01-28,Telangana,Ranga Reddy,Chevella APMC,cotton,Hybrid,236.2,7851,9257,8504
2024-01-28,Telangana,Medchal-Malkajgiri,Malkajgiri Mandi,jute,Hybrid,81.3,4971,5748,5324
2024-01-28,Telangana,Medchal-Malkajgiri,Kukatpally APMC,apple,Hybrid,238.4,9452,11257,10349
2024-01-28,Telangana,Medchal-Malkajgiri,Kukatpally APMC,coffee,Hybrid,216.0,9243,11554,10416
2024-01-28,Telangana,Sangareddy,Patancheru APMC,orange,Hybrid,57.6,4685,5971,5319
2024-01-28,Telangana,Sangareddy,Sadasivpet APMC,coffee,Grade A,238.5,9012,11126,10052
2024-01-28,Telangana,Sangareddy,Patancheru APMC,jute,Grade A,119.3,4273,4960,4599
2024-01-28,Telangana,Siddipet,Siddipet APMC,watermelon,Local,58.1,1479,1726,1637
2024-01-28,Telangana,Siddipet,Gajwel APMC,orange,FAQ (Fair Average Quality),312.9,4569,5886,5265
2024-01-28,Telangana,Siddipet,Siddipet APMC,cotton,FAQ (Fair Average Quality),34.7,7720,9325,8534
2024-01-28,Telangana,Vikarabad,Pargi APMC,rice,Grade A,60.0,4045,4700,4359
2024-01-28,Telangana,Vikarabad,Tanduru APMC,grapes,Local,318.7,6659,8471,7553
2024-01-28,Telangana,Vikarabad,Vikarabad APMC,Corn,Hybrid,138.9,2221,2517,2388
2024-01-28,Telangana,Nalgonda,Nalgonda APMC,banana,FAQ (Fair Average Quality),317.0,1801,2248,2069
2024-01-28,Telangana,Nalgonda,Nalgonda APMC,watermelon,Hybrid,35.6,1174,1416,1317
2024-01-28,Telangana,Nalgonda,Neredcherla APMC,Chana,Grade A,315.0,5323,6156,5707
2024-01-28,Telangana,Yadadri Bhuvanagiri,Aler APMC,coconut,Hybrid,145.7,3023,3471,3200
2024-01-28,Telangana,Yadadri Bhuvanagiri,Bhongir APMC,orange,Local,57.5,4799,5803,5266
2024-01-28,Telangana,Yadadri Bhuvanagiri,Aler APMC,Moong Dal,Hybrid,208.6,7538,9036,8318
2024-01-28,Telangana,Mahbubnagar,Mahbubnagar APMC,coffee,Hybrid,160.9,9346,10835,10128
2024-01-28,Telangana,Mahbubnagar,Mahbubnagar APMC,rice,Hybrid,71.5,3221,3950,3605
2024-01-28,Telangana,Mahbubnagar,Mahbubnagar APMC,muskmelon,FAQ (Fair Average Quality),170.2,2002,2463,2276
2024-01-28,Telangana,Medak,Toopran APMC,Moth Beans,Grade A,181.6,5768,6979,6413
2024-01-28,Telangana,Medak,Medak APMC,Corn,Grade A,296.0,1996,2368,2208
2024-01-28,Telangana,Medak,Toopran APMC,mango,FAQ (Fair Average Quality),176.0,5327,6692,6009
2024-02-04,Telangana,Hyderabad,Gaddiannaram APMC,banana,FAQ (Fair Average Quality),237.0,2970,3343,3179
2024-02-04,Telangana,Hyderabad,Bowenpally APMC,jute,Hybrid,238.3,3918,4653,4250
2024-02-04,Telangana,Hyderabad,Gudimalkapur APMC,Moth Beans,Local,303.9,7189,8589,7865
2024-02-04,Telangana,Ranga Reddy,Chevella APMC,Chana,Local,89.8,5500,6813,6163
2024-02-04,Telangana,Ranga Reddy,Shadnagar APMC,papaya,Local,207.9,2224,2660,2404
2024-02-04,Telangana,Ranga Reddy,Shadnagar APMC,cotton,Grade A,200.6,7184,8369,7806
2024-02-04,Telangana,Medchal-Malkajgiri,Kukatpally APMC,Chana,Local,42.7,5013,6024,5511
2024-02-04,Telangana,Medchal-Malkajgiri,Malkajgiri Mandi,blackgram,Grade A,60.4,7199,8276,7777
2024-02-04,Telangana,Medchal-Malkajgiri,Malkajgiri Mandi,rice,Local,121.0,3911,4634,4248
2024-02-04,Telangana,Sangareddy,Patancheru APMC,banana,Grade A,180.6,2573,3254,2887
2024-02-04,Telangana,Sangareddy,Patancheru APMC,Toor Dal,FAQ (Fair Average Quality),194.9,6766,8434,7641
2024-02-04,Telangana,Sangareddy,Sadasivpet APMC,blackgram,FAQ (Fair Average Quality),250.9,7532,9445,8470
2024-02-04,Telangana,Siddipet,Vantamamidi APMC,coffee,Grade A,119.3,9454,11756,10585
2024-02-04,Telangana,Siddipet,Vantamamidi APMC,orange,Grade A,75.0,3635,4695,4168
2024-02-04,Telangana,Siddipet,Vantamamidi APMC,watermelon,FAQ (Fair Average Quality),147.7,1562,1833,1724
2024-02-04,Telangana,Vikarabad,Tanduru APMC,watermelon,Local,119.6,905,1151,991
2024-02-04,Telangana,Vikarabad,Pargi APMC,muskmelon,Grade A,140.3,1536,1888,1713
2024-02-04,Telangana,Vikarabad,Pargi APMC,jute,Hybrid,236.7,4265,4971,4638
2024-02-04,Telangana,Nalgonda,Miryalguda APMC,Rajma,FAQ (Fair Average Quality),165.2,7657,9025,8309
2024-02-04,Telangana,Nalgonda,Nalgonda APMC,jute,FAQ (Fair Average Quality),267.8,5073,5781,5413
2024-02-04,Telangana,Nalgonda,Neredcherla APMC,Corn,Hybrid,269.4,1977,2440,2245
2024-02-04,Telangana,Yadadri Bhuvanagiri,Aler APMC,watermelon,Hybrid,68.4,996,1279,1140
2024-02-04,Telangana,Yadadri Bhuvanagiri,Bhongir APMC,Corn,Grade A,183.7,1848,2167,2004
2024-02-04,Telangana,Yadadri Bhuvanagiri,Bhongir APMC,mango,Hybrid,154.9,7168,8556,7892
2024-02-04,Telangana,Mahbubnagar,Badepally APMC,coffee,Hybrid,50.0,12998,15507,14288
2024-02-04,Telangana,Mahbubnagar,Badepally APMC,orange,FAQ (Fair Average Quality),214.3,4089,4965,4488
2024-02-04,Telangana,Mahbubnagar,Mahbubnagar APMC,Corn,FAQ (Fair Average Quality),145.7,2054,2372,2176
2024-02-04,Telangana,Medak,Toopran APMC,Moong Dal,Local,42.5,7240,8971,8147
2024-02-04,Telangana,Medak,Toopran APMC,banana,Grade A,182.1,2864,3534,3170
2024-02-04,Telangana,Medak,Medak APMC,Toor Dal,FAQ (Fair Average Quality),256.6,8149,9971,9085
2024-02-11,Telangana,Hyderabad,Bowenpally APMC,muskmelon,FAQ (Fair Average Quality),161.8,1338,1612,1478
2024-02-11,Telangana,Hyderabad,Bowenpally APMC,papaya,Grade A,175.6,1701,2068,1865
2024-02-11,Telangana,Hyderabad,Gudimalkapur APMC,Rajma,FAQ (Fair Average Quality),177.0,8348,10329,9375
2024-02-11,Telangana,Ranga Reddy,Shadnagar APMC,Moong Dal,Hybrid,295.8,7500,8565,8033
2024-02-11,Telangana,Ranga Reddy,Ibrahimpatnam APMC,watermelon,Grade A,284.0,1406,1756,1626
2024-02-11,Telangana,Ranga Reddy,Chevella APMC,apple,Local,113.9,8248,10013,9098
2024-02-11,Telangana,Medchal-Malkajgiri,Malkajgiri Mandi,cotton,Local,190.0,6785,8032,7444
2024-02-11,Telangana,Medchal-Malkajgiri,Kukatpally APMC,Moth Beans,Local,35.6,7498,8785,8190
2024-02-11,Telangana,Medchal-Malkajgiri,Malkajgiri Mandi,Moong Dal,Grade A,112.0,6689,7789,7190
2024-02-11,Telangana,Sangareddy,Sadasivpet APMC,watermelon,FAQ (Fair Average Quality),244.2,1305,1612,1440
2024-02-11,Telangana,Sangareddy,Zaheerabad APMC,papaya,Grade A,61.6,1313,1508,1454
2024-02-11,Telangana,Sangareddy,Patancheru APMC,blackgram,FAQ (Fair Average Quality),135.2,7706,9192,8417
2024-02-11,Telangana,Siddipet,Siddipet APMC,papaya,Local,207.0,1445,1677,1572
2024-02-11,Telangana,Siddipet,Siddipet APMC,coffee,FAQ (Fair Average Quality),286.2,9901,11373,10593
2024-02-11,Telangana,Siddipet,Siddipet APMC,Moth Beans,FAQ (Fair Average Quality),233.1,6627,7791,7185
2024-02-11,Telangana,Vikarabad,Tanduru APMC,cotton,Hybrid,151.9,7598,9597,8576
2024-02-11,Telangana,Vikarabad,Tanduru APMC,apple,Hybrid,303.3,8529,10440,9512
2024-02-11,Telangana,Vikarabad,Pargi APMC,coffee,FAQ (Fair Average Quality),231.2,10112,12068,11087
2024-02-11,Telangana,Nalgonda,Miryalguda APMC,mango,Local,131.0,6151,7449,6792
2024-02-11,Telangana,Nalgonda,Neredcherla APMC,grapes,Local,222.9,6063,7214,6682
2024-02-11,Telangana,Nalgonda,Nalgonda APMC,muskmelon,Grade A,88.1,1500,1882,1737
2024-02-11,Telangana,Yadadri Bhuvanagiri,Bhongir APMC,Moth Beans,Grade A,49.1,6397,7674,6989
2024-02-11,Telangana,Yadadri Bhuvanagiri,Aler APMC,Corn,Local,41.0,1945,2293,2127
2024-02-11,Telangana,Yadadri Bhuvanagiri,Bhongir APMC,muskmelon,Hybrid,144.3,1743,2024,1859
2024-02-11,Telangana,Mahbubnagar,Badepally APMC,rice,FAQ (Fair Average Quality),60.3,3871,4688,4313
2024-02-11,Telangana,Mahbubnagar,Badepally APMC,Chana,Hybrid,44.0,5125,5838,5468
2024-02-11,Telangana,Mahbubnagar,Mahbubnagar APMC,watermelon,Grade A,204.5,880,1022,973
2024-02-11,Telangana,Medak,Toopran APMC,banana,Hybrid,221.3,3093,3758,3443
2024-02-11,Telangana,Medak,Toopran APMC,Rajma,Local,194.9,8147,9504,8842
2024-02-11,Telangana,Medak,Toopran APMC,cotton,Grade A,146.0,7328,8283,7840
2024-02-18,Telangana,Hyderabad,Gaddiannaram APMC,grapes,Grade A,186.0,4839,6096,5427
2024-02-18,Telangana,Hyderabad,Bowenpally APMC,blackgram,FAQ (Fair Average Quality),286.6,7398,9538,8475
2024-02-18,Telangana,Hyderabad,Gaddiannaram APMC,coconut,Hybrid,189.4,2470,2919,2736
2024-02-18,Telangana,Ranga Reddy,Chevella APMC,grapes,Grade A,78.9,7143,8643,7930
2024-02-18,Telangana,Ranga Reddy,Shadnagar APMC,rice,Hybrid,83.4,3346,4042,3680
2024-02-18,Telangana,Ranga Reddy,Ibrahimpatnam APMC,banana,Grade A,233.6,2760,3502,3083
2024-02-18,Telangana,Medchal-Malkajgiri,Kukatpally APMC,watermelon,Grade A,268.5,1097,1335,1167
2024-02-18,Telangana,Medchal-Malkajgiri,Malkajgiri Mandi,banana,Hybrid,139.6,2586,3188,2926
2024-02-18,Telangana,Medchal-Malkajgiri,Kukatpally APMC,blackgram,Grade A,186.2,7131,8769,7910
2024-02-18,Telangana,Sangareddy,Zaheerabad APMC,apple,Hybrid,41.7,8752,9835,9248
2024-02-18,Telangana,Sangareddy,Sadasivpet APMC,mango,Hybrid,191.0,5011,5754,5410
2024-02-18,Telangana,Sangareddy,Sadasivpet APMC,Rajma,Grade A,155.6,7689,8914,8338
2024-02-18,Telangana,Siddipet,Vantamamidi APMC,grapes,Hybrid,80.1,4618,5485,5050
2024-02-18,Telangana,Siddipet,Gajwel APMC,mango,Grade A,258.2,4828,5690,5298
2024-02-18,Telangana,Siddipet,Vantamamidi APMC,Toor Dal,Local,108.7,7239,8318,7815
2024-02-18,Telangana,Vikarabad,Vikarabad APMC,muskmelon,Local,252.5,1979,2346,2156
2024-02-18,Telangana,Vikarabad,Pargi APMC,coconut,FAQ (Fair Average Quality),117.9,2510,3180,2839
2024-02-18,Telangana,Vikarabad,Pargi APMC,lentil,Hybrid,45.6,6629,7638,7145
2024-02-18,Telangana,Nalgonda,Miryalguda APMC,cotton,FAQ (Fair Average Quality),217.0,7703,8736,8169
2024-02-18,Telangana,Nalgonda,Miryalguda APMC,Moth Beans,FAQ (Fair Average Quality),178.0,7260,8399,7845
2024-02-18,Telangana,Nalgonda,Miryalguda APMC,Chana,Hybrid,239.6,5458,6882,6170
2024-02-18,Telangana,Yadadri Bhuvanagiri,Bhongir APMC,Moong Dal,FAQ (Fair Average Quality),40.1,7641,9201,8390
2024-02-18,Telangana,Yadadri Bhuvanagiri,Bhongir APMC,lentil,Grade A,150.5,7117,8599,7811
2024-02-18,Telangana,Yadadri Bhuvanagiri,Bhongir APMC,grapes,Local,308.6,5379,6508,5924
2024-02-18,Telangana,Mahbubnagar,Mahbubnagar APMC,Chana,FAQ (Fair Average Quality),220.5,5501,6442,6014
2024-02-18,Telangana,Mahbubnagar,Mahbubnagar APMC,Moth Beans,Local,111.6,6432,7826,7131
2024-02-18,Telangana,Mahbubnagar,Mahbubnagar APMC,apple,Local,280.7,11828,14886,13346
2024-02-18,Telangana,Medak,Toopran APMC,Moth Beans,Local,147.2,6888,8527,7665
2024-02-18,Telangana,Medak,Toopran APMC,Moong Dal,FAQ (Fair Average Quality),200.4,7548,8649,8138
2024-02-18,Telangana,Medak,Medak APMC,grapes,Grade A,178.9,6890,8096,7470
2024-02-25,Telangana,Hyderabad,Gaddiannaram APMC,blackgram,Local,138.5,6959,8481,7686
2024-02-25,Telangana,Hyderabad,Gudimalkapur APMC,rice,Hybrid,259.2,3709,4509,4075
2024-02-25,Telangana,Hyderabad,Gudimalkapur APMC,Chana,FAQ (Fair Average Quality),147.9,5799,6726,6297
2024-02-25,Telangana,Ranga Reddy,Chevella APMC,apple,FAQ (Fair Average Quality),63.9,12803,14484,13646
2024-02-25,Telangana,Ranga Reddy,Chevella APMC,watermelon,Grade A,86.4,1023,1240,1174
2024-02-25,Telangana,Ranga Reddy,Shadnagar APMC,jute,Hybrid,275.9,4083,4820,4486
2024-02-25,Telangana,Medchal-Malkajgiri,Malkajgiri Mandi,coconut,Local,246.0,2499,3023,2714
2024-02-25,Telangana,Medchal-Malkajgiri,Malkajgiri Mandi,grapes,Hybrid,56.8,7017,8700,7853
2024-02-25,Telangana,Medchal-Malkajgiri,Kukatpally APMC,blackgram,FAQ (Fair Average Quality),155.1,6339,7754,6998
2024-02-25,Telangana,Sangareddy,Sadasivpet APMC,coffee,Grade A,114.2,13135,16381,14774
2024-02-25,Telangana,Sangareddy,Patancheru APMC,pomegranate,Local,116.0,9425,10868,10180
2024-02-25,Telangana,Sangareddy,Zaheerabad APMC,apple,Hybrid,153.7,10113,11835,10992
2024-02-25,Telangana,Siddipet,Vantamamidi APMC,Chana,Local,79.7,5203,6618,5891
2024-02-25,Telangana,Siddipet,Siddipet APMC,cotton,Hybrid,241.3,7378,9439,8395
2024-02-25,Telangana,Siddipet,Siddipet APMC,lentil,Grade A,161.7,7037,8778,7892
2024-02-25,Telangana,Vikarabad,Vikarabad APMC,Moong Dal,FAQ (Fair Average Quality),197.6,7110,8729,7881
2024-02-25,Telangana,Vikarabad,Vikarabad APMC,muskmelon,Grade A,52.4,1766,2035,1874
2024-02-25,Telangana,Vikarabad,Tanduru APMC,papaya,Grade A,107.7,2070,2370,2203
2024-02-25,Telangana,Nalgonda,Miryalguda APMC,Corn,FAQ (Fair Average Quality),230.5,2074,2542,2308
2024-02-25,Telangana,Nalgonda,Neredcherla APMC,muskmelon,Local,115.9,1169,1397,1332
2024-02-25,Telangana,Nalgonda,Neredcherla APMC,Rajma,Hybrid,275.0,7630,9564,8632
2024-02-25,Telangana,Yadadri Bhuvanagiri,Aler APMC,grapes,Hybrid,252.9,5149,6229,5700
2024-02-25,Telangana,Yadadri Bhuvanagiri,Bhongir APMC,papaya,Hybrid,243.9,2223,2601,2412
2024-02-25,Telangana,Yadadri Bhuvanagiri,Aler APMC,Moth Beans,Hybrid,150.7,6414,7759,7085
2024-02-25,Telangana,Mahbubnagar,Badepally APMC,Moth Beans,Hybrid,55.8,6779,8781,7783
2024-02-25,Telangana,Mahbubnagar,Badepally APMC,mango,Local,194.0,3650,4489,4047
2024-02-25,Telangana,Mahbubnagar,Mahbubnagar APMC,banana,Grade A,96.6,2096,2369,2203
2024-02-25,Telangana,Medak,Medak APMC,lentil,Local,264.6,6821,8333,7574
2024-02-25,Telangana,Medak,Toopran APMC,muskmelon,Local,284.4,1525,1757,1656
2024-02-25,Telangana,Medak,Toopran APMC,papaya,Local,53.7,1595,1786,1647
2024-03-03,Telangana,Hyderabad,Bowenpally APMC,lentil,Local,94.8,5990,7441,6764
2024-03-03,Telangana,Hyderabad,Gudimalkapur APMC,Toor Dal,Local,100.0,6951,7828,7339
2024-03-03,Telangana,Hyderabad,Gaddiannaram APMC,cotton,Grade A,267.8,6957,8231,7616
2024-03-03,Telangana,Ranga Reddy,Chevella APMC,blackgram,Local,207.2,6837,8402,7581
2024-03-03,Telangana,Ranga Reddy,Shadnagar APMC,cotton,Grade A,57.4,6395,7989,7180
2024-03-03,Telangana,Ranga Reddy,Chevella APMC,Moong Dal,Grade A,91.9,7584,8649,8116
2024-03-03,Telangana,Medchal-Malkajgiri,Kukatpally APMC,Toor Dal,FAQ (Fair Average Quality),219.2,7912,10245,9045
2024-03-03,Telangana,Medchal-Malkajgiri,Kukatpally APMC,coconut,Grade A,79.3,2635,3227,2898
2024-03-03,Telangana,Medchal-Malkajgiri,Malkajgiri Mandi,orange,Grade A,43.4,4126,5125,4660
2024-03-03,Telangana,Sangareddy,Patancheru APMC,coconut,Local,263.9,2659,3305,2935
2024-03-03,Telangana,Sangareddy,Zaheerabad APMC,apple,Local,211.5,11005,12670,11797
2024-03-03,Telangana,Sangareddy,Patancheru APMC,blackgram,FAQ (Fair Average Quality),166.0,6362,7337,6805
2024-03-03,Telangana,Siddipet,Gajwel APMC,Rajma,Grade A,289.3,7835,9034,8454
2024-03-03,Telangana,Siddipet,Siddipet APMC,jute,Hybrid,154.2,4203,5084,4681
2024-03-03,Telangana,Siddipet,Gajwel APMC,blackgram,Grade A,210.1,6249,7883,7051
2024-03-03,Telangana,Vikarabad,Vikarabad APMC,Toor Dal,Grade A,66.9,7185,8323,7782
2024-03-03,Telangana,Vikarabad,Tanduru APMC,coffee,Hybrid,168.0,13534,15603,14550
2024-03-03,Telangana,Vikarabad,Vikarabad APMC,cotton,Grade A,283.8,6677,7765,7266
2024-03-03,Telangana,Nalgonda,Nalgonda APMC,coffee,Grade A,212.4,9800,11995,10890
2024-03-03,Telangana,Nalgonda,Neredcherla APMC,jute,Hybrid,62.8,5031,5700,5349
2024-03-03,Telangana,Nalgonda,Miryalguda APMC,grapes,Local,211.4,4746,5709,5250
2024-03-03,Telangana,Yadadri Bhuvanagiri,Aler APMC,Moth Beans,Hybrid,212.1,7191,8943,8022
2024-03-03,Telangana,Yadadri Bhuvanagiri,Bhongir APMC,muskmelon,FAQ (Fair Average Quality),83.5,2095,2494,2287
2024-03-03,Telangana,Yadadri Bhuvanagiri,Aler APMC,coconut,Hybrid,169.0,3222,3659,3433
2024-03-03,Telangana,Mahbubnagar,Badepally APMC,papaya,FAQ (Fair Average Quality),151.6,1574,1980,1779
2024-03-03,Telangana,Mahbubnagar,Mahbubnagar APMC,lentil,Grade A,215.7,6831,8127,7434
2024-03-03,Telangana,Mahbubnagar,Badepally APMC,Chana,FAQ (Fair Average Quality),292.3,4668,5553,5150
2024-03-03,Telangana,Medak,Medak APMC,blackgram,FAQ (Fair Average Quality),95.8,6568,7940,7216
2024-03-03,Telangana,Medak,Toopran APMC,rice,Grade A,296.8,3279,3751,3540
2024-03-03,Telangana,Medak,Toopran APMC,muskmelon,Grade A,102.5,1808,2106,1992
2024-03-10,Telangana,Hyderabad,Gudimalkapur APMC,apple,Grade A,267.8,9653,11508,10579
2024-03-10,Telangana,Hyderabad,Bowenpally APMC,rice,Local,105.4,3224,3941,3545
2024-03-10,Telangana,Hyderabad,Gaddiannaram APMC,pomegranate,Grade A,172.6,8374,10279,9318
2024-03-10,Telangana,Ranga Reddy,Ibrahimpatnam APMC,papaya,Grade A,307.3,1760,2089,1960
2024-03-10,Telangana,Ranga Reddy,Chevella APMC,blackgram,Grade A,220.8,7115,8461,7819
2024-03-10,Telangana,Ranga Reddy,Shadnagar APMC,lentil,Hybrid,254.1,5956,7187,6528
2024-03-10,Telangana,Medchal-Malkajgiri,Malkajgiri Mandi,blackgram,Hybrid,262.8,7568,9231,8439
2024-03-10,Telangana,Medchal-Malkajgiri,Kukatpally APMC,papaya,Local,315.5,2225,2691,2430
2024-03-10,Telangana,Medchal-Malkajgiri,Malkajgiri Mandi,Corn,FAQ (Fair Average Quality),69.1,1884,2253,2027
2024-03-10,Telangana,Sangareddy,Patancheru APMC,rice,FAQ (Fair Average Quality),280.8,3459,4074,3720
2024-03-10,Telangana,Sangareddy,Zaheerabad APMC,pomegranate,Grade A,126.1,7605,9137,8394
2024-03-10,Telangana,Sangareddy,Zaheerabad APMC,mango,Grade A,165.9,4955,6039,5479
2024-03-10,Telangana,Siddipet,Siddipet APMC,papaya,Grade A,318.8,1637,2107,1899
2024-03-10,Telangana,Siddipet,Vantamamidi APMC,rice,Grade A,234.3,3797,4457,4149
2024-03-10,Telangana,Siddipet,Siddipet APMC,pomegranate,Local,286.2,10441,12184,11308
2024-03-10,Telangana,Vikarabad,Tanduru APMC,apple,Grade A,142.8,11887,14450,13163
2024-03-10,Telangana,Vikarabad,Pargi APMC,banana,Local,102.3,3001,3443,3202
2024-03-10,Telangana,Vikarabad,Pargi APMC,orange,FAQ (Fair Average Quality),249.9,4006,4968,4469
2024-03-10,Telangana,Nalgonda,Nalgonda APMC,pomegranate,Grade A,125.1,7651,8667,8149
2024-03-10,Telangana,Nalgonda,Neredcherla APMC,Rajma,FAQ (Fair Average Quality),19.3,7096,9073,8111
2024-03-10,Telangana,Nalgonda,Nalgonda APMC,Moth Beans,Local,311.7,6733,8011,7412
2024-03-10,Telangana,Yadadri Bhuvanagiri,Aler APMC,mango,Grade A,209.8,5891,7284,6617
2024-03-10,Telangana,Yadadri Bhuvanagiri,Bhongir APMC,apple,Grade A,305.3,11136,13214,12154
2024-03-10,Telangana,Yadadri Bhuvanagiri,Bhongir APMC,muskmelon,FAQ (Fair Average Quality),80.5,1358,1683,1471
2024-03-10,Telangana,Mahbubnagar,Mahbubnagar APMC,Moth Beans,FAQ (Fair Average Quality),82.5,6882,8818,7836
2024-03-10,Telangana,Mahbubnagar,Badepally APMC,Chana,Grade A,178.1,4728,5875,5258
2024-03-10,Telangana,Mahbubnagar,Mahbubnagar APMC,jute,Local,18.9,4494,5610,5087
2024-03-10,Telangana,Medak,Toopran APMC,banana,FAQ (Fair Average Quality),167.5,1900,2316,2118
2024-03-10,Telangana,Medak,Medak APMC,muskmelon,Local,59.8,1734,2087,1954
2024-03-10,Telangana,Medak,Medak APMC,Moth Beans,FAQ (Fair Average Quality),20.5,5935,6790,6340
2024-03-17,Telangana,Hyderabad,Bowenpally APMC,coffee,Local,301.2,12416,15140,13762
2024-03-17,Telangana,Hyderabad,Bowenpally APMC,orange,Local,251.3,4888,5640,5241
2024-03-17,Telangana,Hyderabad,Gaddiannaram APMC,apple,Local,297.7,10135,12180,11186
2024-03-17,Telangana,Ranga Reddy,Shadnagar APMC,Toor Dal,FAQ (Fair Average Quality),91.6,7743,9659,8727
2024-03-17,Telangana,Ranga Reddy,Chevella APMC,orange,Hybrid,201.3,4184,5179,4669
2024-03-17,Telangana,Ranga Reddy,Ibrahimpatnam APMC,coconut,Local,121.2,3168,3666,3456
2024-03-17,Telangana,Medchal-Malkajgiri,Malkajgiri Mandi,pomegranate,Local,88.1,8739,10089,9371
2024-03-17,Telangana,Medchal-Malkajgiri,Kukatpally APMC,Moth Beans,Hybrid,78.6,7296,9059,8147
2024-03-17,Telangana,Medchal-Malkajgiri,Kukatpally APMC,grapes,Hybrid,319.8,6853,7926,7341
2024-03-17,Telangana,Sangareddy,Zaheerabad APMC,jute,Grade A,22.8,4738,5908,5371
2024-03-17,Telangana,Sangareddy,Sadasivpet APMC,Toor Dal,Grade A,200.2,7549,9371,8453
2024-03-17,Telangana,Sangareddy,Sadasivpet APMC,apple,FAQ (Fair Average Quality),80.4,12412,15228,13813
2024-03-17,Telangana,Siddipet,Vantamamidi APMC,rice,Hybrid,213.7,3131,4045,3598
2024-03-17,Telangana,Siddipet,Siddipet APMC,watermelon,Local,305.3,1289,1468,1370
2024-03-17,Telangana,Siddipet,Siddipet APMC,muskmelon,FAQ (Fair Average Quality),161.2,1283,1538,1428
2024-03-17,Telangana,Vikarabad,Pargi APMC,orange,Hybrid,164.5,4433,5699,5039
2024-03-17,Telangana,Vikarabad,Pargi APMC,watermelon,Hybrid,269.1,1511,1738,1604
2024-03-17,Telangana,Vikarabad,Pargi APMC,Chana,FAQ (Fair Average Quality),288.5,5717,6897,6328
2024-03-17,Telangana,Nalgonda,Neredcherla APMC,apple,Grade A,242.5,8619,10725,9675
2024-03-17,Telangana,Nalgonda,Miryalguda APMC,Rajma,Local,258.5,8960,10360,9669
2024-03-17,Telangana,Nalgonda,Miryalguda APMC,Moth Beans,Grade A,198.9,6218,7814,7060
2024-03-17,Telangana,Yadadri Bhuvanagiri,Bhongir APMC,cotton,FAQ (Fair Average Quality),269.2,7286,9028,8158
2024-03-17,Telangana,Yadadri Bhuvanagiri,Aler APMC,papaya,Hybrid,201.8,1709,2046,1897
2024-03-17,Telangana,Yadadri Bhuvanagiri,Aler APMC,blackgram,Hybrid,128.5,7466,9308,8397
2024-03-17,Telangana,Mahbubnagar,Mahbubnagar APMC,orange,Hybrid,269.8,4809,5702,5301
2024-03-17,Telangana,Mahbubnagar,Mahbubnagar APMC,banana,Local,120.2,1779,2207,2028
2024-03-17,Telangana,Mahbubnagar,Badepally APMC,lentil,FAQ (Fair Average Quality),66.8,6723,7834,7231
2024-03-17,Telangana,Medak,Toopran APMC,cotton,FAQ (Fair Average Quality),243.6,7281,8380,7863
2024-03-17,Telangana,Medak,Toopran APMC,papaya,FAQ (Fair Average Quality),99.8,1303,1587,1490
2024-03-17,Telangana,Medak,Toopran APMC,coconut,Grade A,67.6,2944,3390,3157
2024-03-24,Telangana,Hyderabad,Bowenpally APMC,Rajma,FAQ (Fair Average Quality),231.3,7002,8365,7706
2024-03-24,Telangana,Hyderabad,Bowenpally APMC,Corn,FAQ (Fair Average Quality),31.0,2080,2380,2245
2024-03-24,Telangana,Hyderabad,Bowenpally APMC,coffee,Grade A,127.4,8706,10257,9442
2024-03-24,Telangana,Ranga Reddy,Ibrahimpatnam APMC,Rajma,FAQ (Fair Average Quality),43.4,7976,9802,8937
2024-03-24,Telangana,Ranga Reddy,Ibrahimpatnam APMC,watermelon,FAQ (Fair Average Quality),145.1,1033,1296,1143
2024-03-24,Telangana,Ranga Reddy,Chevella APMC,Chana,FAQ (Fair Average Quality),33.4,5223,6242,5719
2024-03-24,Telangana,Medchal-Malkajgiri,Kukatpally APMC,Moth Beans,Grade A,104.2,6702,8620,7655
2024-03-24,Telangana,Medchal-Malkajgiri,Malkajgiri Mandi,pomegranate,Grade A,125.2,8640,11041,9795
2024-03-24,Telangana,Medchal-Malkajgiri,Kukatpally APMC,papaya,Hybrid,157.6,2191,2734,2464
2024-03-24,Telangana,Sangareddy,Sadasivpet APMC,rice,FAQ (Fair Average Quality),228.8,3383,4181,3767
2024-03-24,Telangana,Sangareddy,Patancheru APMC,coconut,FAQ (Fair Average Quality),246.7,3200,3800,3519
2024-03-24,Telangana,Sangareddy,Zaheerabad APMC,mango,FAQ (Fair Average Quality),115.5,6639,8021,7360
2024-03-24,Telangana,Siddipet,Siddipet APMC,grapes,FAQ (Fair Average Quality),69.7,6661,8163,7367
2024-03-24,Telangana,Siddipet,Vantamamidi APMC,lentil,Grade A,34.2,5920,6995,6491
2024-03-24,Telangana,Siddipet,Gajwel APMC,Moth Beans,FAQ (Fair Average Quality),199.2,6695,8264,7482
2024-03-24,Telangana,Vikarabad,Vikarabad APMC,Moth Beans,Hybrid,260.2,5889,7054,6429
2024-03-24,Telangana,Vikarabad,Pargi APMC,jute,Hybrid,112.9,4886,5977,5404
2024-03-24,Telangana,Vikarabad,Vikarabad APMC,Moong Dal,Local,118.2,7141,8349,7771
2024-03-24,Telangana,Nalgonda,Neredcherla APMC,muskmelon,Local,233.3,1864,2260,2055
2024-03-24,Telangana,Nalgonda,Miryalguda APMC,lentil,Hybrid,190.5,6557,7920,7214
2024-03-24,Telangana,Nalgonda,Neredcherla APMC,mango,FAQ (Fair Average Quality),226.2,3758,4555,4157
2024-03-24,Telangana,Yadadri Bhuvanagiri,Bhongir APMC,coconut,Local,100.6,3040,3807,3378
2024-03-24,Telangana,Yadadri Bhuvanagiri,Aler APMC,Moth Beans,FAQ (Fair Average Quality),295.7,6278,7259,6722
2024-03-24,Telangana,Yadadri Bhuvanagiri,Aler APMC,papaya,FAQ (Fair Average Quality),143.6,1422,1680,1591
2024-03-24,Telangana,Mahbubnagar,Mahbubnagar APMC,Toor Dal,Local,32.6,6505,7383,6948
2024-03-24,Telangana,Mahbubnagar,Badepally APMC,blackgram,Hybrid,242.2,6566,7692,7164
2024-03-24,Telangana,Mahbubnagar,Badepally APMC,jute,Local,308.2,4352,5402,4881
2024-03-24,Telangana,Medak,Toopran APMC,Toor Dal,Local,176.9,7566,9080,8303
2024-03-24,Telangana,Medak,Toopran APMC,Rajma,Hybrid,254.6,8104,9854,8968
2024-03-24,Telangana,Medak,Toopran APMC,orange,Hybrid,232.2,4739,5476,5058
2024-03-31,Telangana,Hyderabad,Gudimalkapur APMC,papaya,FAQ (Fair Average Quality),84.9,2117,2523,2295
2024-03-31,Telangana,Hyderabad,Bowenpally APMC,Toor Dal,Local,189.8,7933,9081,8472
2024-03-31,Telangana,Hyderabad,Gudimalkapur APMC,mango,FAQ (Fair Average Quality),232.5,5941,7659,6786
2024-03-31,Telangana,Ranga Reddy,Chevella APMC,grapes,FAQ (Fair Average Quality),168.4,5582,6566,6116
2024-03-31,Telangana,Ranga Reddy,Chevella APMC,papaya,FAQ (Fair Average Quality),202.5,1686,2031,1899
2024-03-31,Telangana,Ranga Reddy,Ibrahimpatnam APMC,coconut,FAQ (Fair Average Quality),278.6,3397,4145,3777
2024-03-31,Telangana,Medchal-Malkajgiri,Malkajgiri Mandi,rice,Local,124.0,3036,3871,3410
2024-03-31,Telangana,Medchal-Malkajgiri,Malkajgiri Mandi,orange,Local,200.0,5288,5959,5577
2024-03-31,Telangana,Medchal-Malkajgiri,Kukatpally APMC,mango,FAQ (Fair Average Quality),305.1,4870,5935,5411
2024-03-31,Telangana,Sangareddy,Zaheerabad APMC,Corn,Hybrid,50.4,2189,2712,2478
2024-03-31,Telangana,Sangareddy,Sadasivpet APMC,Chana,Hybrid,208.1,4664,5660,5194
2024-03-31,Telangana,Sangareddy,Patancheru APMC,orange,Grade A,90.8,5408,6196,5842
2024-03-31,Telangana,Siddipet,Siddipet APMC,Rajma,Hybrid,83.5,7967,10188,9080
2024-03-31,Telangana,Siddipet,Vantamamidi APMC,coconut,Grade A,311.6,3492,4186,3808
2024-03-31,Telangana,Siddipet,Siddipet APMC,cotton,Grade A,231.1,7692,9411,8577
2024-03-31,Telangana,Vikarabad,Vikarabad APMC,lentil,FAQ (Fair Average Quality),219.7,6889,8446,7631
2024-03-31,Telangana,Vikarabad,Vikarabad APMC,watermelon,FAQ (Fair Average Quality),141.2,1242,1464,1309
2024-03-31,Telangana,Vikarabad,Vikarabad APMC,Rajma,FAQ (Fair Average Quality),312.8,8169,10141,9124
2024-03-31,Telangana,Nalgonda,Miryalguda APMC,coconut,FAQ (Fair Average Quality),282.9,3046,3633,3299
2024-03-31,Telangana,Nalgonda,Miryalguda APMC,grapes,Grade A,301.0,4572,5370,4930
2024-03-31,Telangana,Nalgonda,Nalgonda APMC,orange,Grade A,16.0,4219,5186,4689
2024-03-31,Telangana,Yadadri Bhuvanagiri,Bhongir APMC,jute,FAQ (Fair Average Quality),196.0,4099,4950,4529
2024-03-31,Telangana,Yadadri Bhuvanagiri,Aler APMC,grapes,Hybrid,117.4,6665,8505,7577
2024-03-31,Telangana,Yadadri Bhuvanagiri,Aler APMC,rice,FAQ (Fair Average Quality),260.9,3564,4207,3883
2024-03-31,Telangana,Mahbubnagar,Badepally APMC,Moong Dal,Hybrid,92.0,7223,8615,7886
2024-03-31,Telangana,Mahbubnagar,Badepally APMC,papaya,Grade A,253.4,1893,2310,2072
2024-03-31,Telangana,Mahbubnagar,Badepally APMC,pomegranate,FAQ (Fair Average Quality),167.7,8998,11044,9979
2024-03-31,Telangana,Medak,Medak APMC,orange,FAQ (Fair Average Quality),314.3,3663,4467,4044
2024-03-31,Telangana,Medak,Toopran APMC,coffee,Grade A,188.4,10301,12988,11656
2024-03-31,Telangana,Medak,Medak APMC,papaya,FAQ (Fair Average Quality),121.8,1121,1323,1235
2024-04-07,Telangana,Hyderabad,Gaddiannaram APMC,apple,FAQ (Fair Average Quality),120.2,10649,12827,11786
2024-04-07,Telangana,Hyderabad,Gaddiannaram APMC,papaya,Local,153.2,2053,2401,2194
2024-04-07,Telangana,Hyderabad,Bowenpally APMC,cotton,FAQ (Fair Average Quality),96.2,6793,7811,7346
2024-04-07,Telangana,Ranga Reddy,Ibrahimpatnam APMC,grapes,Grade A,270.8,5957,6726,6306
2024-04-07,Telangana,Ranga Reddy,Shadnagar APMC,muskmelon,Grade A,254.0,1265,1453,1380
2024-04-07,Telangana,Ranga Reddy,Ibrahimpatnam APMC,Corn,Hybrid,216.2,2501,2934,2682
2024-04-07,Telangana,Medchal-Malkajgiri,Malkajgiri Mandi,pomegranate,FAQ (Fair Average Quality),157.3,10228,12528,11407
2024-04-07,Telangana,Medchal-Malkajgiri,Kukatpally APMC,muskmelon,Local,200.8,1850,2234,1994
2024-04-07,Telangana,Medchal-Malkajgiri,Malkajgiri Mandi,lentil,Grade A,169.2,6923,7869,7381
2024-04-07,Telangana,Sangareddy,Patancheru APMC,Toor Dal,Hybrid,283.9,7919,9824,8834
2024-04-07,Telangana,Sangareddy,Zaheerabad APMC,pomegranate,Local,216.1,8422,10288,9388
2024-04-07,Telangana,Sangareddy,Sadasivpet APMC,Moth Beans,Local,21.2,6997,8155,7574
2024-04-07,Telangana,Siddipet,Siddipet APMC,muskmelon,Grade A,283.8,2014,2508,2286
2024-04-07,Telangana,Siddipet,Siddipet APMC,jute,Grade A,308.1,3954,4959,4478
2024-04-07,Telangana,Siddipet,Gajwel APMC,orange,Grade A,147.0,5184,6482,5866
2024-04-07,Telangana,Vikarabad,Pargi APMC,blackgram,Grade A,312.4,7117,9005,8067
2024-04-07,Telangana,Vikarabad,Vikarabad APMC,Chana,Grade A,271.2,4956,5643,5311
2024-04-07,Telangana,Vikarabad,Pargi APMC,grapes,FAQ (Fair Average Quality),103.0,6550,7932,7220
2024-04-07,Telangana,Nalgonda,Nalgonda APMC,lentil,Hybrid,295.1,6192,7369,6744
2024-04-07,Telangana,Nalgonda,Nalgonda APMC,coffee,Local,139.9,12217,15105,13660
2024-04-07,Telangana,Nalgonda,Neredcherla APMC,pomegranate,Grade A,55.6,9305,10851,10101
2024-04-07,Telangana,Yadadri Bhuvanagiri,Aler APMC,Moth Beans,Local,225.6,7202,8767,8026
2024-04-07,Telangana,Yadadri Bhuvanagiri,Bhongir APMC,apple,FAQ (Fair Average Quality),247.9,8259,10315,9246
2024-04-07,Telangana,Yadadri Bhuvanagiri,Bhongir APMC,Corn,Local,250.1,1741,2097,1902
2024-04-07,Telangana,Mahbubnagar,Mahbubnagar APMC,banana,Hybrid,272.0,2414,2933,2704
2024-04-07,Telangana,Mahbubnagar,Mahbubnagar APMC,orange,Local,148.4,3938,4631,4291
2024-04-07,Telangana,Mahbubnagar,Badepally APMC,grapes,FAQ (Fair Average Quality),258.5,6122,7218,6719
2024-04-07,Telangana,Medak,Toopran APMC,Moth Beans,Local,283.1,6377,7793,7097
2024-04-07,Telangana,Medak,Toopran APMC,Moong Dal,Local,106.1,6461,8198,7317
2024-04-07,Telangana,Medak,Toopran APMC,papaya,Grade A,129.2,1387,1652,1529
2024-04-14,Telangana,Hyderabad,Gaddiannaram APMC,pomegranate,FAQ (Fair Average Quality),37.5,9486,11567,10543
2024-04-14,Telangana,Hyderabad,Gaddiannaram APMC,orange,Hybrid,61.1,5046,6297,5716
2024-04-14,Telangana,Hyderabad,Gudimalkapur APMC,papaya,Local,98.1,2073,2454,2276
2024-04-14,Telangana,Ranga Reddy,Shadnagar APMC,Moong Dal,Hybrid,206.1,7557,9385,8445
2024-04-14,Telangana,Ranga Reddy,Chevella APMC,watermelon,Local,56.4,1077,1353,1226
2024-04-14,Telangana,Ranga Reddy,Shadnagar APMC,Chana,Grade A,92.9,5021,6241,5625
2024-04-14,Telangana,Medchal-Malkajgiri,Malkajgiri Mandi,rice,Hybrid,184.4,3782,4385,4109
2024-04-14,Telangana,Medchal-Malkajgiri,Malkajgiri Mandi,Moth Beans,Grade A,131.3,6900,8202,7584
2024-04-14,Telangana,Medchal-Malkajgiri,Malkajgiri Mandi,banana,Local,197.7,2208,2634,2407
2024-04-14,Telangana,Sangareddy,Sadasivpet APMC,jute,Local,279.1,4683,5529,5141
2024-04-14,Telangana,Sangareddy,Zaheerabad APMC,papaya,Grade A,317.1,2124,2473,2301
2024-04-14,Telangana,Sangareddy,Sadasivpet APMC,orange,Local,203.0,3614,4158,3861
2024-04-14,Telangana,Siddipet,Gajwel APMC,jute,FAQ (Fair Average Quality),290.4,4971,5701,5371
2024-04-14,Telangana,Siddipet,Vantamamidi APMC,Chana,Grade A,164.5,5621,6992,6355
2024-04-14,Telangana,Siddipet,Vantamamidi APMC,watermelon,Local,129.2,800,957,861
2024-04-14,Telangana,Vikarabad,Tanduru APMC,lentil,Grade A,78.9,6244,7923,7131
2024-04-14,Telangana,Vikarabad,Pargi APMC,Chana,Grade A,156.9,4838,5664,5215
2024-04-14,Telangana,Vikarabad,Pargi APMC,orange,Hybrid,50.6,3834,4726,4280
2024-04-14,Telangana,Nalgonda,Nalgonda APMC,grapes,Hybrid,82.3,6482,7839,7150
2024-04-14,Telangana,Nalgonda,Miryalguda APMC,watermelon,Grade A,295.2,1190,1465,1326
2024-04-14,Telangana,Nalgonda,Neredcherla APMC,cotton,Grade A,225.0,6886,7964,7402
2024-04-14,Telangana,Yadadri Bhuvanagiri,Aler APMC,banana,FAQ (Fair Average Quality),225.3,2330,2663,2477
2024-04-14,Telangana,Yadadri Bhuvanagiri,Aler APMC,blackgram,Local,284.0,7601,9264,8446
2024-04-14,Telangana,Yadadri Bhuvanagiri,Aler APMC,pomegranate,Grade A,72.8,7915,10233,9069
2024-04-14,Telangana,Mahbubnagar,Badepally APMC,Toor Dal,Grade A,47.0,6154,7554,6858
2024-04-14,Telangana,Mahbubnagar,Mahbubnagar APMC,Chana,FAQ (Fair Average Quality),148.4,5132,6222,5703
2024-04-14,Telangana,Mahbubnagar,Mahbubnagar APMC,coffee,Hybrid,113.3,12204,15081,13620
2024-04-14,Telangana,Medak,Medak APMC,papaya,FAQ (Fair Average Quality),218.1,2180,2724,2455
2024-04-14,Telangana,Medak,Medak APMC,pomegranate,Hybrid,80.4,9550,11417,10488
2024-04-14,Telangana,Medak,Medak APMC,watermelon,FAQ (Fair Average Quality),206.9,1479,1669,1613
2024-04-21,Telangana,Hyderabad,Gaddiannaram APMC,lentil,Hybrid,311.6,6796,8026,7364
2024-04-21,Telangana,Hyderabad,Gudimalkapur APMC,muskmelon,Hybrid,102.3,1864,2350,2085
2024-04-21,Telangana,Hyderabad,Bowenpally APMC,pomegranate,Local,249.6,7546,9225,8375
2024-04-21,Telangana,Ranga Reddy,Shadnagar APMC,Moong Dal,FAQ (Fair Average Quality),255.6,7387,9137,8235
2024-04-21,Telangana,Ranga Reddy,Ibrahimpatnam APMC,banana,Local,117.8,2954,3807,3337
2024-04-21,Telangana,Ranga Reddy,Shadnagar APMC,Chana,Local,36.9,5636,7070,6318
2024-04-21,Telangana,Medchal-Malkajgiri,Malkajgiri Mandi,Corn,Local,272.4,2018,2444,2201
2024-04-21,Telangana,Medchal-Malkajgiri,Kukatpally APMC,muskmelon,FAQ (Fair Average Quality),170.0,1210,1404,1258
2024-04-21,Telangana,Medchal-Malkajgiri,Kukatpally APMC,watermelon,FAQ (Fair Average Quality),191.4,1094,1334,1204
2024-04-21,Telangana,Sangareddy,Sadasivpet APMC,watermelon,FAQ (Fair Average Quality),147.4,1134,1362,1241
2024-04-21,Telangana,Sangareddy,Sadasivpet APMC,Rajma,Local,230.4,8544,10067,9267
2024-04-21,Telangana,Sangareddy,Zaheerabad APMC,Corn,Grade A,99.6,1886,2282,2094
2024-04-21,Telangana,Siddipet,Gajwel APMC,coffee,Local,157.1,8455,9981,9179
2024-04-21,Telangana,Siddipet,Gajwel APMC,grapes,Local,158.2,6928,8011,7496
2024-04-21,Telangana,Siddipet,Vantamamidi APMC,orange,Local,240.4,4362,5193,4786
2024-04-21,Telangana,Vikarabad,Tanduru APMC,muskmelon,Grade A,100.9,1833,2214,1993
2024-04-21,Telangana,Vikarabad,Vikarabad APMC,Chana,FAQ (Fair Average Quality),163.3,5467,6353,5942
2024-04-21,Telangana,Vikarabad,Vikarabad APMC,coconut,Local,304.3,3399,3892,3637
2024-04-21,Telangana,Nalgonda,Miryalguda APMC,Toor Dal,Local,251.0,7757,9277,8506
2024-04-21,Telangana,Nalgonda,Neredcherla APMC,cotton,FAQ (Fair Average Quality),224.3,6754,8323,7535
2024-04-21,Telangana,Nalgonda,Miryalguda APMC,apple,Grade A,228.5,10056,11992,11007
2024-04-21,Telangana,Yadadri Bhuvanagiri,Aler APMC,Chana,Grade A,285.1,5473,6941,6217
2024-04-21,Telangana,Yadadri Bhuvanagiri,Aler APMC,Moth Beans,Local,92.6,6595,7421,7008
2024-04-21,Telangana,Yadadri Bhuvanagiri,Bhongir APMC,blackgram,Grade A,250.5,6495,7964,7269
2024-04-21,Telangana,Mahbubnagar,Badepally APMC,blackgram,FAQ (Fair Average Quality),44.8,7351,8431,7872
2024-04-21,Telangana,Mahbubnagar,Mahbubnagar APMC,orange,Hybrid,122.4,3625,4411,4049
2024-04-21,Telangana,Mahbubnagar,Badepally APMC,grapes,Local,189.0,6251,7513,6854
2024-04-21,Telangana,Medak,Toopran APMC,coffee,Local,252.1,12395,14987,13679
2024-04-21,Telangana,Medak,Medak APMC,cotton,FAQ (Fair Average Quality),83.5,6599,8258,7452
2024-04-21,Telangana,Medak,Medak APMC,Moth Beans,Grade A,190.7,6828,8647,7708
2024-04-28,Telangana,Hyderabad,Bowenpally APMC,coconut,Grade A,208.3,3138,3784,3418
2024-04-28,Telangana,Hyderabad,Bowenpally APMC,coffee,Local,78.3,9828,12273,11089
2024-04-28,Telangana,Hyderabad,Gaddiannaram APMC,mango,Local,105.2,3931,4959,4477
2024-04-28,Telangana,Ranga Reddy,Ibrahimpatnam APMC,Rajma,Grade A,47.1,7868,8897,8342
2024-04-28,Telangana,Ranga Reddy,Shadnagar APMC,Corn,Hybrid,281.9,2355,2680,2544
2024-04-28,Telangana,Ranga Reddy,Ibrahimpatnam APMC,jute,FAQ (Fair Average Quality),85.8,4373,5235,4795
2024-04-28,Telangana,Medchal-Malkajgiri,Kukatpally APMC,coffee,Hybrid,101.2,12272,14822,13537
2024-04-28,Telangana,Medchal-Malkajgiri,Kukatpally APMC,rice,FAQ (Fair Average Quality),193.7,3308,4122,3732
2024-04-28,Telangana,Medchal-Malkajgiri,Kukatpally APMC,Corn,Local,270.7,1913,2176,2041
2024-04-28,Telangana,Sangareddy,Sadasivpet APMC,watermelon,Hybrid,250.9,1085,1286,1154
2024-04-28,Telangana,Sangareddy,Patancheru APMC,orange,Hybrid,278.1,4939,5978,5450
2024-04-28,Telangana,Sangareddy,Sadasivpet APMC,coconut,Hybrid,95.6,3097,3587,3306
2024-04-28,Telangana,Siddipet,Vantamamidi APMC,apple,FAQ (Fair Average Quality),108.6,9251,11560,10431
2024-04-28,Telangana,Siddipet,Vantamamidi APMC,blackgram,Grade A,176.2,6694,7583,7146
2024-04-28,Telangana,Siddipet,Gajwel APMC,rice,Local,54.2,3087,3689,3433
2024-04-28,Telangana,Vikarabad,Pargi APMC,Corn,Hybrid,277.8,1825,2109,1962
2024-04-28,Telangana,Vikarabad,Vikarabad APMC,jute,FAQ (Fair Average Quality),124.6,4892,6022,5472
2024-04-28,Telangana,Vikarabad,Vikarabad APMC,banana,FAQ (Fair Average Quality),109.8,2900,3530,3168
2024-04-28,Telangana,Nalgonda,Neredcherla APMC,Rajma,FAQ (Fair Average Quality),234.7,8486,9796,9091
2024-04-28,Telangana,Nalgonda,Neredcherla APMC,pomegranate,Local,68.5,9552,11852,10655
2024-04-28,Telangana,Nalgonda,Miryalguda APMC,orange,FAQ (Fair Average Quality),243.2,4916,5770,5353
2024-04-28,Telangana,Yadadri Bhuvanagiri,Bhongir APMC,Chana,FAQ (Fair Average Quality),189.7,4786,5627,5176
2024-04-28,Telangana,Yadadri Bhuvanagiri,Bhongir APMC,orange,Grade A,113.4,3527,4293,3874
2024-04-28,Telangana,Yadadri Bhuvanagiri,Aler APMC,jute,Local,69.8,4344,5437,4865
2024-04-28,Telangana,Mahbubnagar,Badepally APMC,apple,Local,24.6,11752,13849,12834
2024-04-28,Telangana,Mahbubnagar,Badepally APMC,mango,Hybrid,39.4,5097,5752,5427
2024-04-28,Telangana,Mahbubnagar,Mahbubnagar APMC,muskmelon,Hybrid,135.3,1893,2276,2075
2024-04-28,Telangana,Medak,Toopran APMC,Moth Beans,Grade A,123.4,7451,8582,7990
2024-04-28,Telangana,Medak,Medak APMC,watermelon,Hybrid,289.6,993,1176,1133
2024-04-28,Telangana,Medak,Medak APMC,pomegranate,FAQ (Fair Average Quality),303.6,8487,10528,9508
2024-05-05,Telangana,Hyderabad,Bowenpally APMC,pomegranate,Local,153.5,8008,9665,8829
2024-05-05,Telangana,Hyderabad,Gaddiannaram APMC,coconut,Grade A,263.7,2694,3227,2985
2024-05-05,Telangana,Hyderabad,Bowenpally APMC,banana,Grade A,288.1,2645,3109,2830
2024-05-05,Telangana,Ranga Reddy,Chevella APMC,grapes,Local,256.9,4734,5309,5019
2024-05-05,Telangana,Ranga Reddy,Chevella APMC,Chana,FAQ (Fair Average Quality),74.2,5343,6660,5993
2024-05-05,Telangana,Ranga Reddy,Ibrahimpatnam APMC,rice,Local,267.7,3491,4114,3776
2024-05-05,Telangana,Medchal-Malkajgiri,Kukatpally APMC,apple,Grade A,202.8,8604,10289,9478
2024-05-05,Telangana,Medchal-Malkajgiri,Kukatpally APMC,grapes,FAQ (Fair Average Quality),129.2,5876,7410,6609
2024-05-05,Telangana,Medchal-Malkajgiri,Kukatpally APMC,orange,FAQ (Fair Average Quality),255.3,4555,5236,4845
2024-05-05,Telangana,Sangareddy,Sadasivpet APMC,cotton,Grade A,18.9,7603,9261,8475
2024-05-05,Telangana,Sangareddy,Patancheru APMC,coconut,Hybrid,237.9,2602,3250,2954
2024-05-05,Telangana,Sangareddy,Patancheru APMC,Toor Dal,Local,75.8,7601,8791,8166
2024-05-05,Telangana,Siddipet,Siddipet APMC,muskmelon,FAQ (Fair Average Quality),312.2,1838,2064,1962
2024-05-05,Telangana,Siddipet,Vantamamidi APMC,cotton,FAQ (Fair Average Quality),181.2,7331,9010,8139
2024-05-05,Telangana,Siddipet,Gajwel APMC,Moong Dal,Local,230.8,6939,8448,7646
2024-05-05,Telangana,Vikarabad,Vikarabad APMC,papaya,Hybrid,241.1,1705,1939,1841
2024-05-05,Telangana,Vikarabad,Vikarabad APMC,cotton,Grade A,206.4,7176,8784,8018
2024-05-05,Telangana,Vikarabad,Vikarabad APMC,lentil,Local,109.8,6947,8347,7613
2024-05-05,Telangana,Nalgonda,Miryalguda APMC,papaya,Local,21.7,1845,2143,1976
2024-05-05,Telangana,Nalgonda,Neredcherla APMC,jute,Grade A,92.0,4779,5760,5293
2024-05-05,Telangana,Nalgonda,Miryalguda APMC,grapes,Hybrid,219.1,4765,5464,5158
2024-05-05,Telangana,Yadadri Bhuvanagiri,Bhongir APMC,coffee,FAQ (Fair Average Quality),199.9,12090,14724,13383
2024-05-05,Telangana,Yadadri Bhuvanagiri,Bhongir APMC,Moong Dal,Grade A,160.3,7358,8477,7890
2024-05-05,Telangana,Yadadri Bhuvanagiri,Aler APMC,grapes,Grade A,254.5,4278,5490,4862
2024-05-05,Telangana,Mahbubnagar,Badepally APMC,jute,Grade A,257.0,4655,5559,5149
2024-05-05,Telangana,Mahbubnagar,Mahbubnagar APMC,blackgram,Local,94.3,7123,8657,7878
2024-05-05,Telangana,Mahbubnagar,Badepally APMC,pomegranate,Grade A,280.9,9342,11138,10193
2024-05-05,Telangana,Medak,Toopran APMC,pomegranate,FAQ (Fair Average Quality),44.8,10175,12332,11278
2024-05-05,Telangana,Medak,Medak APMC,papaya,FAQ (Fair Average Quality),317.7,1468,1787,1591
2024-05-05,Telangana,Medak,Medak APMC,rice,Hybrid,176.1,3772,4684,4221
2024-05-12,Telangana,Hyderabad,Gaddiannaram APMC,jute,FAQ (Fair Average Quality),87.8,4686,5468,5116
2024-05-12,Telangana,Hyderabad,Gaddiannaram APMC,muskmelon,Hybrid,119.4,1549,1810,1644
2024-05-12,Telangana,Hyderabad,Bowenpally APMC,coconut,Local,228.3,2569,3133,2887
2024-05-12,Telangana,Ranga Reddy,Chevella APMC,Rajma,Local,295.8,7757,9861,8837
2024-05-12,Telangana,Ranga Reddy,Shadnagar APMC,mango,Local,134.4,5166,6556,5870
2024-05-12,Telangana,Ranga Reddy,Ibrahimpatnam APMC,pomegranate,Local,127.8,9800,11381,10568
2024-05-12,Telangana,Medchal-Malkajgiri,Malkajgiri Mandi,Moong Dal,Grade A,87.9,6602,8024,7314
2024-05-12,Telangana,Medchal-Malkajgiri,Kukatpally APMC,mango,FAQ (Fair Average Quality),206.9,6965,8051,7477
2024-05-12,Telangana,Medchal-Malkajgiri,Malkajgiri Mandi,Rajma,Local,53.7,7266,8998,8107
2024-05-12,Telangana,Sangareddy,Patancheru APMC,Corn,Grade A,141.3,2249,2707,2446
2024-05-12,Telangana,Sangareddy,Sadasivpet APMC,Moth Beans,Grade A,129.3,7143,8886,7978
2024-05-12,Telangana,Sangareddy,Zaheerabad APMC,cotton,FAQ (Fair Average Quality),302.6,7413,9439,8441
2024-05-12,Telangana,Siddipet,Vantamamidi APMC,Moth Beans,Local,105.3,7014,8323,7664
2024-05-12,Telangana,Siddipet,Siddipet APMC,pomegranate,Hybrid,310.3,8792,10413,9648
2024-05-12,Telangana,Siddipet,Siddipet APMC,apple,Grade A,232.3,8901,10778,9805
2024-05-12,Telangana,Vikarabad,Pargi APMC,Moth Beans,Grade A,101.6,6042,7588,6793
2024-05-12,Telangana,Vikarabad,Pargi APMC,Chana,Local,126.8,5327,6338,5798
2024-05-12,Telangana,Vikarabad,Tanduru APMC,Moong Dal,Hybrid,39.6,7343,9218,8290
2024-05-12,Telangana,Nalgonda,Miryalguda APMC,orange,Hybrid,264.9,3759,4661,4234
2024-05-12,Telangana,Nalgonda,Neredcherla APMC,Moth Beans,Local,144.6,7430,9045,8234
2024-05-12,Telangana,Nalgonda,Miryalguda APMC,pomegranate,Hybrid,201.3,10145,12699,11451
2024-05-12,Telangana,Yadadri Bhuvanagiri,Aler APMC,mango,Grade A,294.0,5621,6861,6286
2024-05-12,Telangana,Yadadri Bhuvanagiri,Aler APMC,Moth Beans,Hybrid,19.6,7205,8523,7885
2024-05-12,Telangana,Yadadri Bhuvanagiri,Bhongir APMC,grapes,Local,72.1,7272,8241,7741
2024-05-12,Telangana,Mahbubnagar,Badepally APMC,orange,FAQ (Fair Average Quality),99.2,4002,4935,4495
2024-05-12,Telangana,Mahbubnagar,Mahbubnagar APMC,rice,Grade A,179.0,3629,4471,4096
2024-05-12,Telangana,Mahbubnagar,Mahbubnagar APMC,jute,FAQ (Fair Average Quality),205.4,3942,4830,4429
2024-05-12,Telangana,Medak,Toopran APMC,Moong Dal,Local,286.9,7369,8359,7874
2024-05-12,Telangana,Medak,Toopran APMC,banana,Local,91.6,2324,2838,2554
2024-05-12,Telangana,Medak,Toopran APMC,Rajma,Grade A,85.3,8656,10257,9429
2024-05-19,Telangana,Hyderabad,Gudimalkapur APMC,Moong Dal,Grade A,57.0,7751,8980,8319
2024-05-19,Telangana,Hyderabad,Gaddiannaram APMC,grapes,FAQ (Fair Average Quality),240.7,7022,8783,7892
2024-05-19,Telangana,Hyderabad,Gudimalkapur APMC,Rajma,FAQ (Fair Average Quality),31.7,8880,10373,9671
2024-05-19,Telangana,Ranga Reddy,Shadnagar APMC,watermelon,Hybrid,254.5,1126,1430,1300
2024-05-19,Telangana,Ranga Reddy,Ibrahimpatnam APMC,Corn,Local,23.7,1776,2164,1932
2024-05-19,Telangana,Ranga Reddy,Chevella APMC,pomegranate,Local,47.7,10330,13166,11742
2024-05-19,Telangana,Medchal-Malkajgiri,Kukatpally APMC,papaya,Grade A,111.4,2200,2661,2468
2024-05-19,Telangana,Medchal-Malkajgiri,Kukatpally APMC,Chana,Local,141.8,5364,6307,5857
2024-05-19,Telangana,Medchal-Malkajgiri,Kukatpally APMC,grapes,Local,163.8,5507,6485,5991
2024-05-19,Telangana,Sangareddy,Zaheerabad APMC,coconut,Grade A,135.2,3343,4192,3742
2024-05-19,Telangana,Sangareddy,Patancheru APMC,apple,FAQ (Fair Average Quality),315.5,11024,14105,12610
2024-05-19,Telangana,Sangareddy,Sadasivpet APMC,orange,Grade A,116.0,5236,6503,5893
2024-05-19,Telangana,Siddipet,Siddipet APMC,muskmelon,Local,282.9,2051,2472,2234
2024-05-19,Telangana,Siddipet,Gajwel APMC,lentil,Hybrid,58.1,5787,7199,6502
2024-05-19,Telangana,Siddipet,Siddipet APMC,blackgram,FAQ (Fair Average Quality),294.8,6580,8374,7499
2024-05-19,Telangana,Vikarabad,Tanduru APMC,muskmelon,Hybrid,284.6,1367,1696,1521
2024-05-19,Telangana,Vikarabad,Pargi APMC,Rajma,Local,279.9,7667,9193,8397
2024-05-19,Telangana,Vikarabad,Vikarabad APMC,cotton,Grade A,75.3,6209,7547,6904
2024-05-19,Telangana,Nalgonda,Neredcherla APMC,apple,FAQ (Fair Average Quality),59.7,9656,10769,10260
2024-05-19,Telangana,Nalgonda,Neredcherla APMC,Rajma,Hybrid,138.9,8352,10437,9346
2024-05-19,Telangana,Nalgonda,Neredcherla APMC,watermelon,Hybrid,175.6,1113,1335,1239
2024-05-19,Telangana,Yadadri Bhuvanagiri,Bhongir APMC,grapes,Hybrid,303.0,6278,7894,7073
2024-05-19,Telangana,Yadadri Bhuvanagiri,Bhongir APMC,blackgram,FAQ (Fair Average Quality),114.0,6821,8211,7560
2024-05-19,Telangana,Yadadri Bhuvanagiri,Bhongir APMC,jute,Grade A,145.5,4244,5242,4712
2024-05-19,Telangana,Mahbubnagar,Mahbubnagar APMC,muskmelon,FAQ (Fair Average Quality),56.6,1173,1337,1259
2024-05-19,Telangana,Mahbubnagar,Mahbubnagar APMC,coconut,Grade A,19.8,3421,4129,3816
2024-05-19,Telangana,Mahbubnagar,Badepally APMC,grapes,Grade A,193.7,6789,7766,7305
2024-05-19,Telangana,Medak,Toopran APMC,papaya,Grade A,245.3,1977,2410,2228
2024-05-19,Telangana,Medak,Medak APMC,coconut,Hybrid,230.4,2581,3181,2874
2024-05-19,Telangana,Medak,Medak APMC,grapes,Grade A,92.1,6825,8257,7577
2024-05-26,Telangana,Hyderabad,Gaddiannaram APMC,cotton,FAQ (Fair Average Quality),35.9,6660,7967,7349
2024-05-26,Telangana,Hyderabad,Bowenpally APMC,orange,Hybrid,186.4,5114,6193,5607
2024-05-26,Telangana,Hyderabad,Gudimalkapur APMC,Moong Dal,FAQ (Fair Average Quality),239.6,7674,9014,8380
2024-05-26,Telangana,Ranga Reddy,Chevella APMC,Corn,FAQ (Fair Average Quality),242.3,1872,2209,2088
2024-05-26,Telangana,Ranga Reddy,Ibrahimpatnam APMC,cotton,Local,264.6,6694,7860,7306
2024-05-26,Telangana,Ranga Reddy,Ibrahimpatnam APMC,coconut,Grade A,245.1,3419,4121,3773
2024-05-26,Telangana,Medchal-Malkajgiri,Malkajgiri Mandi,apple,Grade A,222.2,9820,11929,10865
2024-05-26,Telangana,Medchal-Malkajgiri,Kukatpally APMC,lentil,Hybrid,70.4,7042,8850,7945
2024-05-26,Telangana,Medchal-Malkajgiri,Kukatpally APMC,rice,FAQ (Fair Average Quality),310.6,3395,4386,3930
2024-05-26,Telangana,Sangareddy,Zaheerabad APMC,Moth Beans,Hybrid,281.8,6817,8078,7445
2024-05-26,Telangana,Sangareddy,Zaheerabad APMC,orange,Grade A,301.9,3502,4242,3909
2024-05-26,Telangana,Sangareddy,Zaheerabad APMC,Chana,Grade A,71.0,5261,6543,5912
2024-05-26,Telangana,Siddipet,Vantamamidi APMC,lentil,Local,311.9,7145,8475,7764
2024-05-26,Telangana,Siddipet,Vantamamidi APMC,Moth Beans,Local,159.0,6783,8178,7430
2024-05-26,Telangana,Siddipet,Vantamamidi APMC,orange,Hybrid,78.8,4485,5321,4903
2024-05-26,Telangana,Vikarabad,Vikarabad APMC,rice,Local,100.2,3093,3743,3372
2024-05-26,Telangana,Vikarabad,Vikarabad APMC,lentil,Local,266.0,6847,8099,7457
2024-05-26,Telangana,Vikarabad,Vikarabad APMC,coconut,Grade A,75.1,3095,3742,3407
2024-05-26,Telangana,Nalgonda,Neredcherla APMC,Rajma,FAQ (Fair Average Quality),81.6,7776,9195,8494
2024-05-26,Telangana,Nalgonda,Nalgonda APMC,mango,Grade A,31.7,5748,6846,6332
2024-05-26,Telangana,Nalgonda,Neredcherla APMC,jute,Local,34.4,4443,5243,4892
2024-05-26,Telangana,Yadadri Bhuvanagiri,Aler APMC,coconut,Local,310.6,2774,3583,3172
2024-05-26,Telangana,Yadadri Bhuvanagiri,Aler APMC,grapes,Hybrid,142.0,7228,8595,7897
2024-05-26,Telangana,Yadadri Bhuvanagiri,Bhongir APMC,orange,Local,304.3,4429,5283,4840
2024-05-26,Telangana,Mahbubnagar,Mahbubnagar APMC,banana,FAQ (Fair Average Quality),48.2,2326,2798,2599
2024-05-26,Telangana,Mahbubnagar,Badepally APMC,Rajma,Grade A,228.9,8980,10894,9901
2024-05-26,Telangana,Mahbubnagar,Mahbubnagar APMC,Chana,Grade A,159.0,5241,6105,5632
2024-05-26,Telangana,Medak,Toopran APMC,Toor Dal,Grade A,172.8,6801,7943,7337
2024-05-26,Telangana,Medak,Medak APMC,banana,Local,180.6,2910,3604,3267
2024-05-26,Telangana,Medak,Toopran APMC,orange,Grade A,156.8,4097,4794,4431
2024-06-02,Telangana,Hyderabad,Bowenpally APMC,Rajma,Hybrid,266.2,7825,9627,8761
2024-06-02,Telangana,Hyderabad,Gaddiannaram APMC,Corn,FAQ (Fair Average Quality),311.4,2086,2607,2304
2024-06-02,Telangana,Hyderabad,Bowenpally APMC,apple,Hybrid,185.3,12201,14167,13180
2024-06-02,Telangana,Ranga Reddy,Ibrahimpatnam APMC,Moth Beans,FAQ (Fair Average Quality),267.0,6652,7803,7190
2024-06-02,Telangana,Ranga Reddy,Chevella APMC,muskmelon,Local,82.6,1735,2055,1888
2024-06-02,Telangana,Ranga Reddy,Ibrahimpatnam APMC,Rajma,Local,318.0,8140,9993,9070
2024-06-02,Telangana,Medchal-Malkajgiri,Malkajgiri Mandi,Rajma,Hybrid,17.7,8927,9884,9433
2024-06-02,Telangana,Medchal-Malkajgiri,Malkajgiri Mandi,rice,Local,310.6,3966,4622,4244
2024-06-02,Telangana,Medchal-Malkajgiri,Malkajgiri Mandi,coconut,Local,255.2,2472,2965,2714
2024-06-02,Telangana,Sangareddy,Zaheerabad APMC,Moong Dal,Hybrid,66.6,6642,8254,7461
2024-06-02,Telangana,Sangareddy,Patancheru APMC,cotton,Local,279.5,6598,8024,7282
2024-06-02,Telangana,Sangareddy,Patancheru APMC,Chana,FAQ (Fair Average Quality),90.9,4898,5530,5259
2024-06-02,Telangana,Siddipet,Vantamamidi APMC,Rajma,Grade A,107.7,7510,8584,8007
2024-06-02,Telangana,Siddipet,Gajwel APMC,grapes,FAQ (Fair Average Quality),28.8,4937,5805,5400
2024-06-02,Telangana,Siddipet,Siddipet APMC,Chana,Hybrid,179.3,5082,5816,5419
2024-06-02,Telangana,Vikarabad,Pargi APMC,grapes,Grade A,265.1,7114,8728,7951
2024-06-02,Telangana,Vikarabad,Pargi APMC,rice,Grade A,40.5,2941,3577,3260
2024-06-02,Telangana,Vikarabad,Pargi APMC,coffee,Local,142.9,9611,11811,10710
2024-06-02,Telangana,Nalgonda,Miryalguda APMC,blackgram,Hybrid,17.5,6457,7551,6969
2024-06-02,Telangana,Nalgonda,Nalgonda APMC,Toor Dal,Hybrid,130.9,6328,7674,6954
2024-06-02,Telangana,Nalgonda,Miryalguda APMC,muskmelon,Local,189.6,2023,2294,2111
2024-06-02,Telangana,Yadadri Bhuvanagiri,Bhongir APMC,pomegranate,Local,29.7,7618,9589,8608
2024-06-02,Telangana,Yadadri Bhuvanagiri,Aler APMC,banana,Grade A,258.7,2215,2539,2336
2024-06-02,Telangana,Yadadri Bhuvanagiri,Bhongir APMC,Moth Beans,FAQ (Fair Average Quality),85.4,5980,7097,6507
2024-06-02,Telangana,Mahbubnagar,Mahbubnagar APMC,Rajma,Grade A,153.6,7404,8921,8122
2024-06-02,Telangana,Mahbubnagar,Mahbubnagar APMC,coffee,Grade A,212.5,10307,11855,11084
2024-06-02,Telangana,Mahbubnagar,Mahbubnagar APMC,Corn,Hybrid,29.2,1864,2286,2104
2024-06-02,Telangana,Medak,Medak APMC,lentil,Grade A,81.1,6937,8095,7506
2024-06-02,Telangana,Medak,Medak APMC,mango,Grade A,212.8,5798,6478,6096
2024-06-02,Telangana,Medak,Medak APMC,Moth Beans,Hybrid,18.7,5910,6942,6473
2024-06-09,Telangana,Hyderabad,Gudimalkapur APMC,pomegranate,Hybrid,51.4,10243,12421,11365
2024-06-09,Telangana,Hyderabad,Gudimalkapur APMC,banana,Local,135.5,2125,2587,2359
2024-06-09,Telangana,Hyderabad,Gudimalkapur APMC,Moth Beans,FAQ (Fair Average Quality),274.7,6946,8693,7810
2024-06-09,Telangana,Ranga Reddy,Shadnagar APMC,rice,FAQ (Fair Average Quality),319.2,3245,4057,3669
2024-06-09,Telangana,Ranga Reddy,Chevella APMC,blackgram,FAQ (Fair Average Quality),155.2,7113,8870,8004
2024-06-09,Telangana,Ranga Reddy,Shadnagar APMC,lentil,FAQ (Fair Average Quality),262.4,6031,7148,6634
2024-06-09,Telangana,Medchal-Malkajgiri,Malkajgiri Mandi,jute,FAQ (Fair Average Quality),58.4,4250,5321,4760
2024-06-09,Telangana,Medchal-Malkajgiri,Kukatpally APMC,Rajma,FAQ (Fair Average Quality),74.0,7435,9468,8461
2024-06-09,Telangana,Medchal-Malkajgiri,Kukatpally APMC,mango,Hybrid,167.4,7473,9226,8354
2024-06-09,Telangana,Sangareddy,Patancheru APMC,muskmelon,Hybrid,105.7,1141,1405,1271
2024-06-09,Telangana,Sangareddy,Patancheru APMC,Moth Beans,Grade A,256.9,6654,7832,7217
2024-06-09,Telangana,Sangareddy,Zaheerabad APMC,Moong Dal,Local,291.0,6811,8534,7664
2024-06-09,Telangana,Siddipet,Siddipet APMC,Rajma,Hybrid,242.2,7506,9267,8386
2024-06-09,Telangana,Siddipet,Vantamamidi APMC,Corn,FAQ (Fair Average Quality),281.3,1944,2378,2157
2024-06-09,Telangana,Siddipet,Gajwel APMC,grapes,Hybrid,180.7,4497,5526,4977
2024-06-09,Telangana,Vikarabad,Pargi APMC,Moth Beans,FAQ (Fair Average Quality),21.1,5727,7061,6415
2024-06-09,Telangana,Vikarabad,Vikarabad APMC,Toor Dal,FAQ (Fair Average Quality),100.0,6696,7845,7275
2024-06-09,Telangana,Vikarabad,Pargi APMC,grapes,Grade A,218.9,6078,7591,6851
2024-06-09,Telangana,Nalgonda,Nalgonda APMC,pomegranate,Hybrid,100.4,7684,9489,8572
2024-06-09,Telangana,Nalgonda,Miryalguda APMC,blackgram,Grade A,142.6,7530,8966,8253
2024-06-09,Telangana,Nalgonda,Miryalguda APMC,cotton,Grade A,310.6,7233,8624,7943
2024-06-09,Telangana,Yadadri Bhuvanagiri,Aler APMC,apple,Grade A,267.2,9250,10973,10139
2024-06-09,Telangana,Yadadri Bhuvanagiri,Bhongir APMC,pomegranate,Grade A,311.4,9032,11147,10089
2024-06-09,Telangana,Yadadri Bhuvanagiri,Aler APMC,Rajma,Local,21.4,7912,9486,8683
2024-06-09,Telangana,Mahbubnagar,Mahbubnagar APMC,mango,Grade A,295.8,5746,7136,6410
2024-06-09,Telangana,Mahbubnagar,Mahbubnagar APMC,banana,Grade A,304.3,2962,3429,3154
2024-06-09,Telangana,Mahbubnagar,Mahbubnagar APMC,Rajma,Grade A,69.8,7463,8972,8260
2024-06-09,Telangana,Medak,Medak APMC,apple,Local,229.2,8931,10769,9826
2024-06-09,Telangana,Medak,Toopran APMC,Moong Dal,FAQ (Fair Average Quality),29.9,7419,8571,7945
2024-06-09,Telangana,Medak,Toopran APMC,coffee,Local,112.1,13567,15189,14426
2024-06-16,Telangana,Hyderabad,Gaddiannaram APMC,Toor Dal,FAQ (Fair Average Quality),207.2,6813,8156,7458
2024-06-16,Telangana,Hyderabad,Bowenpally APMC,apple,Hybrid,83.9,10787,11973,11357
2024-06-16,Telangana,Hyderabad,Bowenpally APMC,Moth Beans,Hybrid,226.0,7273,8862,8056
2024-06-16,Telangana,Ranga Reddy,Chevella APMC,mango,Local,39.2,7329,8920,8142
2024-06-16,Telangana,Ranga Reddy,Chevella APMC,banana,Hybrid,311.2,2042,2566,2315
2024-06-16,Telangana,Ranga Reddy,Shadnagar APMC,orange,Local,65.3,4006,4873,4488
2024-06-16,Telangana,Medchal-Malkajgiri,Kukatpally APMC,Moong Dal,Hybrid,286.5,6574,8109,7365
2024-06-16,Telangana,Medchal-Malkajgiri,Kukatpally APMC,pomegranate,Local,137.2,10152,12110,11149
2024-06-16,Telangana,Medchal-Malkajgiri,Malkajgiri Mandi,jute,Hybrid,210.8,4795,5934,5412
2024-06-16,Telangana,Sangareddy,Sadasivpet APMC,banana,FAQ (Fair Average Quality),148.4,1854,2120,2008
2024-06-16,Telangana,Sangareddy,Sadasivpet APMC,cotton,Grade A,310.1,6831,7925,7387
2024-06-16,Telangana,Sangareddy,Sadasivpet APMC,Moong Dal,Local,65.3,7934,9124,8490
2024-06-16,Telangana,Siddipet,Vantamamidi APMC,blackgram,Local,92.3,6233,7819,7042
2024-06-16,Telangana,Siddipet,Siddipet APMC,muskmelon,Local,318.1,1271,1594,1460
2024-06-16,Telangana,Siddipet,Gajwel APMC,coffee,Grade A,208.0,12186,13975,13108
2024-06-16,Telangana,Vikarabad,Vikarabad APMC,grapes,Hybrid,133.6,6046,6841,6444
2024-06-16,Telangana,Vikarabad,Tanduru APMC,lentil,FAQ (Fair Average Quality),71.4,6738,7918,7364
2024-06-16,Telangana,Vikarabad,Vikarabad APMC,cotton,FAQ (Fair Average Quality),74.3,6593,8142,7317
2024-06-16,Telangana,Nalgonda,Neredcherla APMC,pomegranate,Grade A,126.8,10365,12145,11290
2024-06-16,Telangana,Nalgonda,Neredcherla APMC,blackgram,Grade A,58.2,7778,9490,8675
2024-06-16,Telangana,Nalgonda,Miryalguda APMC,papaya,Local,246.7,1263,1547,1402
2024-06-16,Telangana,Yadadri Bhuvanagiri,Bhongir APMC,cotton,Grade A,191.7,7195,8439,7779
2024-06-16,Telangana,Yadadri Bhuvanagiri,Bhongir APMC,pomegranate,Grade A,96.9,10002,12663,11318
2024-06-16,Telangana,Yadadri Bhuvanagiri,Aler APMC,Rajma,Local,237.3,8636,10018,9314
2024-06-16,Telangana,Mahbubnagar,Mahbubnagar APMC,Moth Beans,Local,270.3,6945,8227,7572
2024-06-16,Telangana,Mahbubnagar,Badepally APMC,Corn,FAQ (Fair Average Quality),77.4,2419,3005,2662
2024-06-16,Telangana,Mahbubnagar,Mahbubnagar APMC,Moong Dal,Hybrid,217.3,7410,8638,8036
2024-06-16,Telangana,Medak,Toopran APMC,watermelon,FAQ (Fair Average Quality),136.3,1107,1290,1168
2024-06-16,Telangana,Medak,Medak APMC,rice,Grade A,192.1,3882,4869,4380
2024-06-16,Telangana,Medak,Toopran APMC,lentil,Hybrid,248.6,6262,7582,6932
2024-06-23,Telangana,Hyderabad,Gaddiannaram APMC,banana,FAQ (Fair Average Quality),28.3,2138,2531,2369
2024-06-23,Telangana,Hyderabad,Gaddiannaram APMC,lentil,Hybrid,259.5,6837,8210,7498
2024-06-23,Telangana,Hyderabad,Bowenpally APMC,pomegranate,Hybrid,42.3,9632,11790,10742
2024-06-23,Telangana,Ranga Reddy,Shadnagar APMC,Moong Dal,Local,177.6,7066,8353,7674
2024-06-23,Telangana,Ranga Reddy,Chevella APMC,lentil,Grade A,73.7,6341,7530,6945
2024-06-23,Telangana,Ranga Reddy,Ibrahimpatnam APMC,coffee,Grade A,205.7,11109,13218,12207
2024-06-23,Telangana,Medchal-Malkajgiri,Kukatpally APMC,rice,Grade A,35.6,3223,3897,3586
2024-06-23,Telangana,Medchal-Malkajgiri,Malkajgiri Mandi,banana,FAQ (Fair Average Quality),71.3,2046,2538,2249
2024-06-23,Telangana,Medchal-Malkajgiri,Kukatpally APMC,papaya,FAQ (Fair Average Quality),56.9,2223,2673,2497
2024-06-23,Telangana,Sangareddy,Sadasivpet APMC,papaya,FAQ (Fair Average Quality),262.5,1414,1777,1565
2024-06-23,Telangana,Sangareddy,Patancheru APMC,apple,Hybrid,158.0,11655,13678,12694
2024-06-23,Telangana,Sangareddy,Zaheerabad APMC,Corn,Local,311.5,2395,2920,2621
2024-06-23,Telangana,Siddipet,Vantamamidi APMC,grapes,Grade A,236.4,4246,5154,4672
2024-06-23,Telangana,Siddipet,Siddipet APMC,apple,Hybrid,20.9,9151,11084,10126
2024-06-23,Telangana,Siddipet,Gajwel APMC,coffee,FAQ (Fair Average Quality),236.2,9092,10687,9927
2024-06-23,Telangana,Vikarabad,Vikarabad APMC,muskmelon,Grade A,190.4,1718,1918,1797
2024-06-23,Telangana,Vikarabad,Pargi APMC,cotton,Local,77.1,6913,7797,7394
2024-06-23,Telangana,Vikarabad,Tanduru APMC,blackgram,Local,31.2,7064,8812,7900
2024-06-23,Telangana,Nalgonda,Neredcherla APMC,Rajma,Hybrid,101.1,7851,9279,8521
2024-06-23,Telangana,Nalgonda,Nalgonda APMC,Moth Beans,Grade A,288.9,6716,7865,7299
2024-06-23,Telangana,Nalgonda,Neredcherla APMC,cotton,Hybrid,17.4,7197,8840,7976
2024-06-23,Telangana,Yadadri Bhuvanagiri,Bhongir APMC,Chana,FAQ (Fair Average Quality),221.1,5692,6644,6137
2024-06-23,Telangana,Yadadri Bhuvanagiri,Aler APMC,grapes,Local,295.8,4870,5873,5394
2024-06-23,Telangana,Yadadri Bhuvanagiri,Bhongir APMC,Corn,FAQ (Fair Average Quality),80.1,2074,2642,2374
2024-06-23,Telangana,Mahbubnagar,Mahbubnagar APMC,lentil,Hybrid,282.1,7346,8505,7947
2024-06-23,Telangana,Mahbubnagar,Badepally APMC,coffee,Hybrid,312.0,11761,13900,12781
2024-06-23,Telangana,Mahbubnagar,Badepally APMC,Chana,Grade A,113.2,5865,6758,6281
2024-06-23,Telangana,Medak,Medak APMC,Toor Dal,Hybrid,49.5,7881,9548,8691
2024-06-23,Telangana,Medak,Toopran APMC,coconut,Grade A,59.3,2341,2798,2581
2024-06-23,Telangana,Medak,Toopran APMC,Moth Beans,Hybrid,32.7,7250,8608,7887
2024-06-30,Telangana,Hyderabad,Bowenpally APMC,blackgram,FAQ (Fair Average Quality),34.4,7267,8768,8009
2024-06-30,Telangana,Hyderabad,Gaddiannaram APMC,apple,FAQ (Fair Average Quality),281.5,7833,9458,8601
2024-06-30,Telangana,Hyderabad,Gaddiannaram APMC,mango,FAQ (Fair Average Quality),302.5,5670,6479,6043
2024-06-30,Telangana,Ranga Reddy,Shadnagar APMC,mango,Local,145.7,5111,6104,5623
2024-06-30,Telangana,Ranga Reddy,Chevella APMC,watermelon,Hybrid,214.1,1460,1790,1578
2024-06-30,Telangana,Ranga Reddy,Shadnagar APMC,Rajma,FAQ (Fair Average Quality),293.5,8661,10222,9465
2024-06-30,Telangana,Medchal-Malkajgiri,Malkajgiri Mandi,Rajma,FAQ (Fair Average Quality),134.4,8299,10027,9180
2024-06-30,Telangana,Medchal-Malkajgiri,Malkajgiri Mandi,Toor Dal,Hybrid,180.3,6264,7742,7010
2024-06-30,Telangana,Medchal-Malkajgiri,Kukatpally APMC,blackgram,FAQ (Fair Average Quality),316.7,6378,7541,6945
2024-06-30,Telangana,Sangareddy,Sadasivpet APMC,coconut,Local,193.5,3111,3745,3449
2024-06-30,Telangana,Sangareddy,Patancheru APMC,jute,FAQ (Fair Average Quality),116.3,4477,5160,4768
2024-06-30,Telangana,Sangareddy,Sadasivpet APMC,Toor Dal,Hybrid,319.2,8009,9287,8692
2024-06-30,Telangana,Siddipet,Gajwel APMC,Corn,Hybrid,24.6,2256,2791,2568
2024-06-30,Telangana,Siddipet,Vantamamidi APMC,Moth Beans,Hybrid,65.9,6240,7387,6787
2024-06-30,Telangana,Siddipet,Gajwel APMC,jute,Grade A,227.5,3932,5035,4475
2024-06-30,Telangana,Vikarabad,Vikarabad APMC,papaya,FAQ (Fair Average Quality),47.6,2264,2667,2430
2024-06-30,Telangana,Vikarabad,Vikarabad APMC,apple,FAQ (Fair Average Quality),123.6,8379,10031,9247
2024-06-30,Telangana,Vikarabad,Pargi APMC,banana,Local,298.9,1700,2194,1946
2024-06-30,Telangana,Nalgonda,Miryalguda APMC,coconut,Local,157.8,3050,3803,3382
2024-06-30,Telangana,Nalgonda,Neredcherla APMC,rice,Grade A,117.7,3518,4277,3946
2024-06-30,Telangana,Nalgonda,Nalgonda APMC,banana,Grade A,284.3,1992,2372,2157
2024-06-30,Telangana,Yadadri Bhuvanagiri,Aler APMC,blackgram,Hybrid,73.7,6286,7466,6854
2024-06-30,Telangana,Yadadri Bhuvanagiri,Aler APMC,lentil,FAQ (Fair Average Quality),191.3,5803,7126,6445
2024-06-30,Telangana,Yadadri Bhuvanagiri,Bhongir APMC,papaya,Local,16.4,1763,2134,1922
2024-06-30,Telangana,Mahbubnagar,Badepally APMC,banana,Local,15.3,2269,2831,2576
2024-06-30,Telangana,Mahbubnagar,Mahbubnagar APMC,muskmelon,Hybrid,242.8,1221,1501,1314
2024-06-30,Telangana,Mahbubnagar,Mahbubnagar APMC,jute,Grade A,263.9,4149,5088,4657
2024-06-30,Telangana,Medak,Toopran APMC,blackgram,Hybrid,301.4,6655,7941,7333
2024-06-30,Telangana,Medak,Toopran APMC,papaya,Local,28.8,1277,1560,1388
2024-06-30,Telangana,Medak,Medak APMC,Chana,Local,304.3,4916,6029,5436
2024-07-07,Telangana,Hyderabad,Bowenpally APMC,Moth Beans,FAQ (Fair Average Quality),210.3,6797,8228,7534
2024-07-07,Telangana,Hyderabad,Gaddiannaram APMC,Moong Dal,Hybrid,293.4,7636,9565,8617
2024-07-07,Telangana,Hyderabad,Bowenpally APMC,orange,Hybrid,267.7,3620,4450,4072
2024-07-07,Telangana,Ranga Reddy,Ibrahimpatnam APMC,watermelon,Hybrid,148.7,1075,1231,1131
2024-07-07,Telangana,Ranga Reddy,Shadnagar APMC,blackgram,Grade A,36.8,7290,8832,8020
2024-07-07,Telangana,Ranga Reddy,Chevella APMC,apple,Grade A,319.3,12015,14645,13286
2024-07-07,Telangana,Medchal-Malkajgiri,Malkajgiri Mandi,mango,Hybrid,55.4,3906,4735,4356
2024-07-07,Telangana,Medchal-Malkajgiri,Kukatpally APMC,pomegranate,FAQ (Fair Average Quality),146.8,7003,8357,7725
2024-07-07,Telangana,Medchal-Malkajgiri,Malkajgiri Mandi,Rajma,Grade A,313.7,8379,10374,9326
2024-07-07,Telangana,Sangareddy,Zaheerabad APMC,lentil,FAQ (Fair Average Quality),24.0,7265,8509,7869
2024-07-07,Telangana,Sangareddy,Sadasivpet APMC,Chana,Grade A,289.7,5380,6827,6089
2024-07-07,Telangana,Sangareddy,Sadasivpet APMC,mango,FAQ (Fair Average Quality),261.9,6244,7413,6783
2024-07-07,Telangana,Siddipet,Vantamamidi APMC,grapes,FAQ (Fair Average Quality),301.3,7153,8621,7915
2024-07-07,Telangana,Siddipet,Gajwel APMC,orange,Grade A,197.2,3387,4102,3779
2024-07-07,Telangana,Siddipet,Gajwel APMC,Corn,Hybrid,249.1,1888,2356,2099
2024-07-07,Telangana,Vikarabad,Vikarabad APMC,rice,Grade A,306.8,3828,4560,4171
2024-07-07,Telangana,Vikarabad,Vikarabad APMC,Moth Beans,Hybrid,207.1,7172,8589,7913
2024-07-07,Telangana,Vikarabad,Vikarabad APMC,coffee,Hybrid,223.4,13613,15437,14568
2024-07-07,Telangana,Nalgonda,Miryalguda APMC,muskmelon,Local,257.6,1308,1587,1439
2024-07-07,Telangana,Nalgonda,Miryalguda APMC,Toor Dal,FAQ (Fair Average Quality),96.6,7099,8175,7622
2024-07-07,Telangana,Nalgonda,Nalgonda APMC,grapes,Grade A,246.4,4570,5580,5075
2024-07-07,Telangana,Yadadri Bhuvanagiri,Aler APMC,rice,FAQ (Fair Average Quality),274.2,3270,4037,3614
2024-07-07,Telangana,Yadadri Bhuvanagiri,Bhongir APMC,lentil,Local,134.7,7202,8205,7731
2024-07-07,Telangana,Yadadri Bhuvanagiri,Aler APMC,Rajma,Local,28.7,8433,10217,9300
2024-07-07,Telangana,Mahbubnagar,Mahbubnagar APMC,Corn,FAQ (Fair Average Quality),173.5,2167,2618,2435
2024-07-07,Telangana,Mahbubnagar,Mahbubnagar APMC,Moth Beans,Local,206.3,6638,8088,7356
2024-07-07,Telangana,Mahbubnagar,Mahbubnagar APMC,papaya,FAQ (Fair Average Quality),292.3,1305,1614,1503
2024-07-07,Telangana,Medak,Medak APMC,lentil,Local,26.0,5796,6769,6261
2024-07-07,Telangana,Medak,Toopran APMC,Rajma,Grade A,186.8,8077,9747,8876
2024-07-07,Telangana,Medak,Toopran APMC,grapes,Hybrid,205.5,5585,6671,6152
2024-07-14,Telangana,Hyderabad,Gudimalkapur APMC,coconut,Hybrid,149.1,3586,4238,3947
2024-07-14,Telangana,Hyderabad,Bowenpally APMC,jute,Local,224.5,4560,5541,5057
2024-07-14,Telangana,Hyderabad,Gaddiannaram APMC,pomegranate,FAQ (Fair Average Quality),314.0,6858,8001,7429
2024-07-14,Telangana,Ranga Reddy,Ibrahimpatnam APMC,Rajma,Hybrid,157.6,8986,10800,9875
2024-07-14,Telangana,Ranga Reddy,Chevella APMC,papaya,Local,256.2,1288,1541,1433
2024-07-14,Telangana,Ranga Reddy,Shadnagar APMC,pomegranate,FAQ (Fair Average Quality),291.0,7856,9202,8495
2024-07-14,Telangana,Medchal-Malkajgiri,Kukatpally APMC,coconut,FAQ (Fair Average Quality),169.8,3414,3925,3700
2024-07-14,Telangana,Medchal-Malkajgiri,Malkajgiri Mandi,grapes,Local,152.2,5136,6370,5781
2024-07-14,Telangana,Medchal-Malkajgiri,Malkajgiri Mandi,lentil,Grade A,253.4,6395,7631,7031
2024-07-14,Telangana,Sangareddy,Sadasivpet APMC,watermelon,FAQ (Fair Average Quality),180.9,772,995,932
2024-07-14,Telangana,Sangareddy,Sadasivpet APMC,lentil,Local,70.7,7017,8522,7805
2024-07-14,Telangana,Sangareddy,Patancheru APMC,apple,FAQ (Fair Average Quality),17.2,8610,10438,9567
2024-07-14,Telangana,Siddipet,Siddipet APMC,jute,Hybrid,315.0,4345,5102,4711
2024-07-14,Telangana,Siddipet,Gajwel APMC,mango,Hybrid,241.5,5204,6500,5811
2024-07-14,Telangana,Siddipet,Vantamamidi APMC,apple,FAQ (Fair Average Quality),34.9,11325,13274,12281
2024-07-14,Telangana,Vikarabad,Pargi APMC,coffee,Hybrid,265.4,9167,10628,9915
2024-07-14,Telangana,Vikarabad,Pargi APMC,Toor Dal,Local,38.4,6507,7803,7154
2024-07-14,Telangana,Vikarabad,Pargi APMC,papaya,Local,88.9,2062,2553,2289
2024-07-14,Telangana,Nalgonda,Nalgonda APMC,muskmelon,Hybrid,241.5,1738,2231,1972
2024-07-14,Telangana,Nalgonda,Neredcherla APMC,Moong Dal,Grade A,81.3,7003,8599,7776
2024-07-14,Telangana,Nalgonda,Neredcherla APMC,banana,Grade A,32.6,2062,2329,2153
2024-07-14,Telangana,Yadadri Bhuvanagiri,Bhongir APMC,watermelon,Grade A,213.7,1111,1271,1143
2024-07-14,Telangana,Yadadri Bhuvanagiri,Aler APMC,mango,Grade A,185.5,6332,7762,7066
2024-07-14,Telangana,Yadadri Bhuvanagiri,Aler APMC,apple,Local,40.0,10636,12129,11389
2024-07-14,Telangana,Mahbubnagar,Badepally APMC,coffee,FAQ (Fair Average Quality),240.8,11436,13276,12311
2024-07-14,Telangana,Mahbubnagar,Badepally APMC,grapes,FAQ (Fair Average Quality),278.7,4504,5387,4920
2024-07-14,Telangana,Mahbubnagar,Mahbubnagar APMC,Rajma,Hybrid,45.9,8427,10285,9405
2024-07-14,Telangana,Medak,Medak APMC,apple,Local,296.0,12063,15422,13739
2024-07-14,Telangana,Medak,Toopran APMC,rice,Grade A,218.6,3852,4698,4228
2024-07-14,Telangana,Medak,Toopran APMC,grapes,Hybrid,206.5,5477,6404,5978
2024-07-21,Telangana,Hyderabad,Bowenpally APMC,muskmelon,FAQ (Fair Average Quality),161.6,1323,1603,1475
2024-07-21,Telangana,Hyderabad,Gudimalkapur APMC,coconut,Hybrid,65.8,2964,3716,3302
2024-07-21,Telangana,Hyderabad,Bowenpally APMC,jute,Grade A,294.3,4682,5683,5212
2024-07-21,Telangana,Ranga Reddy,Shadnagar APMC,coconut,Grade A,106.3,2504,3234,2873
2024-07-21,Telangana,Ranga Reddy,Shadnagar APMC,lentil,Grade A,176.2,6307,8088,7159
2024-07-21,Telangana,Ranga Reddy,Shadnagar APMC,jute,Hybrid,103.7,4537,5662,5049
2024-07-21,Telangana,Medchal-Malkajgiri,Kukatpally APMC,blackgram,Hybrid,137.3,7505,8873,8145
2024-07-21,Telangana,Medchal-Malkajgiri,Malkajgiri Mandi,jute,Grade A,159.0,4755,6082,5440
2024-07-21,Telangana,Medchal-Malkajgiri,Kukatpally APMC,lentil,Grade A,109.9,7002,7841,7414
2024-07-21,Telangana,Sangareddy,Sadasivpet APMC,orange,FAQ (Fair Average Quality),230.7,5011,6153,5585
2024-07-21,Telangana,Sangareddy,Patancheru APMC,banana,Grade A,163.3,1686,2122,1864
2024-07-21,Telangana,Sangareddy,Sadasivpet APMC,cotton,Local,123.5,7516,9625,8574
2024-07-21,Telangana,Siddipet,Gajwel APMC,rice,Local,18.0,3437,3995,3748
2024-07-21,Telangana,Siddipet,Siddipet APMC,Moth Beans,Local,31.1,6405,7963,7222
2024-07-21,Telangana,Siddipet,Vantamamidi APMC,papaya,Hybrid,282.3,1405,1676,1528
2024-07-21,Telangana,Vikarabad,Tanduru APMC,apple,Hybrid,198.2,10371,12827,11584
2024-07-21,Telangana,Vikarabad,Pargi APMC,watermelon,FAQ (Fair Average Quality),304.7,1026,1270,1140
2024-07-21,Telangana,Vikarabad,Vikarabad APMC,banana,Grade A,272.4,3071,3654,3367
2024-07-21,Telangana,Nalgonda,Nalgonda APMC,Moth Beans,FAQ (Fair Average Quality),29.7,5926,7280,6635
2024-07-21,Telangana,Nalgonda,Nalgonda APMC,coffee,FAQ (Fair Average Quality),108.8,11127,13575,12331
2024-07-21,Telangana,Nalgonda,Nalgonda APMC,mango,Grade A,319.9,4394,5434,4947
2024-07-21,Telangana,Yadadri Bhuvanagiri,Bhongir APMC,apple,Local,121.6,8000,9852,8910
2024-07-21,Telangana,Yadadri Bhuvanagiri,Aler APMC,jute,Local,191.6,4146,4981,4604
2024-07-21,Telangana,Yadadri Bhuvanagiri,Bhongir APMC,Toor Dal,Grade A,104.9,6640,7595,7112
2024-07-21,Telangana,Mahbubnagar,Badepally APMC,muskmelon,Grade A,167.7,1557,1890,1772
2024-07-21,Telangana,Mahbubnagar,Mahbubnagar APMC,Toor Dal,FAQ (Fair Average Quality),230.6,7429,8407,7961
2024-07-21,Telangana,Mahbubnagar,Badepally APMC,watermelon,Grade A,239.1,1200,1556,1371
2024-07-21,Telangana,Medak,Medak APMC,Corn,Hybrid,67.0,2292,2591,2437
2024-07-21,Telangana,Medak,Medak APMC,coffee,Grade A,124.8,9495,11360,10437
2024-07-21,Telangana,Medak,Toopran APMC,cotton,Hybrid,83.3,7653,9049,8384
2024-07-28,Telangana,Hyderabad,Bowenpally APMC,mango,FAQ (Fair Average Quality),217.6,7418,8893,8196
2024-07-28,Telangana,Hyderabad,Gaddiannaram APMC,Moong Dal,Local,89.9,7043,8007,7518
2024-07-28,Telangana,Hyderabad,Gaddiannaram APMC,muskmelon,Local,265.2,1745,2033,1898
2024-07-28,Telangana,Ranga Reddy,Chevella APMC,Rajma,Local,24.2,7372,8366,7863
2024-07-28,Telangana,Ranga Reddy,Chevella APMC,mango,Hybrid,301.5,6138,7648,6886
2024-07-28,Telangana,Ranga Reddy,Chevella APMC,jute,Local,94.2,4529,5234,4905
2024-07-28,Telangana,Medchal-Malkajgiri,Malkajgiri Mandi,coconut,FAQ (Fair Average Quality),90.4,2974,3563,3264
2024-07-28,Telangana,Medchal-Malkajgiri,Kukatpally APMC,pomegranate,Grade A,130.8,9247,10862,10091
2024-07-28,Telangana,Medchal-Malkajgiri,Malkajgiri Mandi,Corn,FAQ (Fair Average Quality),131.6,1927,2192,2106
2024-07-28,Telangana,Sangareddy,Patancheru APMC,mango,Local,93.0,6461,7917,7140
2024-07-28,Telangana,Sangareddy,Sadasivpet APMC,pomegranate,Hybrid,131.2,8127,10231,9221
2024-07-28,Telangana,Sangareddy,Zaheerabad APMC,coconut,Hybrid,311.2,2957,3560,3287
2024-07-28,Telangana,Siddipet,Gajwel APMC,coffee,Grade A,222.7,11882,14312,13084
2024-07-28,Telangana,Siddipet,Gajwel APMC,blackgram,Local,137.7,6488,8286,7435
2024-07-28,Telangana,Siddipet,Siddipet APMC,apple,Hybrid,100.3,8755,10650,9721
2024-07-28,Telangana,Vikarabad,Vikarabad APMC,orange,FAQ (Fair Average Quality),288.4,5152,6046,5614
2024-07-28,Telangana,Vikarabad,Vikarabad APMC,Corn,Local,143.9,2314,2781,2514
2024-07-28,Telangana,Vikarabad,Tanduru APMC,lentil,Local,187.4,6295,7481,6838
2024-07-28,Telangana,Nalgonda,Neredcherla APMC,apple,Hybrid,150.7,8865,10626,9718
2024-07-28,Telangana,Nalgonda,Miryalguda APMC,rice,Grade A,52.3,3365,3910,3611
2024-07-28,Telangana,Nalgonda,Miryalguda APMC,Moong Dal,Grade A,64.9,7306,8718,8042
2024-07-28,Telangana,Yadadri Bhuvanagiri,Aler APMC,coffee,FAQ (Fair Average Quality),102.2,12069,15033,13592
2024-07-28,Telangana,Yadadri Bhuvanagiri,Aler APMC,papaya,Local,81.7,1842,2305,2086
2024-07-28,Telangana,Yadadri Bhuvanagiri,Bhongir APMC,rice,Hybrid,277.7,4007,4645,4350
2024-07-28,Telangana,Mahbubnagar,Mahbubnagar APMC,watermelon,Local,107.8,1019,1193,1062
2024-07-28,Telangana,Mahbubnagar,Badepally APMC,Moong Dal,Hybrid,144.7,7635,9716,8710
2024-07-28,Telangana,Mahbubnagar,Mahbubnagar APMC,banana,FAQ (Fair Average Quality),258.7,1885,2304,2135
2024-07-28,Telangana,Medak,Toopran APMC,jute,Grade A,313.8,4724,5542,5102
2024-07-28,Telangana,Medak,Toopran APMC,banana,Local,49.8,2757,3218,3033
2024-07-28,Telangana,Medak,Medak APMC,papaya,FAQ (Fair Average Quality),233.1,1378,1731,1564
2024-08-04,Telangana,Hyderabad,Gudimalkapur APMC,Toor Dal,Hybrid,48.0,7690,8867,8277
2024-08-04,Telangana,Hyderabad,Bowenpally APMC,Moong Dal,Grade A,44.9,7502,9131,8331
2024-08-04,Telangana,Hyderabad,Gudimalkapur APMC,apple,Local,240.9,8736,10241,9534
2024-08-04,Telangana,Ranga Reddy,Chevella APMC,Corn,FAQ (Fair Average Quality),118.6,2067,2331,2218
2024-08-04,Telangana,Ranga Reddy,Ibrahimpatnam APMC,orange,FAQ (Fair Average Quality),219.6,3715,4315,4009
2024-08-04,Telangana,Ranga Reddy,Chevella APMC,grapes,Hybrid,65.8,5386,6834,6074
2024-08-04,Telangana,Medchal-Malkajgiri,Kukatpally APMC,mango,Hybrid,105.9,6923,8374,7625
2024-08-04,Telangana,Medchal-Malkajgiri,Kukatpally APMC,apple,Local,156.3,9681,11174,10424
2024-08-04,Telangana,Medchal-Malkajgiri,Malkajgiri Mandi,muskmelon,FAQ (Fair Average Quality),317.8,1226,1484,1379
2024-08-04,Telangana,Sangareddy,Sadasivpet APMC,Rajma,Grade A,317.8,7865,9076,8462
2024-08-04,Telangana,Sangareddy,Patancheru APMC,Corn,Hybrid,128.8,2285,2733,2535
2024-08-04,Telangana,Sangareddy,Zaheerabad APMC,coffee,FAQ (Fair Average Quality),30.3,10604,12611,11600
2024-08-04,Telangana,Siddipet,Vantamamidi APMC,Moth Beans,Local,60.9,6081,7319,6684
2024-08-04,Telangana,Siddipet,Vantamamidi APMC,papaya,Hybrid,201.2,1302,1461,1428
2024-08-04,Telangana,Siddipet,Gajwel APMC,cotton,Local,83.2,8042,9859,8943
2024-08-04,Telangana,Vikarabad,Pargi APMC,grapes,FAQ (Fair Average Quality),77.3,6849,8238,7534
2024-08-04,Telangana,Vikarabad,Tanduru APMC,cotton,Grade A,25.6,7817,9516,8654
2024-08-04,Telangana,Vikarabad,Vikarabad APMC,papaya,Hybrid,227.1,1929,2335,2140
2024-08-04,Telangana,Nalgonda,Miryalguda APMC,Rajma,Hybrid,127.6,8028,9804,8951
2024-08-04,Telangana,Nalgonda,Nalgonda APMC,lentil,Grade A,224.6,6734,8063,7439
2024-08-04,Telangana,Nalgonda,Miryalguda APMC,coconut,FAQ (Fair Average Quality),135.2,2379,2918,2695
2024-08-04,Telangana,Yadadri Bhuvanagiri,Bhongir APMC,blackgram,Grade A,134.5,7825,8811,8348
2024-08-04,Telangana,Yadadri Bhuvanagiri,Aler APMC,coconut,Hybrid,185.9,3203,3939,3618
2024-08-04,Telangana,Yadadri Bhuvanagiri,Bhongir APMC,watermelon,Local,305.7,1195,1337,1286
2024-08-04,Telangana,Mahbubnagar,Badepally APMC,muskmelon,FAQ (Fair Average Quality),135.3,1903,2466,2160
2024-08-04,Telangana,Mahbubnagar,Mahbubnagar APMC,Chana,FAQ (Fair Average Quality),281.3,4678,5924,5318
2024-08-04,Telangana,Mahbubnagar,Mahbubnagar APMC,orange,Hybrid,260.9,4636,5821,5250
2024-08-04,Telangana,Medak,Medak APMC,Moong Dal,FAQ (Fair Average Quality),24.8,6554,8033,7302
2024-08-04,Telangana,Medak,Medak APMC,mango,FAQ (Fair Average Quality),195.9,3910,4754,4350
2024-08-04,Telangana,Medak,Toopran APMC,papaya,Local,266.1,2005,2352,2180
2024-08-11,Telangana,Hyderabad,Gudimalkapur APMC,banana,Local,44.2,1801,2297,2037
2024-08-11,Telangana,Hyderabad,Gaddiannaram APMC,apple,Hybrid,269.8,11783,14165,12949
2024-08-11,Telangana,Hyderabad,Gudimalkapur APMC,papaya,Grade A,106.9,1837,2167,2027
2024-08-11,Telangana,Ranga Reddy,Chevella APMC,Rajma,Grade A,208.0,7240,8796,8043
2024-08-11,Telangana,Ranga Reddy,Chevella APMC,Corn,Local,193.6,2180,2608,2395
2024-08-11,Telangana,Ranga Reddy,Ibrahimpatnam APMC,banana,FAQ (Fair Average Quality),19.0,2632,3403,3018
2024-08-11,Telangana,Medchal-Malkajgiri,Malkajgiri Mandi,lentil,Local,89.8,6403,7771,7090
2024-08-11,Telangana,Medchal-Malkajgiri,Kukatpally APMC,Moong Dal,FAQ (Fair Average Quality),142.8,7282,8952,8165
2024-08-11,Telangana,Medchal-Malkajgiri,Malkajgiri Mandi,mango,FAQ (Fair Average Quality),228.2,4079,4771,4399
2024-08-11,Telangana,Sangareddy,Patancheru APMC,watermelon,Hybrid,273.6,1135,1313,1253
2024-08-11,Telangana,Sangareddy,Patancheru APMC,mango,Local,42.6,7323,8944,8092
2024-08-11,Telangana,Sangareddy,Patancheru APMC,banana,Grade A,309.2,1996,2434,2191
2024-08-11,Telangana,Siddipet,Siddipet APMC,Toor Dal,Grade A,67.8,7678,8816,8226
2024-08-11,Telangana,Siddipet,Gajwel APMC,papaya,Local,151.7,1709,2040,1831
2024-08-11,Telangana,Siddipet,Gajwel APMC,jute,Local,212.8,4132,5006,4576
2024-08-11,Telangana,Vikarabad,Tanduru APMC,Moong Dal,FAQ (Fair Average Quality),118.0,6740,8706,7758
2024-08-11,Telangana,Vikarabad,Pargi APMC,cotton,FAQ (Fair Average Quality),66.2,7173,8721,7988
2024-08-11,Telangana,Vikarabad,Pargi APMC,muskmelon,Local,52.2,1663,2034,1842
2024-08-11,Telangana,Nalgonda,Miryalguda APMC,orange,Grade A,236.7,5208,6441,5833
2024-08-11,Telangana,Nalgonda,Neredcherla APMC,Corn,Grade A,291.0,2338,2819,2543
2024-08-11,Telangana,Nalgonda,Neredcherla APMC,muskmelon,FAQ (Fair Average Quality),295.2,1867,2192,2063
2024-08-11,Telangana,Yadadri Bhuvanagiri,Aler APMC,Corn,FAQ (Fair Average Quality),236.7,2382,2990,2717
2024-08-11,Telangana,Yadadri Bhuvanagiri,Aler APMC,grapes,Local,195.7,6366,7520,6963
2024-08-11,Telangana,Yadadri Bhuvanagiri,Aler APMC,coconut,Local,203.8,3314,3913,3649
2024-08-11,Telangana,Mahbubnagar,Badepally APMC,lentil,FAQ (Fair Average Quality),274.2,5748,6881,6319
2024-08-11,Telangana,Mahbubnagar,Mahbubnagar APMC,orange,Hybrid,36.7,3558,4093,3849
2024-08-11,Telangana,Mahbubnagar,Badepally APMC,banana,FAQ (Fair Average Quality),98.2,2903,3289,3136
2024-08-11,Telangana,Medak,Toopran APMC,apple,Grade A,70.0,9808,12000,10952
2024-08-11,Telangana,Medak,Medak APMC,blackgram,Grade A,19.1,7265,8425,7857
2024-08-11,Telangana,Medak,Toopran APMC,pomegranate,Hybrid,167.1,9275,10628,9910
2024-08-18,Telangana,Hyderabad,Gudimalkapur APMC,coconut,Local,172.8,3591,4016,3787
2024-08-18,Telangana,Hyderabad,Bowenpally APMC,Rajma,Grade A,250.2,7837,9678,8714
2024-08-18,Telangana,Hyderabad,Gaddiannaram APMC,Toor Dal,FAQ (Fair Average Quality),16.8,7171,8499,7863
2024-08-18,Telangana,Ranga Reddy,Chevella APMC,Moth Beans,Hybrid,229.7,7023,8242,7608
2024-08-18,Telangana,Ranga Reddy,Shadnagar APMC,rice,Hybrid,218.0,3366,3798,3554
2024-08-18,Telangana,Ranga Reddy,Shadnagar APMC,lentil,FAQ (Fair Average Quality),274.8,6828,8149,7506
2024-08-18,Telangana,Medchal-Malkajgiri,Kukatpally APMC,muskmelon,Hybrid,109.2,1912,2276,2113
2024-08-18,Telangana,Medchal-Malkajgiri,Kukatpally APMC,Chana,Local,277.3,5294,6253,5773
2024-08-18,Telangana,Medchal-Malkajgiri,Kukatpally APMC,coffee,Hybrid,99.1,11590,14690,13148
2024-08-18,Telangana,Sangareddy,Patancheru APMC,coconut,Hybrid,143.6,2632,3307,2969
2024-08-18,Telangana,Sangareddy,Patancheru APMC,grapes,Local,173.7,7059,8391,7699
2024-08-18,Telangana,Sangareddy,Patancheru APMC,apple,Local,88.1,11370,14178,12741
2024-08-18,Telangana,Siddipet,Vantamamidi APMC,Moong Dal,Local,235.3,6814,8391,7649
2024-08-18,Telangana,Siddipet,Vantamamidi APMC,Corn,Local,193.9,1816,2167,1972
2024-08-18,Telangana,Siddipet,Vantamamidi APMC,cotton,FAQ (Fair Average Quality),114.4,7303,9165,8221
2024-08-18,Telangana,Vikarabad,Vikarabad APMC,papaya,FAQ (Fair Average Quality),315.6,1201,1422,1354
2024-08-18,Telangana,Vikarabad,Vikarabad APMC,blackgram,FAQ (Fair Average Quality),80.1,6851,8140,7507
2024-08-18,Telangana,Vikarabad,Vikarabad APMC,Moth Beans,FAQ (Fair Average Quality),133.6,6586,7866,7253
2024-08-18,Telangana,Nalgonda,Neredcherla APMC,papaya,Hybrid,88.4,2063,2410,2243
2024-08-18,Telangana,Nalgonda,Neredcherla APMC,blackgram,Grade A,152.9,6908,8142,7513
2024-08-18,Telangana,Nalgonda,Miryalguda APMC,jute,Grade A,139.6,4533,5306,4882
2024-08-18,Telangana,Yadadri Bhuvanagiri,Bhongir APMC,Moong Dal,FAQ (Fair Average Quality),174.9,7260,8628,7914
2024-08-18,Telangana,Yadadri Bhuvanagiri,Bhongir APMC,Corn,Hybrid,307.6,1983,2224,2148
2024-08-18,Telangana,Yadadri Bhuvanagiri,Bhongir APMC,muskmelon,Local,16.3,1604,2000,1755
2024-08-18,Telangana,Mahbubnagar,Badepally APMC,cotton,Grade A,67.0,7817,9600,8739
2024-08-18,Telangana,Mahbubnagar,Badepally APMC,apple,Hybrid,307.1,10749,13294,12040
2024-08-18,Telangana,Mahbubnagar,Mahbubnagar APMC,muskmelon,Grade A,131.6,1446,1847,1647
2024-08-18,Telangana,Medak,Toopran APMC,Chana,FAQ (Fair Average Quality),136.6,5075,6086,5574
2024-08-18,Telangana,Medak,Toopran APMC,coconut,Grade A,60.1,2748,3288,2969
2024-08-18,Telangana,Medak,Medak APMC,papaya,Hybrid,23.4,1841,2329,2104
2024-08-25,Telangana,Hyderabad,Bowenpally APMC,jute,Local,190.4,4569,5506,5057
2024-08-25,Telangana,Hyderabad,Gudimalkapur APMC,lentil,Hybrid,214.3,6596,8259,7445
2024-08-25,Telangana,Hyderabad,Gaddiannaram APMC,papaya,Hybrid,128.5,1695,2169,1973
2024-08-25,Telangana,Ranga Reddy,Chevella APMC,Rajma,Grade A,38.2,8004,9213,8587
2024-08-25,Telangana,Ranga Reddy,Ibrahimpatnam APMC,watermelon,Local,239.6,1069,1306,1170
2024-08-25,Telangana,Ranga Reddy,Shadnagar APMC,Moth Beans,Hybrid,105.4,5801,6849,6340
2024-08-25,Telangana,Medchal-Malkajgiri,Malkajgiri Mandi,blackgram,Grade A,58.5,7701,9305,8489
2024-08-25,Telangana,Medchal-Malkajgiri,Malkajgiri Mandi,orange,Grade A,176.9,4088,4895,4478
2024-08-25,Telangana,Medchal-Malkajgiri,Kukatpally APMC,rice,Hybrid,31.2,3491,4099,3782
2024-08-25,Telangana,Sangareddy,Sadasivpet APMC,apple,Hybrid,216.0,12391,15303,13855
2024-08-25,Telangana,Sangareddy,Sadasivpet APMC,lentil,Local,168.1,6213,7461,6792
2024-08-25,Telangana,Sangareddy,Zaheerabad APMC,orange,Hybrid,266.4,4857,5873,5373
2024-08-25,Telangana,Siddipet,Vantamamidi APMC,Corn,Grade A,241.2,2379,2773,2562
2024-08-25,Telangana,Siddipet,Vantamamidi APMC,Toor Dal,Grade A,216.2,8149,9686,8932
2024-08-25,Telangana,Siddipet,Gajwel APMC,rice,Hybrid,73.0,3381,4022,3663
2024-08-25,Telangana,Vikarabad,Pargi APMC,Chana,Local,30.7,4658,5595,5109
2024-08-25,Telangana,Vikarabad,Tanduru APMC,coffee,Grade A,242.7,10823,13545,12203
2024-08-25,Telangana,Vikarabad,Vikarabad APMC,Toor Dal,Hybrid,295.3,7540,9465,8524
2024-08-25,Telangana,Nalgonda,Miryalguda APMC,coffee,Hybrid,72.1,9903,11165,10505
2024-08-25,Telangana,Nalgonda,Neredcherla APMC,rice,Hybrid,311.1,3568,4369,3994
2024-08-25,Telangana,Nalgonda,Nalgonda APMC,banana,Grade A,52.8,2496,3075,2822
2024-08-25,Telangana,Yadadri Bhuvanagiri,Aler APMC,orange,Local,88.9,3702,4320,4054
2024-08-25,Telangana,Yadadri Bhuvanagiri,Aler APMC,mango,Local,129.5,4514,5613,5051
2024-08-25,Telangana,Yadadri Bhuvanagiri,Bhongir APMC,jute,Grade A,66.1,5083,5854,5470
2024-08-25,Telangana,Mahbubnagar,Badepally APMC,Corn,FAQ (Fair Average Quality),196.9,1980,2424,2218
2024-08-25,Telangana,Mahbubnagar,Badepally APMC,coconut,Grade A,124.3,2845,3520,3156
2024-08-25,Telangana,Mahbubnagar,Mahbubnagar APMC,apple,Local,211.0,11045,12639,11851
2024-08-25,Telangana,Medak,Toopran APMC,Chana,Grade A,260.9,4606,5819,5244
2024-08-25,Telangana,Medak,Toopran APMC,banana,Grade A,185.0,1771,2150,1956
2024-08-25,Telangana,Medak,Medak APMC,grapes,Local,34.9,6047,6758,6391
2024-09-01,Telangana,Hyderabad,Gaddiannaram APMC,Rajma,Grade A,37.6,8365,10164,9284
2024-09-01,Telangana,Hyderabad,Bowenpally APMC,papaya,Hybrid,79.0,1862,2179,2047
2024-09-01,Telangana,Hyderabad,Gaddiannaram APMC,Corn,Hybrid,248.4,2354,2755,2573
2024-09-01,Telangana,Ranga Reddy,Ibrahimpatnam APMC,Chana,FAQ (Fair Average Quality),213.3,5317,6609,5926
2024-09-01,Telangana,Ranga Reddy,Shadnagar APMC,pomegranate,Grade A,20.4,8040,9854,8900
2024-09-01,Telangana,Ranga Reddy,Ibrahimpatnam APMC,coffee,Hybrid,177.9,10696,12903,11754
2024-09-01,Telangana,Medchal-Malkajgiri,Malkajgiri Mandi,muskmelon,Grade A,118.0,1592,1970,1746
2024-09-01,Telangana,Medchal-Malkajgiri,Malkajgiri Mandi,apple,Grade A,287.0,8177,9853,9032
2024-09-01,Telangana,Medchal-Malkajgiri,Kukatpally APMC,Chana,Local,114.4,4988,6126,5547
2024-09-01,Telangana,Sangareddy,Zaheerabad APMC,jute,FAQ (Fair Average Quality),244.7,4590,5806,5169
2024-09-01,Telangana,Sangareddy,Patancheru APMC,pomegranate,Grade A,56.0,8804,10333,9599
2024-09-01,Telangana,Sangareddy,Zaheerabad APMC,banana,Grade A,151.6,2746,3270,3035
2024-09-01,Telangana,Siddipet,Siddipet APMC,mango,Grade A,118.8,6399,8175,7256
2024-09-01,Telangana,Siddipet,Vantamamidi APMC,watermelon,Local,228.4,1332,1529,1414
2024-09-01,Telangana,Siddipet,Vantamamidi APMC,papaya,Hybrid,283.0,2018,2484,2254
2024-09-01,Telangana,Vikarabad,Pargi APMC,orange,FAQ (Fair Average Quality),123.3,5404,6177,5786
2024-09-01,Telangana,Vikarabad,Tanduru APMC,rice,FAQ (Fair Average Quality),245.8,2924,3571,3205
2024-09-01,Telangana,Vikarabad,Vikarabad APMC,apple,FAQ (Fair Average Quality),207.3,8269,10009,9142
2024-09-01,Telangana,Nalgonda,Neredcherla APMC,mango,Grade A,72.4,4754,5851,5259
2024-09-01,Telangana,Nalgonda,Miryalguda APMC,coconut,Grade A,310.0,3271,3848,3599
2024-09-01,Telangana,Nalgonda,Neredcherla APMC,watermelon,Local,236.2,856,1023,944
2024-09-01,Telangana,Yadadri Bhuvanagiri,Aler APMC,apple,Local,164.6,11096,13532,12293
2024-09-01,Telangana,Yadadri Bhuvanagiri,Bhongir APMC,papaya,FAQ (Fair Average Quality),21.1,2237,2659,2407
2024-09-01,Telangana,Yadadri Bhuvanagiri,Bhongir APMC,Corn,Local,202.6,1899,2197,2046
2024-09-01,Telangana,Mahbubnagar,Mahbubnagar APMC,lentil,FAQ (Fair Average Quality),150.5,5756,7405,6567
2024-09-01,Telangana,Mahbubnagar,Mahbubnagar APMC,orange,Grade A,98.9,4494,5126,4857
2024-09-01,Telangana,Mahbubnagar,Badepally APMC,muskmelon,Hybrid,48.9,1394,1726,1594
2024-09-01,Telangana,Medak,Medak APMC,lentil,Local,160.9,6204,7510,6812
2024-09-01,Telangana,Medak,Medak APMC,Corn,FAQ (Fair Average Quality),254.8,2068,2444,2293
2024-09-01,Telangana,Medak,Toopran APMC,watermelon,Grade A,297.5,1027,1190,1130
2024-09-08,Telangana,Hyderabad,Gudimalkapur APMC,blackgram,Grade A,120.6,7461,8871,8209
2024-09-08,Telangana,Hyderabad,Gaddiannaram APMC,papaya,FAQ (Fair Average Quality),135.4,1863,2270,2063
2024-09-08,Telangana,Hyderabad,Gaddiannaram APMC,Moong Dal,Hybrid,251.0,7415,9033,8201
2024-09-08,Telangana,Ranga Reddy,Shadnagar APMC,papaya,Local,179.7,1602,1871,1783
2024-09-08,Telangana,Ranga Reddy,Shadnagar APMC,watermelon,Grade A,106.2,1245,1425,1310
2024-09-08,Telangana,Ranga Reddy,Ibrahimpatnam APMC,muskmelon,FAQ (Fair Average Quality),133.5,1941,2258,2063
2024-09-08,Telangana,Medchal-Malkajgiri,Kukatpally APMC,lentil,Grade A,188.3,5854,6961,6444
2024-09-08,Telangana,Medchal-Malkajgiri,Kukatpally APMC,Corn,Local,233.8,2447,2909,2708
2024-09-08,Telangana,Medchal-Malkajgiri,Malkajgiri Mandi,mango,Hybrid,28.3,6462,8154,7331
2024-09-08,Telangana,Sangareddy,Sadasivpet APMC,Toor Dal,Grade A,39.9,7641,9309,8452
2024-09-08,Telangana,Sangareddy,Sadasivpet APMC,jute,Hybrid,144.3,4731,5899,5361
2024-09-08,Telangana,Sangareddy,Sadasivpet APMC,muskmelon,Grade A,87.1,1428,1707,1609
2024-09-08,Telangana,Siddipet,Siddipet APMC,Toor Dal,Hybrid,156.1,8129,9968,9024
2024-09-08,Telangana,Siddipet,Siddipet APMC,Rajma,Grade A,253.6,8162,9867,9003
2024-09-08,Telangana,Siddipet,Vantamamidi APMC,blackgram,Hybrid,16.5,6393,7516,6979
2024-09-08,Telangana,Vikarabad,Tanduru APMC,cotton,FAQ (Fair Average Quality),308.0,7430,8647,8000
2024-09-08,Telangana,Vikarabad,Vikarabad APMC,Corn,Grade A,97.3,2032,2454,2276
2024-09-08,Telangana,Vikarabad,Tanduru APMC,coffee,Hybrid,79.5,11216,13271,12257
2024-09-08,Telangana,Nalgonda,Neredcherla APMC,blackgram,FAQ (Fair Average Quality),303.4,7222,8669,7942
2024-09-08,Telangana,Nalgonda,Miryalguda APMC,Toor Dal,Hybrid,257.9,7380,8359,7831
2024-09-08,Telangana,Nalgonda,Nalgonda APMC,cotton,Grade A,235.1,6949,8295,7587
2024-09-08,Telangana,Yadadri Bhuvanagiri,Aler APMC,mango,Local,176.0,6719,8639,7650
2024-09-08,Telangana,Yadadri Bhuvanagiri,Bhongir APMC,watermelon,Hybrid,283.3,1130,1377,1214
2024-09-08,Telangana,Yadadri Bhuvanagiri,Aler APMC,orange,Hybrid,118.6,4638,5634,5149
2024-09-08,Telangana,Mahbubnagar,Badepally APMC,Moth Beans,Grade A,217.6,6736,8134,7426
2024-09-08,Telangana,Mahbubnagar,Badepally APMC,watermelon,Local,278.9,983,1234,1082
2024-09-08,Telangana,Mahbubnagar,Mahbubnagar APMC,jute,Hybrid,130.4,4093,5108,4562
2024-09-08,Telangana,Medak,Medak APMC,Moong Dal,Grade A,112.7,7394,8523,7955
2024-09-08,Telangana,Medak,Medak APMC,papaya,Local,259.6,1772,2194,1959
2024-09-08,Telangana,Medak,Toopran APMC,pomegranate,Hybrid,260.6,8956,11249,10108
2024-09-15,Telangana,Hyderabad,Gaddiannaram APMC,Chana,Grade A,255.6,4926,5622,5296
2024-09-15,Telangana,Hyderabad,Gudimalkapur APMC,jute,Local,256.4,4975,5626,5255
2024-09-15,Telangana,Hyderabad,Gudimalkapur APMC,banana,Hybrid,213.8,2383,2750,2592
2024-09-15,Telangana,Ranga Reddy,Shadnagar APMC,mango,FAQ (Fair Average Quality),181.5,5827,6771,6308
2024-09-15,Telangana,Ranga Reddy,Shadnagar APMC,orange,FAQ (Fair Average Quality),175.4,3830,4549,4230
2024-09-15,Telangana,Ranga Reddy,Ibrahimpatnam APMC,Moth Beans,FAQ (Fair Average Quality),184.9,6338,7497,6912
2024-09-15,Telangana,Medchal-Malkajgiri,Kukatpally APMC,grapes,FAQ (Fair Average Quality),88.6,5263,6653,5962
2024-09-15,Telangana,Medchal-Malkajgiri,Kukatpally APMC,coconut,Grade A,139.1,2738,3391,3077
2024-09-15,Telangana,Medchal-Malkajgiri,Malkajgiri Mandi,pomegranate,Hybrid,292.9,7767,9498,8595
2024-09-15,Telangana,Sangareddy,Sadasivpet APMC,blackgram,FAQ (Fair Average Quality),24.2,7684,8786,8271
2024-09-15,Telangana,Sangareddy,Patancheru APMC,mango,FAQ (Fair Average Quality),307.4,7632,9183,8393
2024-09-15,Telangana,Sangareddy,Patancheru APMC,coconut,Hybrid,24.8,3675,4139,3897
2024-09-15,Telangana,Siddipet,Gajwel APMC,Chana,FAQ (Fair Average Quality),177.4,5741,6723,6202
2024-09-15,Telangana,Siddipet,Siddipet APMC,coconut,Local,112.2,2733,3154,2901
2024-09-15,Telangana,Siddipet,Gajwel APMC,apple,Grade A,299.6,11984,15417,13674
2024-09-15,Telangana,Vikarabad,Pargi APMC,Toor Dal,FAQ (Fair Average Quality),228.5,8127,9587,8905
2024-09-15,Telangana,Vikarabad,Pargi APMC,Corn,FAQ (Fair Average Quality),99.3,1921,2257,2069
2024-09-15,Telangana,Vikarabad,Vikarabad APMC,blackgram,Local,107.0,7420,9231,8351
2024-09-15,Telangana,Nalgonda,Neredcherla APMC,Corn,Hybrid,238.8,1996,2254,2085
2024-09-15,Telangana,Nalgonda,Nalgonda APMC,jute,Grade A,83.3,3963,4799,4380
2024-09-15,Telangana,Nalgonda,Neredcherla APMC,blackgram,Grade A,133.1,6443,7807,7157
2024-09-15,Telangana,Yadadri Bhuvanagiri,Aler APMC,Toor Dal,Grade A,40.7,7468,9217,8328
2024-09-15,Telangana,Yadadri Bhuvanagiri,Aler APMC,grapes,Local,109.8,7025,8787,7929
2024-09-15,Telangana,Yadadri Bhuvanagiri,Aler APMC,cotton,Grade A,141.4,7622,9179,8447
2024-09-15,Telangana,Mahbubnagar,Badepally APMC,jute,Local,203.5,4377,4983,4702
2024-09-15,Telangana,Mahbubnagar,Mahbubnagar APMC,watermelon,Grade A,101.3,1174,1336,1297
2024-09-15,Telangana,Mahbubnagar,Mahbubnagar APMC,banana,FAQ (Fair Average Quality),220.0,2416,2770,2597
2024-09-15,Telangana,Medak,Toopran APMC,rice,Local,252.3,3045,3436,3218
2024-09-15,Telangana,Medak,Medak APMC,coffee,FAQ (Fair Average Quality),109.3,12746,15067,13954
2024-09-15,Telangana,Medak,Toopran APMC,grapes,Hybrid,228.6,4543,5432,4945
2024-09-22,Telangana,Hyderabad,Gudimalkapur APMC,banana,FAQ (Fair Average Quality),38.5,1836,2141,1967
2024-09-22,Telangana,Hyderabad,Bowenpally APMC,orange,FAQ (Fair Average Quality),199.1,4391,5240,4841
2024-09-22,Telangana,Hyderabad,Gudimalkapur APMC,Toor Dal,Local,121.3,6504,7775,7095
2024-09-22,Telangana,Ranga Reddy,Chevella APMC,mango,Local,97.3,5412,6136,5801
2024-09-22,Telangana,Ranga Reddy,Shadnagar APMC,apple,Grade A,45.0,9155,10590,9887
2024-09-22,Telangana,Ranga Reddy,Chevella APMC,jute,FAQ (Fair Average Quality),253.8,4335,5134,4725
2024-09-22,Telangana,Medchal-Malkajgiri,Kukatpally APMC,Moong Dal,FAQ (Fair Average Quality),115.9,7387,8787,8105
2024-09-22,Telangana,Medchal-Malkajgiri,Malkajgiri Mandi,Rajma,Hybrid,282.2,7583,8754,8152
2024-09-22,Telangana,Medchal-Malkajgiri,Kukatpally APMC,orange,Grade A,289.6,4796,5544,5199
2024-09-22,Telangana,Sangareddy,Zaheerabad APMC,orange,Grade A,215.3,3753,4526,4134
2024-09-22,Telangana,Sangareddy,Patancheru APMC,Toor Dal,Local,226.9,7738,9557,8598
2024-09-22,Telangana,Sangareddy,Patancheru APMC,Moong Dal,Local,260.0,6491,7741,7102
2024-09-22,Telangana,Siddipet,Siddipet APMC,pomegranate,Grade A,209.1,9841,11100,10507
2024-09-22,Telangana,Siddipet,Vantamamidi APMC,Chana,Local,74.8,5497,6601,6043
2024-09-22,Telangana,Siddipet,Gajwel APMC,mango,Local,107.1,4021,4867,4482
2024-09-22,Telangana,Vikarabad,Pargi APMC,lentil,Grade A,265.9,6963,8681,7856
2024-09-22,Telangana,Vikarabad,Vikarabad APMC,cotton,Grade A,49.6,6359,7572,6968
2024-09-22,Telangana,Vikarabad,Vikarabad APMC,coffee,Local,142.1,11240,13597,12446
2024-09-22,Telangana,Nalgonda,Miryalguda APMC,orange,Local,135.4,4871,5956,5404
2024-09-22,Telangana,Nalgonda,Nalgonda APMC,Moth Beans,FAQ (Fair Average Quality),272.2,6860,8460,7649
2024-09-22,Telangana,Nalgonda,Nalgonda APMC,pomegranate,Local,115.7,6897,8290,7589
2024-09-22,Telangana,Yadadri Bhuvanagiri,Bhongir APMC,grapes,FAQ (Fair Average Quality),305.4,7027,8260,7606
2024-09-22,Telangana,Yadadri Bhuvanagiri,Bhongir APMC,lentil,FAQ (Fair Average Quality),266.9,6737,8247,7490
2024-09-22,Telangana,Yadadri Bhuvanagiri,Bhongir APMC,Moong Dal,Hybrid,276.5,7762,9032,8368
2024-09-22,Telangana,Mahbubnagar,Mahbubnagar APMC,muskmelon,FAQ (Fair Average Quality),56.1,2019,2457,2232
2024-09-22,Telangana,Mahbubnagar,Mahbubnagar APMC,Moth Beans,Local,59.4,6468,7410,6933
2024-09-22,Telangana,Mahbubnagar,Badepally APMC,banana,FAQ (Fair Average Quality),272.9,1756,2127,1952
2024-09-22,Telangana,Medak,Medak APMC,pomegranate,Local,303.0,8630,9954,9266
2024-09-22,Telangana,Medak,Medak APMC,apple,FAQ (Fair Average Quality),220.9,11414,14755,13055
2024-09-22,Telangana,Medak,Medak APMC,Chana,Hybrid,150.3,4995,5862,5438
2024-09-29,Telangana,Hyderabad,Gaddiannaram APMC,lentil,Hybrid,194.6,6251,7572,6893
2024-09-29,Telangana,Hyderabad,Gaddiannaram APMC,Toor Dal,FAQ (Fair Average Quality),247.0,7285,8596,7972
2024-09-29,Telangana,Hyderabad,Gudimalkapur APMC,muskmelon,Local,84.9,1955,2427,2198
2024-09-29,Telangana,Ranga Reddy,Shadnagar APMC,papaya,Grade A,317.7,1528,1890,1717
2024-09-29,Telangana,Ranga Reddy,Chevella APMC,Chana,Hybrid,207.0,5416,6165,5830
2024-09-29,Telangana,Ranga Reddy,Chevella APMC,Toor Dal,Grade A,222.7,6210,7685,6917
2024-09-29,Telangana,Medchal-Malkajgiri,Malkajgiri Mandi,banana,FAQ (Fair Average Quality),237.6,1862,2288,2123
2024-09-29,Telangana,Medchal-Malkajgiri,Kukatpally APMC,Chana,Grade A,87.1,5261,6404,5871
2024-09-29,Telangana,Medchal-Malkajgiri,Malkajgiri Mandi,apple,Grade A,214.4,10954,13582,12233
2024-09-29,Telangana,Sangareddy,Sadasivpet APMC,Rajma,FAQ (Fair Average Quality),221.6,8493,9798,9134
2024-09-29,Telangana,Sangareddy,Sadasivpet APMC,Moong Dal,FAQ (Fair Average Quality),68.0,6922,8292,7577
2024-09-29,Telangana,Sangareddy,Zaheerabad APMC,coffee,Grade A,86.3,11734,14055,12870
2024-09-29,Telangana,Siddipet,Siddipet APMC,Moth Beans,FAQ (Fair Average Quality),171.7,6389,7837,7124
2024-09-29,Telangana,Siddipet,Siddipet APMC,rice,Grade A,42.0,3597,4503,4038
2024-09-29,Telangana,Siddipet,Siddipet APMC,jute,Hybrid,191.1,4598,5418,5048
2024-09-29,Telangana,Vikarabad,Pargi APMC,orange,Hybrid,80.2,5201,6243,5729
2024-09-29,Telangana,Vikarabad,Vikarabad APMC,blackgram,Local,277.3,7574,9236,8435
2024-09-29,Telangana,Vikarabad,Vikarabad APMC,Corn,FAQ (Fair Average Quality),207.4,1863,2145,1957
2024-09-29,Telangana,Nalgonda,Neredcherla APMC,Toor Dal,Grade A,297.7,7027,8700,7889
2024-09-29,Telangana,Nalgonda,Nalgonda APMC,coconut,Local,307.1,3384,3930,3678
2024-09-29,Telangana,Nalgonda,Miryalguda APMC,Rajma,Local,170.8,7927,9557,8720
2024-09-29,Telangana,Yadadri Bhuvanagiri,Aler APMC,apple,Local,49.7,11534,14266,12896
2024-09-29,Telangana,Yadadri Bhuvanagiri,Bhongir APMC,grapes,Local,165.1,4631,5947,5296
2024-09-29,Telangana,Yadadri Bhuvanagiri,Aler APMC,Moth Beans,Local,266.0,6834,8412,7657
2024-09-29,Telangana,Mahbubnagar,Badepally APMC,coconut,Local,138.1,3496,4048,3800
2024-09-29,Telangana,Mahbubnagar,Mahbubnagar APMC,Chana,Hybrid,145.6,4792,6129,5432
2024-09-29,Telangana,Mahbubnagar,Mahbubnagar APMC,pomegranate,Grade A,239.8,10014,12073,11075
2024-09-29,Telangana,Medak,Medak APMC,Moth Beans,Hybrid,95.8,5907,6843,6370
2024-09-29,Telangana,Medak,Medak APMC,orange,Grade A,314.6,4004,4718,4319
2024-09-29,Telangana,Medak,Medak APMC,Chana,Local,86.4,5441,6897,6132
2024-10-06,Telangana,Hyderabad,Gudimalkapur APMC,Toor Dal,FAQ (Fair Average Quality),153.6,7857,9478,8638
2024-10-06,Telangana,Hyderabad,Gaddiannaram APMC,grapes,FAQ (Fair Average Quality),313.5,4865,5884,5419
2024-10-06,Telangana,Hyderabad,Bowenpally APMC,Corn,FAQ (Fair Average Quality),150.8,1714,2088,1865
2024-10-06,Telangana,Ranga Reddy,Ibrahimpatnam APMC,mango,Grade A,110.8,4185,5058,4642
2024-10-06,Telangana,Ranga Reddy,Ibrahimpatnam APMC,Corn,Local,240.6,2394,3020,2659
2024-10-06,Telangana,Ranga Reddy,Ibrahimpatnam APMC,Toor Dal,Hybrid,44.7,7326,8500,7938
2024-10-06,Telangana,Medchal-Malkajgiri,Malkajgiri Mandi,Moth Beans,FAQ (Fair Average Quality),97.8,5723,7180,6411
2024-10-06,Telangana,Medchal-Malkajgiri,Malkajgiri Mandi,Chana,Hybrid,83.3,5587,6855,6244
2024-10-06,Telangana,Medchal-Malkajgiri,Kukatpally APMC,Corn,Hybrid,120.7,2070,2381,2178
2024-10-06,Telangana,Sangareddy,Zaheerabad APMC,Moong Dal,Grade A,87.1,6744,7666,7225
2024-10-06,Telangana,Sangareddy,Zaheerabad APMC,watermelon,FAQ (Fair Average Quality),75.0,1426,1769,1570
2024-10-06,Telangana,Sangareddy,Zaheerabad APMC,Corn,Grade A,212.6,1999,2340,2188
2024-10-06,Telangana,Siddipet,Gajwel APMC,banana,Grade A,61.8,2716,3359,3080
2024-10-06,Telangana,Siddipet,Siddipet APMC,Moong Dal,Grade A,294.9,7870,9072,8446
2024-10-06,Telangana,Siddipet,Vantamamidi APMC,Moth Beans,Local,42.7,6560,8349,7461
2024-10-06,Telangana,Vikarabad,Pargi APMC,coconut,Hybrid,114.7,2935,3373,3187
2024-10-06,Telangana,Vikarabad,Vikarabad APMC,Toor Dal,Grade A,32.6,7603,8921,8311
2024-10-06,Telangana,Vikarabad,Vikarabad APMC,apple,Grade A,71.9,8178,9725,8986
2024-10-06,Telangana,Nalgonda,Miryalguda APMC,rice,Hybrid,219.1,2955,3375,3128
2024-10-06,Telangana,Nalgonda,Nalgonda APMC,Moth Beans,Grade A,111.0,6354,7583,7014
2024-10-06,Telangana,Nalgonda,Miryalguda APMC,blackgram,Local,264.3,7524,8654,8044
2024-10-06,Telangana,Yadadri Bhuvanagiri,Aler APMC,Toor Dal,FAQ (Fair Average Quality),229.1,6787,8181,7486
2024-10-06,Telangana,Yadadri Bhuvanagiri,Bhongir APMC,coconut,Grade A,38.7,2636,3059,2839
2024-10-06,Telangana,Yadadri Bhuvanagiri,Bhongir APMC,coffee,Local,58.1,12481,14284,13365
2024-10-06,Telangana,Mahbubnagar,Badepally APMC,papaya,Grade A,259.6,2250,2717,2515
2024-10-06,Telangana,Mahbubnagar,Badepally APMC,rice,Hybrid,83.4,3974,4594,4330
2024-10-06,Telangana,Mahbubnagar,Mahbubnagar APMC,grapes,FAQ (Fair Average Quality),55.9,6084,7545,6832
2024-10-06,Telangana,Medak,Medak APMC,Toor Dal,Grade A,201.0,7208,8723,7987
2024-10-06,Telangana,Medak,Toopran APMC,pomegranate,Grade A,266.9,6616,8596,7616
2024-10-06,Telangana,Medak,Medak APMC,banana,Hybrid,144.8,1742,2094,1914
2024-10-13,Telangana,Hyderabad,Gudimalkapur APMC,watermelon,Hybrid,167.4,1513,1826,1679
2024-10-13,Telangana,Hyderabad,Gudimalkapur APMC,Chana,FAQ (Fair Average Quality),188.2,5285,6410,5883
2024-10-13,Telangana,Hyderabad,Gaddiannaram APMC,Moong Dal,FAQ (Fair Average Quality),317.9,7603,9045,8333
2024-10-13,Telangana,Ranga Reddy,Shadnagar APMC,jute,FAQ (Fair Average Quality),230.2,4338,5417,4892
2024-10-13,Telangana,Ranga Reddy,Chevella APMC,Toor Dal,FAQ (Fair Average Quality),146.3,7669,9250,8434
2024-10-13,Telangana,Ranga Reddy,Shadnagar APMC,lentil,Hybrid,233.7,6264,7628,6910
2024-10-13,Telangana,Medchal-Malkajgiri,Malkajgiri Mandi,orange,FAQ (Fair Average Quality),135.2,5426,6252,5816
2024-10-13,Telangana,Medchal-Malkajgiri,Malkajgiri Mandi,mango,FAQ (Fair Average Quality),319.2,6536,7988,7246
2024-10-13,Telangana,Medchal-Malkajgiri,Kukatpally APMC,coffee,Local,63.5,11036,12959,12031
2024-10-13,Telangana,Sangareddy,Patancheru APMC,coffee,FAQ (Fair Average Quality),86.5,11441,13783,12606
2024-10-13,Telangana,Sangareddy,Zaheerabad APMC,muskmelon,FAQ (Fair Average Quality),129.1,1203,1424,1320
2024-10-13,Telangana,Sangareddy,Patancheru APMC,cotton,Hybrid,123.9,7639,8782,8184
2024-10-13,Telangana,Siddipet,Gajwel APMC,Corn,Hybrid,155.4,2080,2513,2298
2024-10-13,Telangana,Siddipet,Siddipet APMC,papaya,Local,100.4,1833,2218,2051
2024-10-13,Telangana,Siddipet,Siddipet APMC,coffee,Hybrid,293.7,10606,13161,11843
2024-10-13,Telangana,Vikarabad,Pargi APMC,pomegranate,Hybrid,234.0,10710,13084,11925
2024-10-13,Telangana,Vikarabad,Pargi APMC,Moth Beans,Grade A,134.5,7003,8285,7620
2024-10-13,Telangana,Vikarabad,Tanduru APMC,apple,FAQ (Fair Average Quality),103.8,11318,13665,12464
2024-10-13,Telangana,Nalgonda,Nalgonda APMC,orange,Hybrid,233.1,4062,4869,4512
2024-10-13,Telangana,Nalgonda,Miryalguda APMC,Corn,Local,285.5,2218,2646,2396
2024-10-13,Telangana,Nalgonda,Nalgonda APMC,blackgram,Local,271.5,6808,8271,7529
2024-10-13,Telangana,Yadadri Bhuvanagiri,Aler APMC,rice,FAQ (Fair Average Quality),182.4,3340,3999,3716
2024-10-13,Telangana,Yadadri Bhuvanagiri,Bhongir APMC,watermelon,FAQ (Fair Average Quality),309.4,1145,1360,1250
2024-10-13,Telangana,Yadadri Bhuvanagiri,Aler APMC,pomegranate,FAQ (Fair Average Quality),24.9,7567,8936,8223
2024-10-13,Telangana,Mahbubnagar,Badepally APMC,jute,FAQ (Fair Average Quality),17.5,3912,4961,4464
2024-10-13,Telangana,Mahbubnagar,Mahbubnagar APMC,grapes,Hybrid,173.4,5148,6086,5620
2024-10-13,Telangana,Mahbubnagar,Mahbubnagar APMC,papaya,Hybrid,69.4,1251,1466,1404
2024-10-13,Telangana,Medak,Toopran APMC,papaya,Grade A,40.5,1209,1439,1349
2024-10-13,Telangana,Medak,Toopran APMC,Moong Dal,Local,214.9,7336,8971,8165
2024-10-13,Telangana,Medak,Medak APMC,coffee,Grade A,208.0,12736,14323,13572
2024-10-20,Telangana,Hyderabad,Gudimalkapur APMC,muskmelon,Grade A,46.6,1617,1873,1753
2024-10-20,Telangana,Hyderabad,Gaddiannaram APMC,coconut,Hybrid,132.4,2922,3335,3165
2024-10-20,Telangana,Hyderabad,Gudimalkapur APMC,cotton,Local,31.0,6464,7650,7105
2024-10-20,Telangana,Ranga Reddy,Ibrahimpatnam APMC,Corn,Hybrid,317.6,2167,2513,2345
2024-10-20,Telangana,Ranga Reddy,Ibrahimpatnam APMC,jute,Grade A,120.5,4353,5251,4825
2024-10-20,Telangana,Ranga Reddy,Shadnagar APMC,coconut,Grade A,128.8,3268,3995,3638
2024-10-20,Telangana,Medchal-Malkajgiri,Malkajgiri Mandi,coconut,Grade A,24.2,3552,4218,3917
2024-10-20,Telangana,Medchal-Malkajgiri,Kukatpally APMC,Moong Dal,FAQ (Fair Average Quality),148.8,7713,9146,8406
2024-10-20,Telangana,Medchal-Malkajgiri,Kukatpally APMC,lentil,Hybrid,300.8,6099,7439,6808
2024-10-20,Telangana,Sangareddy,Patancheru APMC,Moong Dal,Grade A,282.4,7106,9003,8019
2024-10-20,Telangana,Sangareddy,Zaheerabad APMC,apple,Local,299.2,9825,12016,10910
2024-10-20,Telangana,Sangareddy,Patancheru APMC,cotton,Local,71.7,6330,7627,6931
2024-10-20,Telangana,Siddipet,Gajwel APMC,jute,Grade A,255.5,4071,4816,4449
2024-10-20,Telangana,Siddipet,Siddipet APMC,Moth Beans,Local,301.3,6218,7192,6692
2024-10-20,Telangana,Siddipet,Vantamamidi APMC,rice,Hybrid,36.2,3562,4213,3870
2024-10-20,Telangana,Vikarabad,Tanduru APMC,Corn,Hybrid,139.9,2266,2755,2543
2024-10-20,Telangana,Vikarabad,Vikarabad APMC,grapes,FAQ (Fair Average Quality),103.8,5124,6179,5617
2024-10-20,Telangana,Vikarabad,Pargi APMC,pomegranate,Local,289.8,7221,8971,8105
2024-10-20,Telangana,Nalgonda,Neredcherla APMC,coffee,Grade A,178.0,9836,12290,11111
2024-10-20,Telangana,Nalgonda,Nalgonda APMC,Chana,Grade A,208.2,5192,6202,5743
2024-10-20,Telangana,Nalgonda,Nalgonda APMC,muskmelon,Hybrid,59.8,1897,2179,2043
2024-10-20,Telangana,Yadadri Bhuvanagiri,Bhongir APMC,jute,Hybrid,108.3,3855,4789,4347
2024-10-20,Telangana,Yadadri Bhuvanagiri,Aler APMC,Rajma,Grade A,159.9,7274,8613,7970
2024-10-20,Telangana,Yadadri Bhuvanagiri,Aler APMC,cotton,Local,140.8,6227,7435,6818
2024-10-20,Telangana,Mahbubnagar,Badepally APMC,watermelon,Local,39.0,1120,1411,1298
2024-10-20,Telangana,Mahbubnagar,Badepally APMC,Corn,Hybrid,207.8,2121,2685,2398
2024-10-20,Telangana,Mahbubnagar,Mahbubnagar APMC,blackgram,Local,304.5,6680,7751,7215
2024-10-20,Telangana,Medak,Medak APMC,pomegranate,Local,288.4,6875,8486,7684
2024-10-20,Telangana,Medak,Toopran APMC,cotton,Grade A,197.4,6366,7354,6861
2024-10-20,Telangana,Medak,Toopran APMC,banana,Local,34.7,2947,3437,3240
2024-10-27,Telangana,Hyderabad,Gaddiannaram APMC,banana,Hybrid,94.7,2212,2847,2492
2024-10-27,Telangana,Hyderabad,Bowenpally APMC,blackgram,FAQ (Fair Average Quality),87.8,7300,8609,7920
2024-10-27,Telangana,Hyderabad,Gaddiannaram APMC,apple,Hybrid,167.8,9413,11462,10408
2024-10-27,Telangana,Ranga Reddy,Ibrahimpatnam APMC,Toor Dal,Grade A,124.1,6679,8512,7546
2024-10-27,Telangana,Ranga Reddy,Chevella APMC,Moth Beans,FAQ (Fair Average Quality),150.0,7137,8530,7858
2024-10-27,Telangana,Ranga Reddy,Chevella APMC,lentil,Local,317.1,6905,8030,7482
2024-10-27,Telangana,Medchal-Malkajgiri,Malkajgiri Mandi,Chana,FAQ (Fair Average Quality),160.8,5297,6432,5825
2024-10-27,Telangana,Medchal-Malkajgiri,Kukatpally APMC,mango,Local,28.5,5812,6510,6190
2024-10-27,Telangana,Medchal-Malkajgiri,Kukatpally APMC,orange,Local,94.4,4689,5618,5120
2024-10-27,Telangana,Sangareddy,Sadasivpet APMC,cotton,Grade A,119.3,7697,9233,8476
2024-10-27,Telangana,Sangareddy,Sadasivpet APMC,Rajma,Grade A,171.6,8495,10824,9636
2024-10-27,Telangana,Sangareddy,Sadasivpet APMC,Chana,Hybrid,177.2,5354,6261,5808
2024-10-27,Telangana,Siddipet,Gajwel APMC,coffee,Hybrid,281.6,11404,13590,12542
2024-10-27,Telangana,Siddipet,Vantamamidi APMC,cotton,Grade A,59.8,7719,9190,8435
2024-10-27,Telangana,Siddipet,Vantamamidi APMC,grapes,Local,172.6,5668,6418,6042
2024-10-27,Telangana,Vikarabad,Vikarabad APMC,Moth Beans,Grade A,152.0,7157,8562,7856
2024-10-27,Telangana,Vikarabad,Pargi APMC,Chana,FAQ (Fair Average Quality),227.1,5471,6407,5897
2024-10-27,Telangana,Vikarabad,Pargi APMC,orange,Hybrid,61.0,4184,4946,4612
2024-10-27,Telangana,Nalgonda,Neredcherla APMC,rice,FAQ (Fair Average Quality),277.1,2972,3552,3289
2024-10-27,Telangana,Nalgonda,Neredcherla APMC,pomegranate,Local,160.0,9460,11494,10430
2024-10-27,Telangana,Nalgonda,Neredcherla APMC,muskmelon,Hybrid,172.3,1139,1410,1250
2024-10-27,Telangana,Yadadri Bhuvanagiri,Aler APMC,coffee,FAQ (Fair Average Quality),191.7,13128,16559,14861
2024-10-27,Telangana,Yadadri Bhuvanagiri,Bhongir APMC,grapes,Grade A,157.4,5626,6869,6284
2024-10-27,Telangana,Yadadri Bhuvanagiri,Bhongir APMC,cotton,Local,218.1,6251,7896,7112
2024-10-27,Telangana,Mahbubnagar,Badepally APMC,cotton,Hybrid,83.8,6998,8356,7665
2024-10-27,Telangana,Mahbubnagar,Mahbubnagar APMC,watermelon,Hybrid,131.9,1221,1411,1313
2024-10-27,Telangana,Mahbubnagar,Mahbubnagar APMC,pomegranate,Local,106.2,9044,10222,9594
2024-10-27,Telangana,Medak,Toopran APMC,coconut,Local,317.8,2635,3036,2841
2024-10-27,Telangana,Medak,Medak APMC,lentil,Hybrid,126.6,6146,7203,6684
2024-10-27,Telangana,Medak,Medak APMC,cotton,Grade A,211.1,6762,8548,7619
2024-11-03,Telangana,Hyderabad,Gaddiannaram APMC,Moong Dal,Local,178.4,6496,8219,7324
2024-11-03,Telangana,Hyderabad,Bowenpally APMC,Rajma,Hybrid,182.4,8168,9497,8863
2024-11-03,Telangana,Hyderabad,Bowenpally APMC,papaya,Grade A,132.0,1133,1418,1272
2024-11-03,Telangana,Ranga Reddy,Shadnagar APMC,blackgram,Local,319.1,6326,7406,6876
2024-11-03,Telangana,Ranga Reddy,Ibrahimpatnam APMC,rice,Hybrid,78.8,3817,4688,4208
2024-11-03,Telangana,Ranga Reddy,Ibrahimpatnam APMC,mango,Grade A,55.6,6815,8771,7812
2024-11-03,Telangana,Medchal-Malkajgiri,Kukatpally APMC,Corn,FAQ (Fair Average Quality),319.9,2124,2438,2299
2024-11-03,Telangana,Medchal-Malkajgiri,Kukatpally APMC,coconut,Hybrid,211.8,2834,3329,3092
2024-11-03,Telangana,Medchal-Malkajgiri,Kukatpally APMC,orange,Hybrid,262.7,3852,4634,4246
2024-11-03,Telangana,Sangareddy,Zaheerabad APMC,Toor Dal,Local,162.1,6860,8448,7672
2024-11-03,Telangana,Sangareddy,Sadasivpet APMC,Chana,FAQ (Fair Average Quality),59.8,4638,5856,5269
2024-11-03,Telangana,Sangareddy,Zaheerabad APMC,Moong Dal,Local,301.1,7070,8395,7737
2024-11-03,Telangana,Siddipet,Siddipet APMC,Moth Beans,Grade A,157.6,7103,8895,8004
2024-11-03,Telangana,Siddipet,Vantamamidi APMC,banana,Grade A,224.2,2432,2994,2670
2024-11-03,Telangana,Siddipet,Vantamamidi APMC,orange,Hybrid,108.5,4510,5221,4885
2024-11-03,Telangana,Vikarabad,Pargi APMC,Rajma,Grade A,172.7,8256,9991,9152
2024-11-03,Telangana,Vikarabad,Tanduru APMC,apple,Hybrid,115.9,12230,14565,13347
2024-11-03,Telangana,Vikarabad,Vikarabad APMC,papaya,Hybrid,52.9,1249,1516,1413
2024-11-03,Telangana,Nalgonda,Nalgonda APMC,pomegranate,Hybrid,241.4,7323,9163,8276
2024-11-03,Telangana,Nalgonda,Neredcherla APMC,Corn,FAQ (Fair Average Quality),274.9,1838,2270,2042
2024-11-03,Telangana,Nalgonda,Miryalguda APMC,grapes,FAQ (Fair Average Quality),141.4,4562,5157,4827
2024-11-03,Telangana,Yadadri Bhuvanagiri,Bhongir APMC,Rajma,Local,143.5,8620,10530,9620
2024-11-03,Telangana,Yadadri Bhuvanagiri,Bhongir APMC,coffee,Local,88.6,11514,14201,12890
2024-11-03,Telangana,Yadadri Bhuvanagiri,Bhongir APMC,Toor Dal,Local,222.7,7711,9274,8484
2024-11-03,Telangana,Mahbubnagar,Mahbubnagar APMC,pomegranate,FAQ (Fair Average Quality),53.6,9826,11839,10859
2024-11-03,Telangana,Mahbubnagar,Mahbubnagar APMC,coconut,Hybrid,19.7,2776,3304,3089
2024-11-03,Telangana,Mahbubnagar,Mahbubnagar APMC,muskmelon,Local,55.1,1890,2183,2072
2024-11-03,Telangana,Medak,Medak APMC,orange,Local,82.8,5020,6335,5648
2024-11-03,Telangana,Medak,Toopran APMC,banana,Grade A,100.6,2598,3139,2844
2024-11-03,Telangana,Medak,Medak APMC,watermelon,Hybrid,251.9,917,1132,1052
2024-11-10,Telangana,Hyderabad,Bowenpally APMC,Corn,Local,123.9,1878,2303,2114
2024-11-10,Telangana,Hyderabad,Gaddiannaram APMC,Toor Dal,Hybrid,199.2,6820,7812,7331
2024-11-10,Telangana,Hyderabad,Gudimalkapur APMC,pomegranate,Local,171.3,7506,8644,8053
2024-11-10,Telangana,Ranga Reddy,Ibrahimpatnam APMC,muskmelon,Local,113.1,2032,2402,2208
2024-11-10,Telangana,Ranga Reddy,Chevella APMC,mango,FAQ (Fair Average Quality),21.7,7150,8777,8011
2024-11-10,Telangana,Ranga Reddy,Chevella APMC,Corn,Grade A,39.9,2011,2480,2202
2024-11-10,Telangana,Medchal-Malkajgiri,Malkajgiri Mandi,jute,FAQ (Fair Average Quality),206.8,3877,4878,4385
2024-11-10,Telangana,Medchal-Malkajgiri,Kukatpally APMC,lentil,FAQ (Fair Average Quality),171.2,5937,7368,6654
2024-11-10,Telangana,Medchal-Malkajgiri,Malkajgiri Mandi,Corn,FAQ (Fair Average Quality),149.8,1727,2037,1896
2024-11-10,Telangana,Sangareddy,Patancheru APMC,Corn,Local,147.8,1881,2395,2112
2024-11-10,Telangana,Sangareddy,Sadasivpet APMC,banana,Local,136.7,2913,3489,3189
2024-11-10,Telangana,Sangareddy,Zaheerabad APMC,lentil,FAQ (Fair Average Quality),223.7,7241,8435,7814
2024-11-10,Telangana,Siddipet,Siddipet APMC,mango,Local,214.6,4904,5875,5396
2024-11-10,Telangana,Siddipet,Gajwel APMC,coffee,Hybrid,265.3,12909,15261,14058
2024-11-10,Telangana,Siddipet,Vantamamidi APMC,jute,Hybrid,314.7,4491,5244,4881
2024-11-10,Telangana,Vikarabad,Vikarabad APMC,coffee,Hybrid,58.5,12122,15050,13614
2024-11-10,Telangana,Vikarabad,Pargi APMC,rice,Hybrid,94.5,3639,4069,3807
2024-11-10,Telangana,Vikarabad,Vikarabad APMC,cotton,Local,246.7,7298,8422,7902
2024-11-10,Telangana,Nalgonda,Neredcherla APMC,Moong Dal,Grade A,161.4,6548,7783,7183
2024-11-10,Telangana,Nalgonda,Nalgonda APMC,lentil,FAQ (Fair Average Quality),281.5,6879,8502,7698
2024-11-10,Telangana,Nalgonda,Nalgonda APMC,orange,FAQ (Fair Average Quality),184.3,4941,6184,5586
2024-11-10,Telangana,Yadadri Bhuvanagiri,Bhongir APMC,Corn,Grade A,108.9,1809,2186,1967
2024-11-10,Telangana,Yadadri Bhuvanagiri,Aler APMC,Moong Dal,FAQ (Fair Average Quality),296.7,6864,7725,7322
2024-11-10,Telangana,Yadadri Bhuvanagiri,Bhongir APMC,coconut,Local,234.4,2833,3240,3026
2024-11-10,Telangana,Mahbubnagar,Badepally APMC,papaya,Hybrid,72.8,1176,1469,1339
2024-11-10,Telangana,Mahbubnagar,Badepally APMC,muskmelon,Hybrid,141.5,1714,2070,1910
2024-11-10,Telangana,Mahbubnagar,Mahbubnagar APMC,banana,Hybrid,130.2,2282,2653,2421
2024-11-10,Telangana,Medak,Toopran APMC,Corn,Grade A,254.4,2046,2417,2199
2024-11-10,Telangana,Medak,Medak APMC,grapes,Hybrid,288.3,6149,7473,6822
2024-11-10,Telangana,Medak,Medak APMC,pomegranate,Grade A,204.6,6766,8431,7579
2024-11-17,Telangana,Hyderabad,Bowenpally APMC,pomegranate,FAQ (Fair Average Quality),21.7,8749,10711,9762
2024-11-17,Telangana,Hyderabad,Gaddiannaram APMC,cotton,Local,285.5,7828,9575,8717
2024-11-17,Telangana,Hyderabad,Gudimalkapur APMC,Toor Dal,Grade A,92.6,8344,9794,9039
2024-11-17,Telangana,Ranga Reddy,Shadnagar APMC,Corn,Hybrid,317.5,2360,2917,2603
2024-11-17,Telangana,Ranga Reddy,Chevella APMC,watermelon,Grade A,151.1,1372,1772,1542
2024-11-17,Telangana,Ranga Reddy,Shadnagar APMC,Rajma,Hybrid,86.3,7231,9408,8341
2024-11-17,Telangana,Medchal-Malkajgiri,Kukatpally APMC,rice,FAQ (Fair Average Quality),272.8,3336,4143,3725
2024-11-17,Telangana,Medchal-Malkajgiri,Malkajgiri Mandi,cotton,Grade A,66.0,7404,8960,8204
2024-11-17,Telangana,Medchal-Malkajgiri,Kukatpally APMC,Corn,Grade A,194.9,2216,2595,2392
2024-11-17,Telangana,Sangareddy,Patancheru APMC,Chana,Local,297.8,5445,6673,6062
2024-11-17,Telangana,Sangareddy,Patancheru APMC,watermelon,Hybrid,96.0,983,1219,1138
2024-11-17,Telangana,Sangareddy,Patancheru APMC,papaya,FAQ (Fair Average Quality),125.5,2090,2416,2227
2024-11-17,Telangana,Siddipet,Siddipet APMC,mango,Local,83.5,4331,5065,4661
2024-11-17,Telangana,Siddipet,Gajwel APMC,cotton,Hybrid,138.5,6950,8230,7613
2024-11-17,Telangana,Siddipet,Siddipet APMC,watermelon,Grade A,69.6,1173,1425,1285
2024-11-17,Telangana,Vikarabad,Tanduru APMC,muskmelon,Grade A,92.0,1924,2249,2084
2024-11-17,Telangana,Vikarabad,Tanduru APMC,banana,Grade A,101.7,1904,2322,2076
2024-11-17,Telangana,Vikarabad,Pargi APMC,blackgram,Hybrid,230.5,7738,8838,8285
2024-11-17,Telangana,Nalgonda,Nalgonda APMC,orange,Local,85.3,5081,6017,5580
2024-11-17,Telangana,Nalgonda,Nalgonda APMC,jute,Local,300.3,4872,6042,5430
2024-11-17,Telangana,Nalgonda,Neredcherla APMC,watermelon,Grade A,180.5,1113,1361,1225
2024-11-17,Telangana,Yadadri Bhuvanagiri,Bhongir APMC,Rajma,Local,286.7,7570,9037,8317
2024-11-17,Telangana,Yadadri Bhuvanagiri,Bhongir APMC,blackgram,Grade A,205.2,6404,7529,6958
2024-11-17,Telangana,Yadadri Bhuvanagiri,Aler APMC,Moth Beans,Grade A,319.6,7092,8863,8006
2024-11-17,Telangana,Mahbubnagar,Mahbubnagar APMC,banana,Hybrid,83.9,2282,2736,2540
2024-11-17,Telangana,Mahbubnagar,Badepally APMC,jute,Grade A,112.6,4083,4989,4523
2024-11-17,Telangana,Mahbubnagar,Badepally APMC,Rajma,Grade A,310.4,8157,10289,9226
2024-11-17,Telangana,Medak,Medak APMC,rice,FAQ (Fair Average Quality),268.8,3540,4109,3790
2024-11-17,Telangana,Medak,Toopran APMC,papaya,Grade A,102.1,2351,2797,2581
2024-11-17,Telangana,Medak,Medak APMC,banana,Hybrid,205.4,1894,2249,2063
2024-11-24,Telangana,Hyderabad,Gaddiannaram APMC,papaya,FAQ (Fair Average Quality),27.7,2015,2392,2202
2024-11-24,Telangana,Hyderabad,Gudimalkapur APMC,blackgram,Grade A,292.5,7065,8930,8029
2024-11-24,Telangana,Hyderabad,Bowenpally APMC,Moth Beans,Hybrid,151.8,6696,7436,7029
2024-11-24,Telangana,Ranga Reddy,Shadnagar APMC,rice,Local,25.9,3589,4409,3950
2024-11-24,Telangana,Ranga Reddy,Shadnagar APMC,orange,FAQ (Fair Average Quality),150.1,3424,3993,3707
2024-11-24,Telangana,Ranga Reddy,Ibrahimpatnam APMC,blackgram,Local,195.4,7282,8671,7968
2024-11-24,Telangana,Medchal-Malkajgiri,Kukatpally APMC,watermelon,Grade A,166.0,1478,1712,1552
2024-11-24,Telangana,Medchal-Malkajgiri,Malkajgiri Mandi,muskmelon,Grade A,316.8,2006,2410,2181
2024-11-24,Telangana,Medchal-Malkajgiri,Malkajgiri Mandi,mango,Grade A,280.4,3781,4652,4256
2024-11-24,Telangana,Sangareddy,Patancheru APMC,jute,FAQ (Fair Average Quality),205.6,3938,5013,4484
2024-11-24,Telangana,Sangareddy,Sadasivpet APMC,lentil,FAQ (Fair Average Quality),61.2,6184,7362,6788
2024-11-24,Telangana,Sangareddy,Patancheru APMC,apple,Hybrid,199.2,7727,9229,8444
2024-11-24,Telangana,Siddipet,Gajwel APMC,banana,Grade A,81.6,2358,2897,2582
2024-11-24,Telangana,Siddipet,Siddipet APMC,Toor Dal,Grade A,41.9,8217,9249,8704
2024-11-24,Telangana,Siddipet,Siddipet APMC,lentil,Hybrid,78.2,5948,7031,6449
2024-11-24,Telangana,Vikarabad,Vikarabad APMC,Rajma,Hybrid,315.5,8454,10018,9254
2024-11-24,Telangana,Vikarabad,Vikarabad APMC,Corn,Grade A,37.0,2051,2547,2287
2024-11-24,Telangana,Vikarabad,Vikarabad APMC,blackgram,Local,300.4,6727,8456,7606
2024-11-24,Telangana,Nalgonda,Nalgonda APMC,Toor Dal,FAQ (Fair Average Quality),313.3,7378,8256,7848
2024-11-24,Telangana,Nalgonda,Nalgonda APMC,grapes,Hybrid,315.2,5773,7322,6544
2024-11-24,Telangana,Nalgonda,Neredcherla APMC,cotton,Local,307.2,7034,8654,7875
2024-11-24,Telangana,Yadadri Bhuvanagiri,Bhongir APMC,apple,Grade A,295.2,12097,14937,13469
2024-11-24,Telangana,Yadadri Bhuvanagiri,Bhongir APMC,Chana,Local,319.6,4726,5560,5110
2024-11-24,Telangana,Yadadri Bhuvanagiri,Aler APMC,grapes,FAQ (Fair Average Quality),42.3,6030,7223,6613
2024-11-24,Telangana,Mahbubnagar,Badepally APMC,coconut,FAQ (Fair Average Quality),165.0,2442,2984,2669
2024-11-24,Telangana,Mahbubnagar,Mahbubnagar APMC,muskmelon,Grade A,155.7,1458,1714,1610
2024-11-24,Telangana,Mahbubnagar,Badepally APMC,grapes,Local,99.8,6871,8481,7626
2024-11-24,Telangana,Medak,Toopran APMC,blackgram,FAQ (Fair Average Quality),166.6,7032,8454,7757
2024-11-24,Telangana,Medak,Toopran APMC,Moong Dal,Hybrid,131.0,7674,8802,8189
2024-11-24,Telangana,Medak,Medak APMC,papaya,Hybrid,307.0,2089,2562,2330
2024-12-01,Telangana,Hyderabad,Gudimalkapur APMC,jute,Local,312.9,4075,4923,4523
2024-12-01,Telangana,Hyderabad,Gaddiannaram APMC,coffee,Local,139.7,10608,12860,11722
2024-12-01,Telangana,Hyderabad,Bowenpally APMC,cotton,Hybrid,241.2,7785,9123,8489
2024-12-01,Telangana,Ranga Reddy,Chevella APMC,jute,FAQ (Fair Average Quality),82.2,3876,4791,4326
2024-12-01,Telangana,Ranga Reddy,Chevella APMC,lentil,FAQ (Fair Average Quality),190.5,7428,8245,7857
2024-12-01,Telangana,Ranga Reddy,Shadnagar APMC,apple,Grade A,15.3,9861,11729,10812
2024-12-01,Telangana,Medchal-Malkajgiri,Kukatpally APMC,muskmelon,FAQ (Fair Average Quality),256.3,1916,2278,2072
2024-12-01,Telangana,Medchal-Malkajgiri,Kukatpally APMC,Corn,Hybrid,133.6,2135,2666,2421
2024-12-01,Telangana,Medchal-Malkajgiri,Malkajgiri Mandi,coffee,Grade A,237.7,10528,13137,11801
2024-12-01,Telangana,Sangareddy,Patancheru APMC,jute,Local,230.4,4459,5478,5010
2024-12-01,Telangana,Sangareddy,Sadasivpet APMC,blackgram,Grade A,305.8,7519,9455,8503
2024-12-01,Telangana,Sangareddy,Patancheru APMC,watermelon,Hybrid,93.6,1339,1696,1525
2024-12-01,Telangana,Siddipet,Siddipet APMC,apple,Local,281.8,8988,10888,9915
2024-12-01,Telangana,Siddipet,Gajwel APMC,Chana,Local,86.1,5389,6639,6063
2024-12-01,Telangana,Siddipet,Siddipet APMC,Toor Dal,Grade A,71.8,6826,8613,7768
2024-12-01,Telangana,Vikarabad,Tanduru APMC,watermelon,FAQ (Fair Average Quality),140.6,963,1208,1044
2024-12-01,Telangana,Vikarabad,Pargi APMC,lentil,Hybrid,148.5,6456,7430,6917
2024-12-01,Telangana,Vikarabad,Tanduru APMC,Toor Dal,Grade A,247.6,7513,8748,8157
2024-12-01,Telangana,Nalgonda,Nalgonda APMC,Moth Beans,Hybrid,293.5,6969,8726,7871
2024-12-01,Telangana,Nalgonda,Nalgonda APMC,papaya,FAQ (Fair Average Quality),115.9,1487,1907,1714
2024-12-01,Telangana,Nalgonda,Miryalguda APMC,orange,FAQ (Fair Average Quality),144.4,3611,4171,3932
2024-12-01,Telangana,Yadadri Bhuvanagiri,Bhongir APMC,coffee,Grade A,101.9,11330,13893,12578
2024-12-01,Telangana,Yadadri Bhuvanagiri,Bhongir APMC,Rajma,Grade A,85.6,8057,9127,8551
2024-12-01,Telangana,Yadadri Bhuvanagiri,Bhongir APMC,coconut,Grade A,193.2,2503,3045,2735
2024-12-01,Telangana,Mahbubnagar,Badepally APMC,pomegranate,Local,182.0,9212,11659,10458
2024-12-01,Telangana,Mahbubnagar,Mahbubnagar APMC,banana,Grade A,147.6,2375,2847,2571
2024-12-01,Telangana,Mahbubnagar,Badepally APMC,mango,FAQ (Fair Average Quality),34.5,6164,7388,6798
2024-12-01,Telangana,Medak,Medak APMC,orange,Grade A,39.4,4685,5527,5100
2024-12-01,Telangana,Medak,Medak APMC,watermelon,Local,98.8,1479,1851,1632
2024-12-01,Telangana,Medak,Medak APMC,Rajma,Grade A,213.0,7635,8857,8274
2024-12-08,Telangana,Hyderabad,Gaddiannaram APMC,Moong Dal,Local,314.8,7540,8567,8100
2024-12-08,Telangana,Hyderabad,Gaddiannaram APMC,grapes,FAQ (Fair Average Quality),162.2,4713,5699,5242
2024-12-08,Telangana,Hyderabad,Gaddiannaram APMC,apple,FAQ (Fair Average Quality),298.7,11173,13378,12243
2024-12-08,Telangana,Ranga Reddy,Shadnagar APMC,rice,Local,124.0,3018,3630,3277
2024-12-08,Telangana,Ranga Reddy,Shadnagar APMC,pomegranate,Grade A,150.9,9987,11401,10716
2024-12-08,Telangana,Ranga Reddy,Ibrahimpatnam APMC,apple,Hybrid,59.2,8523,9734,9164
2024-12-08,Telangana,Medchal-Malkajgiri,Malkajgiri Mandi,Corn,FAQ (Fair Average Quality),173.6,2027,2312,2205
2024-12-08,Telangana,Medchal-Malkajgiri,Kukatpally APMC,pomegranate,Local,33.8,10175,12316,11259
2024-12-08,Telangana,Medchal-Malkajgiri,Kukatpally APMC,Chana,Hybrid,138.1,5275,6175,5731
2024-12-08,Telangana,Sangareddy,Sadasivpet APMC,blackgram,Hybrid,206.9,6937,8702,7792
2024-12-08,Telangana,Sangareddy,Zaheerabad APMC,papaya,Hybrid,296.9,1245,1558,1416
2024-12-08,Telangana,Sangareddy,Sadasivpet APMC,apple,Local,158.7,8453,10592,9496
2024-12-08,Telangana,Siddipet,Gajwel APMC,rice,FAQ (Fair Average Quality),131.4,3700,4522,4139
2024-12-08,Telangana,Siddipet,Gajwel APMC,lentil,Hybrid,318.8,6204,7797,6978
2024-12-08,Telangana,Siddipet,Vantamamidi APMC,Chana,FAQ (Fair Average Quality),241.0,5172,6308,5775
2024-12-08,Telangana,Vikarabad,Vikarabad APMC,Rajma,FAQ (Fair Average Quality),128.3,8417,9733,9116
2024-12-08,Telangana,Vikarabad,Vikarabad APMC,cotton,Grade A,270.6,6852,7980,7373
2024-12-08,Telangana,Vikarabad,Vikarabad APMC,grapes,Grade A,217.1,4576,5840,5164
2024-12-08,Telangana,Nalgonda,Nalgonda APMC,Moth Beans,Hybrid,296.4,7068,8854,7997
2024-12-08,Telangana,Nalgonda,Neredcherla APMC,Toor Dal,Hybrid,73.1,6391,8167,7251
2024-12-08,Telangana,Nalgonda,Neredcherla APMC,blackgram,Hybrid,303.5,6644,7930,7261
2024-12-08,Telangana,Yadadri Bhuvanagiri,Bhongir APMC,mango,Hybrid,192.1,6036,6864,6484
2024-12-08,Telangana,Yadadri Bhuvanagiri,Aler APMC,cotton,Grade A,193.7,7155,8681,7910
2024-12-08,Telangana,Yadadri Bhuvanagiri,Bhongir APMC,coconut,FAQ (Fair Average Quality),245.8,3267,3714,3472
2024-12-08,Telangana,Mahbubnagar,Mahbubnagar APMC,Chana,Grade A,319.2,4876,5734,5301
2024-12-08,Telangana,Mahbubnagar,Mahbubnagar APMC,Moong Dal,Grade A,128.7,7347,8647,7993
2024-12-08,Telangana,Mahbubnagar,Badepally APMC,coffee,FAQ (Fair Average Quality),152.1,8795,11227,9973
2024-12-08,Telangana,Medak,Toopran APMC,jute,Grade A,191.8,4498,5364,4971
2024-12-08,Telangana,Medak,Medak APMC,Rajma,Local,167.3,7828,9352,8614
2024-12-08,Telangana,Medak,Toopran APMC,grapes,Grade A,302.9,6552,7959,7267
2024-12-15,Telangana,Hyderabad,Gudimalkapur APMC,orange,FAQ (Fair Average Quality),167.0,3406,4125,3722
2024-12-15,Telangana,Hyderabad,Gaddiannaram APMC,Moong Dal,Grade A,107.8,7199,8700,7973
2024-12-15,Telangana,Hyderabad,Gudimalkapur APMC,cotton,Local,195.5,7786,9232,8465
2024-12-15,Telangana,Ranga Reddy,Shadnagar APMC,pomegranate,Local,125.4,7063,8626,7875
2024-12-15,Telangana,Ranga Reddy,Shadnagar APMC,coconut,Hybrid,30.8,2723,3130,2934
2024-12-15,Telangana,Ranga Reddy,Ibrahimpatnam APMC,Chana,Grade A,110.5,5599,7013,6278
2024-12-15,Telangana,Medchal-Malkajgiri,Malkajgiri Mandi,blackgram,Local,176.1,6571,7658,7140
2024-12-15,Telangana,Medchal-Malkajgiri,Malkajgiri Mandi,lentil,Hybrid,21.0,6512,7676,7122
2024-12-15,Telangana,Medchal-Malkajgiri,Kukatpally APMC,grapes,Hybrid,161.8,6134,7019,6605
2024-12-15,Telangana,Sangareddy,Sadasivpet APMC,Corn,Local,73.7,1818,2344,2066
2024-12-15,Telangana,Sangareddy,Sadasivpet APMC,watermelon,Hybrid,56.6,1224,1434,1354
2024-12-15,Telangana,Sangareddy,Sadasivpet APMC,cotton,Local,176.7,6669,8139,7398
2024-12-15,Telangana,Siddipet,Siddipet APMC,orange,Local,41.4,4939,5871,5412
2024-12-15,Telangana,Siddipet,Gajwel APMC,lentil,Local,26.3,5883,6836,6378
2024-12-15,Telangana,Siddipet,Vantamamidi APMC,Rajma,Local,48.6,8663,9984,9315
2024-12-15,Telangana,Vikarabad,Vikarabad APMC,coffee,FAQ (Fair Average Quality),258.9,10679,12543,11588
2024-12-15,Telangana,Vikarabad,Pargi APMC,Corn,Grade A,289.7,2352,2671,2515
2024-12-15,Telangana,Vikarabad,Pargi APMC,grapes,Local,54.7,5154,5856,5476
2024-12-15,Telangana,Nalgonda,Miryalguda APMC,muskmelon,Hybrid,200.6,1252,1499,1419
2024-12-15,Telangana,Nalgonda,Nalgonda APMC,Moong Dal,FAQ (Fair Average Quality),145.0,6685,7706,7196
2024-12-15,Telangana,Nalgonda,Neredcherla APMC,Chana,Hybrid,305.8,5278,6108,5735
2024-12-15,Telangana,Yadadri Bhuvanagiri,Aler APMC,Moong Dal,Grade A,223.4,7293,8660,7997
2024-12-15,Telangana,Yadadri Bhuvanagiri,Aler APMC,Toor Dal,Hybrid,105.9,7836,8876,8392
2024-12-15,Telangana,Yadadri Bhuvanagiri,Aler APMC,Chana,Grade A,284.7,5300,6330,5796
2024-12-15,Telangana,Mahbubnagar,Mahbubnagar APMC,muskmelon,Hybrid,196.5,2028,2595,2277
2024-12-15,Telangana,Mahbubnagar,Badepally APMC,mango,Hybrid,249.9,6392,7513,6969
2024-12-15,Telangana,Mahbubnagar,Badepally APMC,Toor Dal,Local,250.5,6320,7989,7179
2024-12-15,Telangana,Medak,Medak APMC,mango,Hybrid,294.3,6882,8701,7746
2024-12-15,Telangana,Medak,Toopran APMC,Corn,Local,310.7,2317,2752,2546
2024-12-15,Telangana,Medak,Medak APMC,apple,Grade A,18.2,10736,12982,11842
2024-12-22,Telangana,Hyderabad,Gaddiannaram APMC,mango,Grade A,281.9,4862,6065,5475
2024-12-22,Telangana,Hyderabad,Gaddiannaram APMC,grapes,Local,160.4,5994,7381,6673
2024-12-22,Telangana,Hyderabad,Bowenpally APMC,apple,Local,180.8,9337,10608,10008
2024-12-22,Telangana,Ranga Reddy,Shadnagar APMC,Moong Dal,Hybrid,175.4,7516,8855,8180
2024-12-22,Telangana,Ranga Reddy,Chevella APMC,apple,Local,106.5,11409,13091,12201
2024-12-22,Telangana,Ranga Reddy,Shadnagar APMC,Corn,Hybrid,16.7,2147,2717,2435
2024-12-22,Telangana,Medchal-Malkajgiri,Kukatpally APMC,grapes,Local,234.1,4916,6072,5476
2024-12-22,Telangana,Medchal-Malkajgiri,Malkajgiri Mandi,watermelon,Grade A,313.9,1128,1363,1237
2024-12-22,Telangana,Medchal-Malkajgiri,Malkajgiri Mandi,rice,Grade A,18.2,3234,3759,3530
2024-12-22,Telangana,Sangareddy,Patancheru APMC,coffee,Grade A,111.7,10936,13549,12260
2024-12-22,Telangana,Sangareddy,Zaheerabad APMC,jute,Local,206.5,4605,5813,5196
2024-12-22,Telangana,Sangareddy,Zaheerabad APMC,watermelon,FAQ (Fair Average Quality),155.7,942,1084,1056
2024-12-22,Telangana,Siddipet,Gajwel APMC,apple,Grade A,210.3,10164,12634,11383
2024-12-22,Telangana,Siddipet,Siddipet APMC,Toor Dal,FAQ (Fair Average Quality),286.9,7466,8532,7998
2024-12-22,Telangana,Siddipet,Vantamamidi APMC,grapes,Hybrid,38.2,4818,5979,5366
2024-12-22,Telangana,Vikarabad,Tanduru APMC,blackgram,Grade A,306.8,7713,9206,8415
2024-12-22,Telangana,Vikarabad,Pargi APMC,Chana,Grade A,100.3,5449,6729,6130
2024-12-22,Telangana,Vikarabad,Tanduru APMC,pomegranate,FAQ (Fair Average Quality),192.9,7204,8801,7975
2024-12-22,Telangana,Nalgonda,Miryalguda APMC,coffee,Grade A,277.1,10394,11993,11206
2024-12-22,Telangana,Nalgonda,Miryalguda APMC,apple,FAQ (Fair Average Quality),18.0,8240,10006,9129
2024-12-22,Telangana,Nalgonda,Miryalguda APMC,lentil,Hybrid,130.4,6466,7962,7256
2024-12-22,Telangana,Yadadri Bhuvanagiri,Bhongir APMC,Toor Dal,Hybrid,89.9,7870,9667,8796
2024-12-22,Telangana,Yadadri Bhuvanagiri,Bhongir APMC,orange,Hybrid,290.9,4348,5388,4889
2024-12-22,Telangana,Yadadri Bhuvanagiri,Aler APMC,Corn,Hybrid,293.4,1812,2171,1979
2024-12-22,Telangana,Mahbubnagar,Mahbubnagar APMC,rice,Grade A,271.6,3184,3635,3405
2024-12-22,Telangana,Mahbubnagar,Mahbubnagar APMC,blackgram,Hybrid,123.4,6689,7852,7268
2024-12-22,Telangana,Mahbubnagar,Mahbubnagar APMC,lentil,Local,178.5,6910,8579,7781
2024-12-22,Telangana,Medak,Medak APMC,banana,Grade A,194.5,2358,2855,2642
2024-12-22,Telangana,Medak,Toopran APMC,apple,Grade A,218.1,11009,12744,11865
2024-12-22,Telangana,Medak,Toopran APMC,Toor Dal,Local,159.6,7372,9213,8285
2024-12-29,Telangana,Hyderabad,Bowenpally APMC,coconut,FAQ (Fair Average Quality),122.3,3610,4186,3933
2024-12-29,Telangana,Hyderabad,Bowenpally APMC,Corn,Hybrid,233.6,2318,2776,2509
2024-12-29,Telangana,Hyderabad,Gudimalkapur APMC,cotton,Hybrid,258.5,7089,8459,7796
2024-12-29,Telangana,Ranga Reddy,Chevella APMC,grapes,Hybrid,85.2,5442,6311,5831
2024-12-29,Telangana,Ranga Reddy,Chevella APMC,apple,Hybrid,141.7,9457,11834,10674
2024-12-29,Telangana,Ranga Reddy,Chevella APMC,mango,Hybrid,169.7,4232,4824,4571
2024-12-29,Telangana,Medchal-Malkajgiri,Malkajgiri Mandi,orange,FAQ (Fair Average Quality),193.5,3653,4182,3885
2024-12-29,Telangana,Medchal-Malkajgiri,Malkajgiri Mandi,pomegranate,Grade A,139.0,7104,8129,7585
2024-12-29,Telangana,Medchal-Malkajgiri,Malkajgiri Mandi,Corn,Local,153.7,2205,2770,2496
2024-12-29,Telangana,Sangareddy,Patancheru APMC,watermelon,FAQ (Fair Average Quality),116.5,1476,1850,1635
2024-12-29,Telangana,Sangareddy,Patancheru APMC,grapes,Hybrid,65.9,4288,5276,4735
2024-12-29,Telangana,Sangareddy,Zaheerabad APMC,jute,Local,124.8,4249,4920,4578
2024-12-29,Telangana,Siddipet,Gajwel APMC,mango,FAQ (Fair Average Quality),317.9,6515,7407,6955
2024-12-29,Telangana,Siddipet,Gajwel APMC,grapes,FAQ (Fair Average Quality),193.2,5077,6242,5658
2024-12-29,Telangana,Siddipet,Siddipet APMC,coffee,Grade A,270.5,13239,15519,14374
2024-12-29,Telangana,Vikarabad,Tanduru APMC,grapes,Grade A,216.4,4728,5945,5371
2024-12-29,Telangana,Vikarabad,Tanduru APMC,papaya,Hybrid,218.9,1622,1956,1819
2024-12-29,Telangana,Vikarabad,Vikarabad APMC,Toor Dal,Grade A,272.0,7956,9612,8816
2024-12-29,Telangana,Nalgonda,Miryalguda APMC,muskmelon,FAQ (Fair Average Quality),204.4,1327,1608,1417
2024-12-29,Telangana,Nalgonda,Miryalguda APMC,papaya,Local,182.5,1167,1394,1248
2024-12-29,Telangana,Nalgonda,Neredcherla APMC,Moth Beans,Local,305.1,6930,8241,7622
2024-12-29,Telangana,Yadadri Bhuvanagiri,Bhongir APMC,grapes,Hybrid,292.7,6325,7389,6865
2024-12-29,Telangana,Yadadri Bhuvanagiri,Aler APMC,coconut,Local,214.0,2518,3062,2764
2024-12-29,Telangana,Yadadri Bhuvanagiri,Bhongir APMC,Moth Beans,Hybrid,68.6,6290,7891,7111
2024-12-29,Telangana,Mahbubnagar,Mahbubnagar APMC,Chana,Grade A,104.9,4776,5771,5316
2024-12-29,Telangana,Mahbubnagar,Mahbubnagar APMC,lentil,Grade A,158.2,6877,8242,7547
2024-12-29,Telangana,Mahbubnagar,Mahbubnagar APMC,Toor Dal,Hybrid,119.0,7242,8768,7997
2024-12-29,Telangana,Medak,Medak APMC,rice,FAQ (Fair Average Quality),16.7,3054,3536,3271
2024-12-29,Telangana,Medak,Toopran APMC,blackgram,Grade A,283.8,6197,7597,6882
2024-12-29,Telangana,Medak,Toopran APMC,coconut,Local,206.6,3175,3608,3424
2025-01-05,Telangana,Hyderabad,Bowenpally APMC,banana,FAQ (Fair Average Quality),255.8,2396,2956,2715
2025-01-05,Telangana,Hyderabad,Gudimalkapur APMC,Moth Beans,Local,22.8,6554,8076,7318
2025-01-05,Telangana,Hyderabad,Bowenpally APMC,coffee,Hybrid,49.5,12890,15336,14115
2025-01-05,Telangana,Ranga Reddy,Shadnagar APMC,lentil,Grade A,292.7,6798,8018,7395
2025-01-05,Telangana,Ranga Reddy,Ibrahimpatnam APMC,coffee,FAQ (Fair Average Quality),225.0,13050,15307,14220
2025-01-05,Telangana,Ranga Reddy,Shadnagar APMC,Rajma,Local,195.1,8810,11072,9985
2025-01-05,Telangana,Medchal-Malkajgiri,Malkajgiri Mandi,mango,Hybrid,84.5,6664,8072,7390
2025-01-05,Telangana,Medchal-Malkajgiri,Malkajgiri Mandi,coffee,FAQ (Fair Average Quality),37.7,13222,16226,14773
2025-01-05,Telangana,Medchal-Malkajgiri,Kukatpally APMC,cotton,Local,160.2,7206,8511,7889
2025-01-05,Telangana,Sangareddy,Zaheerabad APMC,rice,Local,191.9,3080,3996,3528
2025-01-05,Telangana,Sangareddy,Zaheerabad APMC,watermelon,Local,37.2,1557,1856,1704
2025-01-05,Telangana,Sangareddy,Patancheru APMC,jute,FAQ (Fair Average Quality),33.3,4696,5528,5075
2025-01-05,Telangana,Siddipet,Gajwel APMC,cotton,FAQ (Fair Average Quality),111.2,8177,9591,8863
2025-01-05,Telangana,Siddipet,Gajwel APMC,Moong Dal,FAQ (Fair Average Quality),51.5,7787,9383,8556
2025-01-05,Telangana,Siddipet,Siddipet APMC,rice,Hybrid,140.0,3204,3861,3494
2025-01-05,Telangana,Vikarabad,Vikarabad APMC,lentil,Grade A,181.3,6281,7660,6924
2025-01-05,Telangana,Vikarabad,Vikarabad APMC,mango,Local,118.3,5998,6709,6331
2025-01-05,Telangana,Vikarabad,Vikarabad APMC,muskmelon,Grade A,131.8,1627,1926,1758
2025-01-05,Telangana,Nalgonda,Neredcherla APMC,lentil,FAQ (Fair Average Quality),266.3,6127,7304,6728
2025-01-05,Telangana,Nalgonda,Miryalguda APMC,watermelon,Local,278.8,1490,1736,1643
2025-01-05,Telangana,Nalgonda,Nalgonda APMC,blackgram,Hybrid,161.2,7102,8699,7861
2025-01-05,Telangana,Yadadri Bhuvanagiri,Aler APMC,lentil,FAQ (Fair Average Quality),220.2,6074,7424,6728
2025-01-05,Telangana,Yadadri Bhuvanagiri,Aler APMC,Moong Dal,FAQ (Fair Average Quality),52.1,7556,9350,8474
2025-01-05,Telangana,Yadadri Bhuvanagiri,Aler APMC,blackgram,FAQ (Fair Average Quality),88.4,6796,8290,7576
2025-01-05,Telangana,Mahbubnagar,Badepally APMC,blackgram,FAQ (Fair Average Quality),247.3,6608,8070,7314
2025-01-05,Telangana,Mahbubnagar,Badepally APMC,Chana,Local,259.1,5406,6834,6097
2025-01-05,Telangana,Mahbubnagar,Mahbubnagar APMC,banana,FAQ (Fair Average Quality),89.8,2677,3245,2989
2025-01-05,Telangana,Medak,Medak APMC,muskmelon,Local,271.1,1694,1931,1809
2025-01-05,Telangana,Medak,Medak APMC,watermelon,FAQ (Fair Average Quality),93.6,981,1194,1123
2025-01-05,Telangana,Medak,Toopran APMC,Moth Beans,Hybrid,267.2,6949,8089,7507
2025-01-12,Telangana,Hyderabad,Bowenpally APMC,mango,Local,113.3,5272,6521,5901
2025-01-12,Telangana,Hyderabad,Bowenpally APMC,lentil,FAQ (Fair Average Quality),259.5,7132,8574,7899
2025-01-12,Telangana,Hyderabad,Gudimalkapur APMC,watermelon,Local,92.5,1055,1239,1157
2025-01-12,Telangana,Ranga Reddy,Chevella APMC,papaya,FAQ (Fair Average Quality),246.1,2216,2762,2443
2025-01-12,Telangana,Ranga Reddy,Shadnagar APMC,blackgram,Hybrid,268.5,6766,8320,7555
2025-01-12,Telangana,Ranga Reddy,Shadnagar APMC,coconut,Hybrid,286.3,3430,4381,3914
2025-01-12,Telangana,Medchal-Malkajgiri,Malkajgiri Mandi,Moth Beans,Local,218.1,7096,8817,7938
2025-01-12,Telangana,Medchal-Malkajgiri,Kukatpally APMC,orange,FAQ (Fair Average Quality),61.9,5315,6851,6061
2025-01-12,Telangana,Medchal-Malkajgiri,Kukatpally APMC,muskmelon,Local,274.7,2116,2542,2342
2025-01-12,Telangana,Sangareddy,Patancheru APMC,Chana,Grade A,251.3,5057,5632,5354
2025-01-12,Telangana,Sangareddy,Sadasivpet APMC,cotton,FAQ (Fair Average Quality),130.5,7104,8782,7945
2025-01-12,Telangana,Sangareddy,Zaheerabad APMC,Rajma,FAQ (Fair Average Quality),72.8,7440,9083,8270
2025-01-12,Telangana,Siddipet,Siddipet APMC,Moth Beans,Local,28.0,6313,8127,7243
2025-01-12,Telangana,Siddipet,Vantamamidi APMC,Chana,Grade A,189.8,5797,7526,6648
2025-01-12,Telangana,Siddipet,Gajwel APMC,apple,Hybrid,210.1,8930,11029,9996
2025-01-12,Telangana,Vikarabad,Vikarabad APMC,pomegranate,Grade A,302.8,8932,10986,9949
2025-01-12,Telangana,Vikarabad,Vikarabad APMC,papaya,FAQ (Fair Average Quality),84.3,2287,2662,2517
2025-01-12,Telangana,Vikarabad,Pargi APMC,rice,Grade A,143.2,3587,4326,3940
2025-01-12,Telangana,Nalgonda,Miryalguda APMC,muskmelon,Grade A,80.2,1739,2070,1882
2025-01-12,Telangana,Nalgonda,Neredcherla APMC,grapes,Local,265.2,4877,5595,5264
2025-01-12,Telangana,Nalgonda,Miryalguda APMC,coconut,Hybrid,55.8,3186,4035,3658
2025-01-12,Telangana,Yadadri Bhuvanagiri,Aler APMC,Corn,FAQ (Fair Average Quality),229.9,1937,2459,2193
2025-01-12,Telangana,Yadadri Bhuvanagiri,Bhongir APMC,papaya,Hybrid,232.0,2279,2743,2518
2025-01-12,Telangana,Yadadri Bhuvanagiri,Bhongir APMC,grapes,Grade A,152.9,5636,6556,6098
2025-01-12,Telangana,Mahbubnagar,Badepally APMC,mango,FAQ (Fair Average Quality),200.9,5686,6744,6234
2025-01-12,Telangana,Mahbubnagar,Mahbubnagar APMC,watermelon,Hybrid,108.3,858,1093,984
2025-01-12,Telangana,Mahbubnagar,Mahbubnagar APMC,jute,Hybrid,299.9,4274,5245,4742
2025-01-12,Telangana,Medak,Toopran APMC,muskmelon,Grade A,81.0,1601,1891,1749
2025-01-12,Telangana,Medak,Medak APMC,apple,Grade A,35.2,8713,10539,9642
2025-01-12,Telangana,Medak,Medak APMC,mango,Hybrid,284.1,7059,8619,7842
2025-01-19,Telangana,Hyderabad,Bowenpally APMC,watermelon,Grade A,84.6,1257,1484,1396
2025-01-19,Telangana,Hyderabad,Gaddiannaram APMC,Moth Beans,FAQ (Fair Average Quality),76.7,6977,8618,7753
2025-01-19,Telangana,Hyderabad,Gudimalkapur APMC,Chana,Hybrid,201.1,5562,6661,6094
2025-01-19,Telangana,Ranga Reddy,Ibrahimpatnam APMC,muskmelon,Grade A,308.7,1749,1971,1842
2025-01-19,Telangana,Ranga Reddy,Ibrahimpatnam APMC,orange,Hybrid,134.3,3631,4213,3933
2025-01-19,Telangana,Ranga Reddy,Chevella APMC,Corn,FAQ (Fair Average Quality),272.3,2070,2620,2383
2025-01-19,Telangana,Medchal-Malkajgiri,Kukatpally APMC,grapes,FAQ (Fair Average Quality),318.7,5030,6170,5599
2025-01-19,Telangana,Medchal-Malkajgiri,Kukatpally APMC,mango,Grade A,140.6,6852,8241,7590
2025-01-19,Telangana,Medchal-Malkajgiri,Kukatpally APMC,Moth Beans,FAQ (Fair Average Quality),69.4,7808,8703,8295
2025-01-19,Telangana,Sangareddy,Patancheru APMC,mango,Local,299.7,6098,7432,6766
2025-01-19,Telangana,Sangareddy,Sadasivpet APMC,Corn,Local,112.7,1904,2216,2062
2025-01-19,Telangana,Sangareddy,Zaheerabad APMC,pomegranate,Hybrid,25.8,10104,11973,11074
2025-01-19,Telangana,Siddipet,Gajwel APMC,coconut,Grade A,286.3,2674,3083,2919
2025-01-19,Telangana,Siddipet,Gajwel APMC,grapes,FAQ (Fair Average Quality),207.2,6726,8078,7404
2025-01-19,Telangana,Siddipet,Gajwel APMC,coffee,Hybrid,138.6,9024,10717,9877
2025-01-19,Telangana,Vikarabad,Pargi APMC,Chana,FAQ (Fair Average Quality),259.3,5129,6375,5727
2025-01-19,Telangana,Vikarabad,Tanduru APMC,pomegranate,Hybrid,262.9,9139,11523,10328
2025-01-19,Telangana,Vikarabad,Vikarabad APMC,jute,Local,52.8,4130,5147,4657
2025-01-19,Telangana,Nalgonda,Nalgonda APMC,jute,FAQ (Fair Average Quality),137.2,4859,5988,5406
2025-01-19,Telangana,Nalgonda,Neredcherla APMC,rice,Grade A,52.8,3251,4020,3646
2025-01-19,Telangana,Nalgonda,Miryalguda APMC,Rajma,Grade A,110.1,8194,9928,9087
2025-01-19,Telangana,Yadadri Bhuvanagiri,Aler APMC,watermelon,Local,307.5,1445,1760,1589
2025-01-19,Telangana,Yadadri Bhuvanagiri,Aler APMC,mango,Hybrid,104.5,4023,4685,4389
2025-01-19,Telangana,Yadadri Bhuvanagiri,Aler APMC,Moth Beans,Local,170.0,6370,7290,6821
2025-01-19,Telangana,Mahbubnagar,Badepally APMC,Toor Dal,FAQ (Fair Average Quality),145.6,6527,7914,7216
2025-01-19,Telangana,Mahbubnagar,Badepally APMC,Moong Dal,Hybrid,137.6,7921,9173,8553
2025-01-19,Telangana,Mahbubnagar,Badepally APMC,muskmelon,Hybrid,316.5,1483,1747,1614
2025-01-19,Telangana,Medak,Toopran APMC,pomegranate,FAQ (Fair Average Quality),30.6,7298,8951,8087
2025-01-19,Telangana,Medak,Toopran APMC,coconut,Local,305.8,3699,4537,4106
2025-01-19,Telangana,Medak,Medak APMC,mango,Local,247.7,6804,8029,7441
2025-01-26,Telangana,Hyderabad,Gudimalkapur APMC,Toor Dal,Hybrid,209.0,8156,9814,8950
2025-01-26,Telangana,Hyderabad,Gaddiannaram APMC,Moong Dal,FAQ (Fair Average Quality),46.0,7205,8037,7576
2025-01-26,Telangana,Hyderabad,Bowenpally APMC,mango,Local,193.4,5347,6529,5960
2025-01-26,Telangana,Ranga Reddy,Shadnagar APMC,papaya,Grade A,72.6,2105,2611,2361
2025-01-26,Telangana,Ranga Reddy,Ibrahimpatnam APMC,orange,FAQ (Fair Average Quality),238.5,4386,5423,4918
2025-01-26,Telangana,Ranga Reddy,Chevella APMC,cotton,Hybrid,217.0,7615,8622,8095
2025-01-26,Telangana,Medchal-Malkajgiri,Malkajgiri Mandi,Toor Dal,Local,235.3,7836,9390,8612
2025-01-26,Telangana,Medchal-Malkajgiri,Kukatpally APMC,Moong Dal,Grade A,244.7,7611,9158,8393
2025-01-26,Telangana,Medchal-Malkajgiri,Malkajgiri Mandi,pomegranate,FAQ (Fair Average Quality),112.1,7393,8506,7988
2025-01-26,Telangana,Sangareddy,Sadasivpet APMC,Toor Dal,Hybrid,186.6,7718,9270,8483
2025-01-26,Telangana,Sangareddy,Zaheerabad APMC,Rajma,Grade A,300.0,9336,10989,10152
2025-01-26,Telangana,Sangareddy,Zaheerabad APMC,orange,Local,113.8,4193,4754,4433
2025-01-26,Telangana,Siddipet,Gajwel APMC,muskmelon,Local,277.2,1442,1716,1612
2025-01-26,Telangana,Siddipet,Siddipet APMC,rice,Local,43.3,3471,4151,3770
2025-01-26,Telangana,Siddipet,Siddipet APMC,watermelon,Local,62.2,827,998,941
2025-01-26,Telangana,Vikarabad,Pargi APMC,rice,Hybrid,96.1,3116,3813,3420
2025-01-26,Telangana,Vikarabad,Pargi APMC,cotton,Local,208.0,6804,7964,7397
2025-01-26,Telangana,Vikarabad,Vikarabad APMC,coconut,Local,122.7,2424,3105,2801
2025-01-26,Telangana,Nalgonda,Miryalguda APMC,blackgram,Hybrid,299.3,7337,8870,8056
2025-01-26,Telangana,Nalgonda,Neredcherla APMC,watermelon,FAQ (Fair Average Quality),210.6,1550,1962,1763
2025-01-26,Telangana,Nalgonda,Neredcherla APMC,Rajma,Local,239.7,7695,9103,8427
2025-01-26,Telangana,Yadadri Bhuvanagiri,Aler APMC,Chana,Hybrid,21.1,5951,7108,6520
2025-01-26,Telangana,Yadadri Bhuvanagiri,Bhongir APMC,orange,Local,133.9,4159,5165,4705
2025-01-26,Telangana,Yadadri Bhuvanagiri,Aler APMC,coffee,Grade A,22.9,10155,11801,10961
2025-01-26,Telangana,Mahbubnagar,Mahbubnagar APMC,blackgram,Local,114.8,6696,7814,7292
2025-01-26,Telangana,Mahbubnagar,Mahbubnagar APMC,coffee,Grade A,206.3,13348,15700,14547
2025-01-26,Telangana,Mahbubnagar,Badepally APMC,banana,Local,166.4,3159,3663,3391
2025-01-26,Telangana,Medak,Toopran APMC,apple,Grade A,220.6,11228,13727,12430
2025-01-26,Telangana,Medak,Medak APMC,coffee,Local,51.7,12664,14741,13705
2025-01-26,Telangana,Medak,Medak APMC,pomegranate,Local,60.6,10453,12333,11402
2025-02-02,Telangana,Hyderabad,Gaddiannaram APMC,Moth Beans,Local,308.9,6158,7243,6657
2025-02-02,Telangana,Hyderabad,Gudimalkapur APMC,blackgram,Local,195.6,7270,8943,8093
2025-02-02,Telangana,Hyderabad,Bowenpally APMC,papaya,Hybrid,315.9,1456,1831,1633
2025-02-02,Telangana,Ranga Reddy,Chevella APMC,coffee,FAQ (Fair Average Quality),227.9,10481,12609,11536
2025-02-02,Telangana,Ranga Reddy,Chevella APMC,muskmelon,FAQ (Fair Average Quality),61.2,1223,1495,1318
2025-02-02,Telangana,Ranga Reddy,Chevella APMC,Rajma,Grade A,68.3,8153,9933,9018
2025-02-02,Telangana,Medchal-Malkajgiri,Malkajgiri Mandi,lentil,FAQ (Fair Average Quality),155.9,7217,8748,8010
2025-02-02,Telangana,Medchal-Malkajgiri,Malkajgiri Mandi,rice,Hybrid,250.5,3434,4216,3803
2025-02-02,Telangana,Medchal-Malkajgiri,Kukatpally APMC,Chana,FAQ (Fair Average Quality),269.1,6222,7401,6832
2025-02-02,Telangana,Sangareddy,Patancheru APMC,Moong Dal,Local,259.0,7163,8907,7993
2025-02-02,Telangana,Sangareddy,Sadasivpet APMC,watermelon,Grade A,71.4,1395,1679,1532
2025-02-02,Telangana,Sangareddy,Zaheerabad APMC,pomegranate,Local,162.2,9846,12274,11071
2025-02-02,Telangana,Siddipet,Vantamamidi APMC,coconut,Hybrid,120.5,3631,4330,4005
2025-02-02,Telangana,Siddipet,Vantamamidi APMC,Moong Dal,Hybrid,319.9,7444,9051,8224
2025-02-02,Telangana,Siddipet,Vantamamidi APMC,watermelon,Local,308.3,1511,1734,1628
2025-02-02,Telangana,Vikarabad,Tanduru APMC,muskmelon,FAQ (Fair Average Quality),228.7,2009,2480,2224
2025-02-02,Telangana,Vikarabad,Tanduru APMC,Chana,Grade A,239.4,5026,5972,5512
2025-02-02,Telangana,Vikarabad,Tanduru APMC,watermelon,FAQ (Fair Average Quality),32.3,1115,1398,1210
2025-02-02,Telangana,Nalgonda,Nalgonda APMC,Moong Dal,Hybrid,174.2,7907,9247,8584
2025-02-02,Telangana,Nalgonda,Nalgonda APMC,blackgram,Grade A,180.6,7034,8433,7686
2025-02-02,Telangana,Nalgonda,Nalgonda APMC,Moth Beans,Local,104.5,7736,8886,8353
2025-02-02,Telangana,Yadadri Bhuvanagiri,Bhongir APMC,Toor Dal,Hybrid,281.7,8583,10338,9504
2025-02-02,Telangana,Yadadri Bhuvanagiri,Bhongir APMC,coconut,Hybrid,212.6,2564,3194,2921
2025-02-02,Telangana,Yadadri Bhuvanagiri,Aler APMC,muskmelon,Local,151.2,2081,2576,2332
2025-02-02,Telangana,Mahbubnagar,Mahbubnagar APMC,rice,Local,160.9,3641,4512,4076
2025-02-02,Telangana,Mahbubnagar,Mahbubnagar APMC,Toor Dal,Hybrid,94.7,7320,8311,7795
2025-02-02,Telangana,Mahbubnagar,Mahbubnagar APMC,watermelon,Grade A,140.2,862,1067,980
2025-02-02,Telangana,Medak,Toopran APMC,Chana,Grade A,121.4,5014,5919,5515
2025-02-02,Telangana,Medak,Medak APMC,papaya,Hybrid,123.3,1519,1821,1692
2025-02-02,Telangana,Medak,Medak APMC,jute,Hybrid,239.7,5270,6388,5849
2025-02-09,Telangana,Hyderabad,Gaddiannaram APMC,lentil,Grade A,251.9,7296,8379,7818
2025-02-09,Telangana,Hyderabad,Bowenpally APMC,rice,FAQ (Fair Average Quality),259.1,3786,4636,4217
2025-02-09,Telangana,Hyderabad,Gudimalkapur APMC,papaya,FAQ (Fair Average Quality),233.9,1783,2248,2040
2025-02-09,Telangana,Ranga Reddy,Shadnagar APMC,Rajma,FAQ (Fair Average Quality),43.9,9065,10631,9855
2025-02-09,Telangana,Ranga Reddy,Ibrahimpatnam APMC,cotton,FAQ (Fair Average Quality),205.4,7346,8719,8043
2025-02-09,Telangana,Ranga Reddy,Shadnagar APMC,lentil,Grade A,156.1,6339,7369,6871
2025-02-09,Telangana,Medchal-Malkajgiri,Malkajgiri Mandi,banana,FAQ (Fair Average Quality),50.3,2037,2425,2244
2025-02-09,Telangana,Medchal-Malkajgiri,Malkajgiri Mandi,lentil,Hybrid,94.8,6180,7748,6956
2025-02-09,Telangana,Medchal-Malkajgiri,Malkajgiri Mandi,cotton,Local,168.8,7226,8736,8023
2025-02-09,Telangana,Sangareddy,Patancheru APMC,banana,Hybrid,317.9,2418,3024,2742
2025-02-09,Telangana,Sangareddy,Patancheru APMC,Chana,Local,233.3,4942,5862,5397
2025-02-09,Telangana,Sangareddy,Patancheru APMC,blackgram,Grade A,272.3,7959,8971,8430
2025-02-09,Telangana,Siddipet,Siddipet APMC,pomegranate,Local,72.2,9402,11366,10427
2025-02-09,Telangana,Siddipet,Vantamamidi APMC,coffee,Local,129.2,9687,12288,11016
2025-02-09,Telangana,Siddipet,Gajwel APMC,rice,FAQ (Fair Average Quality),93.5,3527,4129,3828
2025-02-09,Telangana,Vikarabad,Tanduru APMC,lentil,Hybrid,141.1,6652,7665,7184
2025-02-09,Telangana,Vikarabad,Tanduru APMC,Rajma,Hybrid,25.2,9364,10542,9947
2025-02-09,Telangana,Vikarabad,Vikarabad APMC,coffee,FAQ (Fair Average Quality),181.0,10377,12800,11621
2025-02-09,Telangana,Nalgonda,Nalgonda APMC,watermelon,Grade A,60.9,1244,1443,1387
2025-02-09,Telangana,Nalgonda,Nalgonda APMC,blackgram,Hybrid,15.9,6839,8267,7512
2025-02-09,Telangana,Nalgonda,Miryalguda APMC,orange,FAQ (Fair Average Quality),290.7,4411,4999,4673
2025-02-09,Telangana,Yadadri Bhuvanagiri,Aler APMC,Moth Beans,FAQ (Fair Average Quality),202.9,7658,9099,8377
2025-02-09,Telangana,Yadadri Bhuvanagiri,Aler APMC,lentil,Grade A,139.2,6330,7712,7052
2025-02-09,Telangana,Yadadri Bhuvanagiri,Aler APMC,Corn,Hybrid,151.3,2306,2589,2439
2025-02-09,Telangana,Mahbubnagar,Mahbubnagar APMC,Toor Dal,FAQ (Fair Average Quality),196.3,7680,9163,8414
2025-02-09,Telangana,Mahbubnagar,Badepally APMC,papaya,FAQ (Fair Average Quality),250.9,1921,2413,2165
2025-02-09,Telangana,Mahbubnagar,Mahbubnagar APMC,mango,FAQ (Fair Average Quality),155.7,7799,9582,8707
2025-02-09,Telangana,Medak,Medak APMC,Moth Beans,Local,226.5,6788,7617,7187
2025-02-09,Telangana,Medak,Medak APMC,Corn,FAQ (Fair Average Quality),128.0,1930,2347,2187
2025-02-09,Telangana,Medak,Medak APMC,cotton,Local,237.3,7193,9223,8216
2025-02-16,Telangana,Hyderabad,Gudimalkapur APMC,Moong Dal,FAQ (Fair Average Quality),272.3,6955,8200,7586
2025-02-16,Telangana,Hyderabad,Gaddiannaram APMC,orange,Grade A,257.5,5338,6178,5800
2025-02-16,Telangana,Hyderabad,Gudimalkapur APMC,apple,FAQ (Fair Average Quality),67.2,11770,13546,12619
2025-02-16,Telangana,Ranga Reddy,Shadnagar APMC,grapes,Grade A,54.6,6073,6761,6417
2025-02-16,Telangana,Ranga Reddy,Shadnagar APMC,Moth Beans,Local,179.2,7819,9029,8468
2025-02-16,Telangana,Ranga Reddy,Shadnagar APMC,cotton,Grade A,267.2,7902,10010,8953
2025-02-16,Telangana,Medchal-Malkajgiri,Kukatpally APMC,blackgram,Hybrid,252.7,6775,7875,7335
2025-02-16,Telangana,Medchal-Malkajgiri,Kukatpally APMC,coconut,FAQ (Fair Average Quality),124.0,3381,4036,3691
2025-02-16,Telangana,Medchal-Malkajgiri,Malkajgiri Mandi,mango,Hybrid,104.0,5998,7447,6736
2025-02-16,Telangana,Sangareddy,Zaheerabad APMC,Moong Dal,Grade A,197.4,8081,9700,8878
2025-02-16,Telangana,Sangareddy,Sadasivpet APMC,muskmelon,Grade A,68.4,1232,1525,1418
2025-02-16,Telangana,Sangareddy,Patancheru APMC,lentil,Local,15.4,7251,9015,8133
2025-02-16,Telangana,Siddipet,Vantamamidi APMC,lentil,Grade A,162.3,6587,8330,7428
2025-02-16,Telangana,Siddipet,Gajwel APMC,grapes,Local,293.7,5459,6839,6110
2025-02-16,Telangana,Siddipet,Siddipet APMC,Toor Dal,FAQ (Fair Average Quality),244.5,7070,7998,7533
2025-02-16,Telangana,Vikarabad,Pargi APMC,Corn,Hybrid,204.6,2264,2764,2542
2025-02-16,Telangana,Vikarabad,Tanduru APMC,apple,FAQ (Fair Average Quality),94.0,9548,11424,10481
2025-02-16,Telangana,Vikarabad,Vikarabad APMC,Toor Dal,Hybrid,276.9,8123,10059,9073
2025-02-16,Telangana,Nalgonda,Nalgonda APMC,lentil,FAQ (Fair Average Quality),248.1,7378,8295,7817
2025-02-16,Telangana,Nalgonda,Neredcherla APMC,Corn,Grade A,137.1,2172,2640,2357
2025-02-16,Telangana,Nalgonda,Neredcherla APMC,muskmelon,FAQ (Fair Average Quality),206.1,2194,2457,2350
2025-02-16,Telangana,Yadadri Bhuvanagiri,Bhongir APMC,Moong Dal,Grade A,161.6,7541,9465,8497
2025-02-16,Telangana,Yadadri Bhuvanagiri,Aler APMC,banana,FAQ (Fair Average Quality),71.3,2788,3362,3059
2025-02-16,Telangana,Yadadri Bhuvanagiri,Aler APMC,pomegranate,FAQ (Fair Average Quality),241.7,8889,11337,10081
2025-02-16,Telangana,Mahbubnagar,Badepally APMC,grapes,Hybrid,46.8,5721,6896,6331
2025-02-16,Telangana,Mahbubnagar,Mahbubnagar APMC,jute,Grade A,289.0,4106,5259,4678
2025-02-16,Telangana,Mahbubnagar,Mahbubnagar APMC,Moth Beans,Hybrid,101.2,7223,8482,7886
2025-02-16,Telangana,Medak,Toopran APMC,papaya,Hybrid,139.7,1961,2336,2155
2025-02-16,Telangana,Medak,Medak APMC,coffee,FAQ (Fair Average Quality),313.7,11371,13028,12244
2025-02-16,Telangana,Medak,Medak APMC,lentil,Local,105.5,6710,8159,7427
2025-02-23,Telangana,Hyderabad,Gudimalkapur APMC,watermelon,Hybrid,70.1,1264,1573,1390
2025-02-23,Telangana,Hyderabad,Gaddiannaram APMC,muskmelon,Local,275.6,1502,1881,1645
2025-02-23,Telangana,Hyderabad,Gudimalkapur APMC,Toor Dal,Local,307.1,7415,8956,8142
2025-02-23,Telangana,Ranga Reddy,Ibrahimpatnam APMC,coffee,Grade A,305.8,9096,10639,9848
2025-02-23,Telangana,Ranga Reddy,Chevella APMC,coconut,Local,227.7,2680,3192,2965
2025-02-23,Telangana,Ranga Reddy,Ibrahimpatnam APMC,grapes,Local,240.2,6544,7895,7209
2025-02-23,Telangana,Medchal-Malkajgiri,Malkajgiri Mandi,Rajma,Hybrid,193.9,9038,10274,9700
2025-02-23,Telangana,Medchal-Malkajgiri,Malkajgiri Mandi,lentil,FAQ (Fair Average Quality),213.9,7319,8760,7998
2025-02-23,Telangana,Medchal-Malkajgiri,Kukatpally APMC,Toor Dal,FAQ (Fair Average Quality),171.0,6701,7956,7342
2025-02-23,Telangana,Sangareddy,Sadasivpet APMC,mango,Grade A,134.7,5732,6821,6272
2025-02-23,Telangana,Sangareddy,Patancheru APMC,Moong Dal,FAQ (Fair Average Quality),114.8,7646,9288,8420
2025-02-23,Telangana,Sangareddy,Zaheerabad APMC,coconut,Local,127.4,3154,4064,3600
2025-02-23,Telangana,Siddipet,Siddipet APMC,rice,Grade A,256.9,3229,4051,3654
2025-02-23,Telangana,Siddipet,Siddipet APMC,lentil,Local,234.8,6136,7210,6662
2025-02-23,Telangana,Siddipet,Siddipet APMC,jute,Hybrid,271.5,4947,6103,5512
2025-02-23,Telangana,Vikarabad,Pargi APMC,pomegranate,FAQ (Fair Average Quality),129.4,7172,8773,7982
2025-02-23,Telangana,Vikarabad,Tanduru APMC,Corn,Local,124.8,1913,2377,2153
2025-02-23,Telangana,Vikarabad,Tanduru APMC,mango,Hybrid,52.9,3959,4793,4383
2025-02-23,Telangana,Nalgonda,Miryalguda APMC,cotton,Local,136.2,6773,7877,7358
2025-02-23,Telangana,Nalgonda,Nalgonda APMC,Moth Beans,Local,87.8,6980,8423,7721
2025-02-23,Telangana,Nalgonda,Miryalguda APMC,Corn,Hybrid,131.5,2319,2767,2544
2025-02-23,Telangana,Yadadri Bhuvanagiri,Bhongir APMC,banana,Local,191.5,3047,3867,3435
2025-02-23,Telangana,Yadadri Bhuvanagiri,Aler APMC,blackgram,FAQ (Fair Average Quality),178.8,6621,8129,7377
2025-02-23,Telangana,Yadadri Bhuvanagiri,Bhongir APMC,papaya,Grade A,292.2,2052,2323,2215
2025-02-23,Telangana,Mahbubnagar,Mahbubnagar APMC,Moong Dal,Hybrid,80.0,7780,9226,8486
2025-02-23,Telangana,Mahbubnagar,Mahbubnagar APMC,Toor Dal,Hybrid,247.5,7096,8306,7734
2025-02-23,Telangana,Mahbubnagar,Mahbubnagar APMC,watermelon,FAQ (Fair Average Quality),87.9,1308,1566,1396
2025-02-23,Telangana,Medak,Toopran APMC,Corn,Local,311.6,2194,2502,2346
2025-02-23,Telangana,Medak,Medak APMC,watermelon,Hybrid,129.3,878,1055,999
2025-02-23,Telangana,Medak,Toopran APMC,orange,Local,36.9,3431,4146,3768
2025-03-02,Telangana,Hyderabad,Gudimalkapur APMC,Rajma,FAQ (Fair Average Quality),305.6,8232,9720,9001
2025-03-02,Telangana,Hyderabad,Gudimalkapur APMC,mango,Hybrid,286.7,6584,8179,7422
2025-03-02,Telangana,Hyderabad,Bowenpally APMC,jute,Local,282.0,3921,4758,4352
2025-03-02,Telangana,Ranga Reddy,Ibrahimpatnam APMC,Corn,FAQ (Fair Average Quality),182.4,2380,2930,2613
2025-03-02,Telangana,Ranga Reddy,Ibrahimpatnam APMC,muskmelon,FAQ (Fair Average Quality),304.6,1440,1785,1574
2025-03-02,Telangana,Ranga Reddy,Shadnagar APMC,rice,FAQ (Fair Average Quality),209.7,3322,3739,3493
2025-03-02,Telangana,Medchal-Malkajgiri,Malkajgiri Mandi,orange,FAQ (Fair Average Quality),116.7,4436,5186,4812
2025-03-02,Telangana,Medchal-Malkajgiri,Kukatpally APMC,blackgram,Local,146.5,7911,8963,8451
2025-03-02,Telangana,Medchal-Malkajgiri,Kukatpally APMC,jute,Local,216.3,4976,5653,5322
2025-03-02,Telangana,Sangareddy,Zaheerabad APMC,coconut,Local,316.1,3710,4354,4009
2025-03-02,Telangana,Sangareddy,Sadasivpet APMC,lentil,FAQ (Fair Average Quality),302.4,7037,8059,7591
2025-03-02,Telangana,Sangareddy,Sadasivpet APMC,watermelon,Local,69.9,1229,1496,1383
2025-03-02,Telangana,Siddipet,Gajwel APMC,mango,FAQ (Fair Average Quality),169.0,6907,8313,7599
2025-03-02,Telangana,Siddipet,Siddipet APMC,watermelon,Hybrid,56.4,1226,1493,1382
2025-03-02,Telangana,Siddipet,Siddipet APMC,cotton,Hybrid,284.7,7578,9209,8368
2025-03-02,Telangana,Vikarabad,Vikarabad APMC,Toor Dal,Hybrid,249.3,8277,10523,9396
2025-03-02,Telangana,Vikarabad,Pargi APMC,grapes,FAQ (Fair Average Quality),164.0,4734,5436,5052
2025-03-02,Telangana,Vikarabad,Tanduru APMC,coffee,Local,162.5,13814,16317,15027
2025-03-02,Telangana,Nalgonda,Nalgonda APMC,watermelon,Grade A,155.5,1605,1942,1759
2025-03-02,Telangana,Nalgonda,Neredcherla APMC,orange,FAQ (Fair Average Quality),65.9,3965,5163,4575
2025-03-02,Telangana,Nalgonda,Neredcherla APMC,Toor Dal,Hybrid,219.8,7940,9432,8686
2025-03-02,Telangana,Yadadri Bhuvanagiri,Aler APMC,cotton,Hybrid,164.2,7730,9709,8768
2025-03-02,Telangana,Yadadri Bhuvanagiri,Aler APMC,rice,Hybrid,234.6,3880,4637,4307
2025-03-02,Telangana,Yadadri Bhuvanagiri,Aler APMC,apple,FAQ (Fair Average Quality),44.2,11105,13397,12298
2025-03-02,Telangana,Mahbubnagar,Badepally APMC,Chana,Grade A,98.3,5394,6945,6132
2025-03-02,Telangana,Mahbubnagar,Badepally APMC,Moth Beans,Hybrid,317.1,6002,7357,6696
2025-03-02,Telangana,Mahbubnagar,Mahbubnagar APMC,watermelon,FAQ (Fair Average Quality),44.4,1460,1674,1534
2025-03-02,Telangana,Medak,Toopran APMC,coffee,Local,95.4,9613,11408,10517
2025-03-02,Telangana,Medak,Medak APMC,apple,Local,117.0,11716,13654,12664
2025-03-02,Telangana,Medak,Medak APMC,jute,Hybrid,317.7,5189,6139,5640
2025-03-09,Telangana,Hyderabad,Bowenpally APMC,coffee,FAQ (Fair Average Quality),195.1,10666,12937,11780
2025-03-09,Telangana,Hyderabad,Gaddiannaram APMC,banana,Grade A,284.7,2541,3139,2868
2025-03-09,Telangana,Hyderabad,Gudimalkapur APMC,blackgram,Grade A,58.0,7330,9468,8418
2025-03-09,Telangana,Ranga Reddy,Shadnagar APMC,mango,Local,85.5,6031,7554,6828
2025-03-09,Telangana,Ranga Reddy,Ibrahimpatnam APMC,blackgram,FAQ (Fair Average Quality),150.4,6592,7807,7235
2025-03-09,Telangana,Ranga Reddy,Chevella APMC,rice,Local,114.6,4089,4866,4451
2025-03-09,Telangana,Medchal-Malkajgiri,Kukatpally APMC,pomegranate,Grade A,54.9,9187,10679,9963
2025-03-09,Telangana,Medchal-Malkajgiri,Kukatpally APMC,lentil,Grade A,54.1,7111,8382,7781
2025-03-09,Telangana,Medchal-Malkajgiri,Kukatpally APMC,papaya,FAQ (Fair Average Quality),212.3,1254,1425,1296
2025-03-09,Telangana,Sangareddy,Patancheru APMC,apple,FAQ (Fair Average Quality),137.4,9989,11808,10922
2025-03-09,Telangana,Sangareddy,Sadasivpet APMC,banana,Local,246.1,2521,2959,2734
2025-03-09,Telangana,Sangareddy,Zaheerabad APMC,pomegranate,Local,148.4,9038,10310,9638
2025-03-09,Telangana,Siddipet,Vantamamidi APMC,watermelon,FAQ (Fair Average Quality),208.3,1215,1362,1307
2025-03-09,Telangana,Siddipet,Vantamamidi APMC,Chana,Hybrid,72.9,4914,5938,5441
2025-03-09,Telangana,Siddipet,Vantamamidi APMC,banana,Hybrid,202.2,2263,2632,2485
2025-03-09,Telangana,Vikarabad,Pargi APMC,Chana,FAQ (Fair Average Quality),88.6,5408,6240,5813
2025-03-09,Telangana,Vikarabad,Tanduru APMC,coffee,Grade A,39.3,10898,13280,12098
2025-03-09,Telangana,Vikarabad,Pargi APMC,muskmelon,Grade A,135.0,1302,1609,1405
2025-03-09,Telangana,Nalgonda,Nalgonda APMC,banana,Grade A,129.1,2963,3541,3251
2025-03-09,Telangana,Nalgonda,Nalgonda APMC,Chana,Local,285.1,5893,6875,6358
2025-03-09,Telangana,Nalgonda,Neredcherla APMC,jute,Grade A,49.2,4434,5405,4880
2025-03-09,Telangana,Yadadri Bhuvanagiri,Bhongir APMC,rice,Local,239.6,3376,4053,3701
2025-03-09,Telangana,Yadadri Bhuvanagiri,Aler APMC,jute,Grade A,153.9,5307,6443,5916
2025-03-09,Telangana,Yadadri Bhuvanagiri,Bhongir APMC,coconut,Grade A,296.3,3746,4459,4121
2025-03-09,Telangana,Mahbubnagar,Badepally APMC,rice,Hybrid,113.4,4204,4817,4556
2025-03-09,Telangana,Mahbubnagar,Badepally APMC,Toor Dal,FAQ (Fair Average Quality),106.5,8494,10323,9409
2025-03-09,Telangana,Mahbubnagar,Badepally APMC,pomegranate,Local,83.9,8571,9545,9017
2025-03-09,Telangana,Medak,Toopran APMC,apple,Grade A,96.1,10032,11931,11019
2025-03-09,Telangana,Medak,Medak APMC,watermelon,Grade A,78.1,1021,1189,1079
2025-03-09,Telangana,Medak,Medak APMC,jute,FAQ (Fair Average Quality),85.6,5272,6267,5779
2025-03-16,Telangana,Hyderabad,Gudimalkapur APMC,muskmelon,Grade A,119.3,2181,2638,2447
2025-03-16,Telangana,Hyderabad,Gaddiannaram APMC,coconut,Local,225.6,3562,4204,3932
2025-03-16,Telangana,Hyderabad,Gaddiannaram APMC,pomegranate,Hybrid,108.3,9709,12097,10909
2025-03-16,Telangana,Ranga Reddy,Chevella APMC,Moth Beans,FAQ (Fair Average Quality),48.1,7088,8761,7929
2025-03-16,Telangana,Ranga Reddy,Chevella APMC,banana,FAQ (Fair Average Quality),215.6,2010,2494,2203
2025-03-16,Telangana,Ranga Reddy,Chevella APMC,grapes,Grade A,280.5,7183,8260,7751
2025-03-16,Telangana,Medchal-Malkajgiri,Kukatpally APMC,blackgram,Local,35.3,6830,8869,7804
2025-03-16,Telangana,Medchal-Malkajgiri,Malkajgiri Mandi,cotton,FAQ (Fair Average Quality),98.9,7235,8152,7733
2025-03-16,Telangana,Medchal-Malkajgiri,Malkajgiri Mandi,Rajma,Hybrid,252.6,8672,10383,9515
2025-03-16,Telangana,Sangareddy,Patancheru APMC,blackgram,FAQ (Fair Average Quality),308.2,7856,9359,8582
2025-03-16,Telangana,Sangareddy,Patancheru APMC,Corn,Grade A,252.0,2159,2603,2336
2025-03-16,Telangana,Sangareddy,Patancheru APMC,watermelon,FAQ (Fair Average Quality),129.9,1281,1537,1445
2025-03-16,Telangana,Siddipet,Vantamamidi APMC,Moong Dal,Hybrid,301.1,7378,9220,8341
2025-03-16,Telangana,Siddipet,Vantamamidi APMC,Rajma,Local,23.5,7748,9537,8636
2025-03-16,Telangana,Siddipet,Gajwel APMC,Chana,Local,306.2,5519,6591,6069
2025-03-16,Telangana,Vikarabad,Tanduru APMC,coffee,FAQ (Fair Average Quality),60.3,9784,12055,10926
2025-03-16,Telangana,Vikarabad,Tanduru APMC,blackgram,Hybrid,220.1,6706,7764,7190
2025-03-16,Telangana,Vikarabad,Pargi APMC,papaya,Local,270.5,1713,2130,1945
2025-03-16,Telangana,Nalgonda,Miryalguda APMC,muskmelon,Local,279.9,1240,1533,1408
2025-03-16,Telangana,Nalgonda,Nalgonda APMC,Toor Dal,Hybrid,43.0,7377,9136,8222
2025-03-16,Telangana,Nalgonda,Nalgonda APMC,Moong Dal,Hybrid,159.3,7812,9213,8469
2025-03-16,Telangana,Yadadri Bhuvanagiri,Bhongir APMC,Moth Beans,Grade A,143.3,6730,7751,7254
2025-03-16,Telangana,Yadadri Bhuvanagiri,Aler APMC,coffee,Local,256.4,13257,15615,14448
2025-03-16,Telangana,Yadadri Bhuvanagiri,Aler APMC,grapes,Hybrid,242.5,5044,6132,5608
2025-03-16,Telangana,Mahbubnagar,Mahbubnagar APMC,orange,Grade A,166.1,4245,5195,4758
2025-03-16,Telangana,Mahbubnagar,Badepally APMC,Moth Beans,Local,314.4,7260,8946,8053
2025-03-16,Telangana,Mahbubnagar,Mahbubnagar APMC,Chana,Grade A,25.5,5756,6988,6350
2025-03-16,Telangana,Medak,Toopran APMC,Chana,Grade A,139.3,4841,5789,5336
2025-03-16,Telangana,Medak,Medak APMC,Rajma,FAQ (Fair Average Quality),162.9,8606,9995,9336
2025-03-16,Telangana,Medak,Toopran APMC,Corn,Local,121.1,2218,2700,2475
2025-03-23,Telangana,Hyderabad,Gudimalkapur APMC,blackgram,FAQ (Fair Average Quality),188.3,7008,8202,7557
2025-03-23,Telangana,Hyderabad,Gudimalkapur APMC,Rajma,Hybrid,139.3,7448,9144,8269
2025-03-23,Telangana,Hyderabad,Gaddiannaram APMC,banana,Grade A,23.2,3047,3485,3306
2025-03-23,Telangana,Ranga Reddy,Ibrahimpatnam APMC,rice,Hybrid,26.3,3586,4350,3943
2025-03-23,Telangana,Ranga Reddy,Chevella APMC,Moong Dal,Grade A,295.5,7463,8793,8139
2025-03-23,Telangana,Ranga Reddy,Ibrahimpatnam APMC,watermelon,Local,74.1,876,1044,1007
2025-03-23,Telangana,Medchal-Malkajgiri,Malkajgiri Mandi,watermelon,Hybrid,169.0,1502,1859,1697
2025-03-23,Telangana,Medchal-Malkajgiri,Malkajgiri Mandi,rice,FAQ (Fair Average Quality),81.7,3878,4478,4170
2025-03-23,Telangana,Medchal-Malkajgiri,Kukatpally APMC,pomegranate,FAQ (Fair Average Quality),306.5,8503,10477,9509
2025-03-23,Telangana,Sangareddy,Zaheerabad APMC,Moth Beans,Local,167.9,7390,8748,8091
2025-03-23,Telangana,Sangareddy,Zaheerabad APMC,coffee,FAQ (Fair Average Quality),123.3,12035,14682,13367
2025-03-23,Telangana,Sangareddy,Zaheerabad APMC,banana,Hybrid,239.5,2225,2701,2429
2025-03-23,Telangana,Siddipet,Gajwel APMC,watermelon,FAQ (Fair Average Quality),141.9,1011,1172,1109
2025-03-23,Telangana,Siddipet,Vantamamidi APMC,Toor Dal,FAQ (Fair Average Quality),297.6,6827,8039,7430
2025-03-23,Telangana,Siddipet,Siddipet APMC,coffee,FAQ (Fair Average Quality),312.9,12389,15582,13968
2025-03-23,Telangana,Vikarabad,Vikarabad APMC,mango,Hybrid,278.1,3769,4629,4197
2025-03-23,Telangana,Vikarabad,Tanduru APMC,Corn,FAQ (Fair Average Quality),91.9,2312,2773,2505
2025-03-23,Telangana,Vikarabad,Pargi APMC,papaya,Local,146.9,2039,2450,2274
2025-03-23,Telangana,Nalgonda,Nalgonda APMC,coffee,FAQ (Fair Average Quality),211.4,12808,15266,14068
2025-03-23,Telangana,Nalgonda,Nalgonda APMC,Corn,Hybrid,244.8,2206,2642,2468
2025-03-23,Telangana,Nalgonda,Neredcherla APMC,grapes,Local,87.8,5581,6440,6021
2025-03-23,Telangana,Yadadri Bhuvanagiri,Bhongir APMC,apple,FAQ (Fair Average Quality),237.8,11175,13119,12196
2025-03-23,Telangana,Yadadri Bhuvanagiri,Bhongir APMC,Moth Beans,Local,69.4,7414,8396,7880
2025-03-23,Telangana,Yadadri Bhuvanagiri,Bhongir APMC,blackgram,FAQ (Fair Average Quality),126.7,7659,8532,8049
2025-03-23,Telangana,Mahbubnagar,Mahbubnagar APMC,cotton,Local,317.7,7501,9409,8491
2025-03-23,Telangana,Mahbubnagar,Mahbubnagar APMC,Chana,FAQ (Fair Average Quality),86.2,5714,7120,6410
2025-03-23,Telangana,Mahbubnagar,Badepally APMC,Corn,Hybrid,111.7,1877,2209,2077
2025-03-23,Telangana,Medak,Medak APMC,coconut,Hybrid,91.7,3598,4146,3906
2025-03-23,Telangana,Medak,Toopran APMC,rice,FAQ (Fair Average Quality),142.7,3088,3988,3562
2025-03-23,Telangana,Medak,Medak APMC,watermelon,Grade A,318.0,1301,1583,1395
2025-03-30,Telangana,Hyderabad,Gudimalkapur APMC,cotton,Hybrid,111.4,7592,8878,8191
2025-03-30,Telangana,Hyderabad,Gudimalkapur APMC,coffee,FAQ (Fair Average Quality),166.4,12690,14919,13847
2025-03-30,Telangana,Hyderabad,Gudimalkapur APMC,orange,Hybrid,296.8,5228,6638,5956
2025-03-30,Telangana,Ranga Reddy,Chevella APMC,grapes,FAQ (Fair Average Quality),64.6,5170,6500,5882
2025-03-30,Telangana,Ranga Reddy,Chevella APMC,watermelon,FAQ (Fair Average Quality),268.3,1194,1506,1333
2025-03-30,Telangana,Ranga Reddy,Chevella APMC,apple,FAQ (Fair Average Quality),59.1,10894,12868,11883
2025-03-30,Telangana,Medchal-Malkajgiri,Kukatpally APMC,rice,FAQ (Fair Average Quality),140.6,3879,4460,4198
2025-03-30,Telangana,Medchal-Malkajgiri,Kukatpally APMC,coffee,FAQ (Fair Average Quality),316.1,9790,11379,10627
2025-03-30,Telangana,Medchal-Malkajgiri,Kukatpally APMC,blackgram,FAQ (Fair Average Quality),41.7,7063,8545,7789
2025-03-30,Telangana,Sangareddy,Zaheerabad APMC,cotton,FAQ (Fair Average Quality),71.5,6873,8568,7745
2025-03-30,Telangana,Sangareddy,Zaheerabad APMC,jute,Grade A,230.2,4856,6106,5445
2025-03-30,Telangana,Sangareddy,Zaheerabad APMC,lentil,Grade A,75.2,7116,8331,7722
2025-03-30,Telangana,Siddipet,Siddipet APMC,cotton,Hybrid,123.8,7996,9378,8699
2025-03-30,Telangana,Siddipet,Vantamamidi APMC,mango,Hybrid,313.1,8050,9841,8950
2025-03-30,Telangana,Siddipet,Gajwel APMC,coconut,FAQ (Fair Average Quality),146.8,2739,3286,2987
2025-03-30,Telangana,Vikarabad,Pargi APMC,rice,FAQ (Fair Average Quality),57.2,3304,3818,3575
2025-03-30,Telangana,Vikarabad,Pargi APMC,muskmelon,Grade A,189.4,1254,1452,1399
2025-03-30,Telangana,Vikarabad,Pargi APMC,grapes,Local,221.8,7079,8689,7893
2025-03-30,Telangana,Nalgonda,Neredcherla APMC,muskmelon,Grade A,313.0,2035,2508,2306
2025-03-30,Telangana,Nalgonda,Miryalguda APMC,mango,Hybrid,93.6,4199,5010,4582
2025-03-30,Telangana,Nalgonda,Miryalguda APMC,Moong Dal,Grade A,47.6,8252,9898,9047
2025-03-30,Telangana,Yadadri Bhuvanagiri,Bhongir APMC,blackgram,Local,87.9,7468,9488,8486
2025-03-30,Telangana,Yadadri Bhuvanagiri,Aler APMC,Moong Dal,Grade A,46.8,7022,8428,7742
2025-03-30,Telangana,Yadadri Bhuvanagiri,Bhongir APMC,papaya,Hybrid,185.6,1611,1878,1792
2025-03-30,Telangana,Mahbubnagar,Mahbubnagar APMC,Moong Dal,Local,90.7,7298,8705,7988
2025-03-30,Telangana,Mahbubnagar,Badepally APMC,coffee,Hybrid,136.8,11759,14531,13146
2025-03-30,Telangana,Mahbubnagar,Mahbubnagar APMC,cotton,Grade A,242.6,6909,8430,7654
2025-03-30,Telangana,Medak,Medak APMC,blackgram,Hybrid,162.5,7048,8209,7621
2025-03-30,Telangana,Medak,Toopran APMC,mango,FAQ (Fair Average Quality),22.2,6882,7910,7363
2025-03-30,Telangana,Medak,Medak APMC,watermelon,Hybrid,126.1,1222,1500,1352
2025-04-06,Telangana,Hyderabad,Gaddiannaram APMC,mango,Grade A,85.1,6192,7665,6948
2025-04-06,Telangana,Hyderabad,Gudimalkapur APMC,lentil,Hybrid,319.2,6500,8020,7288
2025-04-06,Telangana,Hyderabad,Bowenpally APMC,coffee,Local,69.5,12381,14826,13650
2025-04-06,Telangana,Ranga Reddy,Chevella APMC,Moong Dal,Hybrid,108.4,7717,9426,8613
2025-04-06,Telangana,Ranga Reddy,Ibrahimpatnam APMC,rice,FAQ (Fair Average Quality),82.9,3584,4418,4049
2025-04-06,Telangana,Ranga Reddy,Chevella APMC,papaya,Grade A,60.8,2067,2371,2192
2025-04-06,Telangana,Medchal-Malkajgiri,Malkajgiri Mandi,muskmelon,Grade A,274.7,1954,2290,2106
2025-04-06,Telangana,Medchal-Malkajgiri,Kukatpally APMC,watermelon,FAQ (Fair Average Quality),216.6,1130,1387,1299
2025-04-06,Telangana,Medchal-Malkajgiri,Kukatpally APMC,orange,FAQ (Fair Average Quality),243.6,3581,4481,4006
2025-04-06,Telangana,Sangareddy,Zaheerabad APMC,coconut,Grade A,266.1,3273,3958,3635
2025-04-06,Telangana,Sangareddy,Sadasivpet APMC,watermelon,FAQ (Fair Average Quality),48.8,874,1067,982
2025-04-06,Telangana,Sangareddy,Zaheerabad APMC,Toor Dal,FAQ (Fair Average Quality),111.8,6648,7977,7304
2025-04-06,Telangana,Siddipet,Vantamamidi APMC,lentil,Grade A,247.0,7148,8707,7971
2025-04-06,Telangana,Siddipet,Vantamamidi APMC,Moong Dal,FAQ (Fair Average Quality),143.6,8037,9906,9014
2025-04-06,Telangana,Siddipet,Siddipet APMC,pomegranate,Local,214.9,7444,8758,8133
2025-04-06,Telangana,Vikarabad,Pargi APMC,lentil,Local,169.0,5993,7559,6810
2025-04-06,Telangana,Vikarabad,Vikarabad APMC,Toor Dal,FAQ (Fair Average Quality),180.4,8629,9670,9185
2025-04-06,Telangana,Vikarabad,Pargi APMC,Rajma,Grade A,310.6,7808,8993,8421
2025-04-06,Telangana,Nalgonda,Neredcherla APMC,Corn,Hybrid,176.0,1863,2140,1987
2025-04-06,Telangana,Nalgonda,Miryalguda APMC,coconut,Hybrid,56.7,2939,3472,3234
2025-04-06,Telangana,Nalgonda,Neredcherla APMC,Chana,Local,188.1,5193,5870,5535
2025-04-06,Telangana,Yadadri Bhuvanagiri,Bhongir APMC,grapes,Grade A,160.2,7280,9283,8296
2025-04-06,Telangana,Yadadri Bhuvanagiri,Aler APMC,Moong Dal,Grade A,313.9,8218,9866,9067
2025-04-06,Telangana,Yadadri Bhuvanagiri,Aler APMC,coconut,Grade A,309.4,3622,4052,3798
2025-04-06,Telangana,Mahbubnagar,Badepally APMC,lentil,Local,233.6,7100,8240,7657
2025-04-06,Telangana,Mahbubnagar,Mahbubnagar APMC,pomegranate,Grade A,286.2,8390,9972,9183
2025-04-06,Telangana,Mahbubnagar,Mahbubnagar APMC,Moth Beans,Hybrid,193.5,7146,8380,7766
2025-04-06,Telangana,Medak,Toopran APMC,orange,Local,117.5,4370,5015,4732
2025-04-06,Telangana,Medak,Medak APMC,rice,Hybrid,33.7,3981,4689,4352
2025-04-06,Telangana,Medak,Medak APMC,coffee,Local,302.9,10796,12131,11492
2025-04-13,Telangana,Hyderabad,Gaddiannaram APMC,Moong Dal,Grade A,300.0,7521,8907,8259
2025-04-13,Telangana,Hyderabad,Gaddiannaram APMC,cotton,Local,210.9,7789,9332,8567
2025-04-13,Telangana,Hyderabad,Bowenpally APMC,pomegranate,Hybrid,86.7,8819,10838,9804
2025-04-13,Telangana,Ranga Reddy,Ibrahimpatnam APMC,coconut,FAQ (Fair Average Quality),90.5,3242,3709,3499
2025-04-13,Telangana,Ranga Reddy,Chevella APMC,Corn,Grade A,126.9,2080,2434,2211
2025-04-13,Telangana,Ranga Reddy,Ibrahimpatnam APMC,pomegranate,Hybrid,169.1,8350,9754,9067
2025-04-13,Telangana,Medchal-Malkajgiri,Kukatpally APMC,Moong Dal,Grade A,110.7,8001,9200,8632
2025-04-13,Telangana,Medchal-Malkajgiri,Kukatpally APMC,Toor Dal,Hybrid,25.0,8123,9749,8973
2025-04-13,Telangana,Medchal-Malkajgiri,Malkajgiri Mandi,grapes,Grade A,256.7,6610,8043,7368
2025-04-13,Telangana,Sangareddy,Patancheru APMC,coconut,Grade A,71.4,2995,3659,3374
2025-04-13,Telangana,Sangareddy,Sadasivpet APMC,watermelon,Grade A,203.3,1371,1583,1513
2025-04-13,Telangana,Sangareddy,Zaheerabad APMC,Toor Dal,Grade A,110.0,7925,9608,8730
2025-04-13,Telangana,Siddipet,Vantamamidi APMC,cotton,Grade A,302.1,7444,9225,8364
2025-04-13,Telangana,Siddipet,Vantamamidi APMC,watermelon,Hybrid,26.7,1449,1738,1620
2025-04-13,Telangana,Siddipet,Gajwel APMC,blackgram,FAQ (Fair Average Quality),178.8,6714,8047,7339
2025-04-13,Telangana,Vikarabad,Tanduru APMC,rice,Grade A,159.9,3298,3873,3579
2025-04-13,Telangana,Vikarabad,Pargi APMC,lentil,FAQ (Fair Average Quality),306.7,6824,8122,7449
2025-04-13,Telangana,Vikarabad,Tanduru APMC,jute,FAQ (Fair Average Quality),91.8,4495,5570,5063
2025-04-13,Telangana,Nalgonda,Neredcherla APMC,banana,Hybrid,261.9,2908,3380,3094
2025-04-13,Telangana,Nalgonda,Neredcherla APMC,Chana,Local,246.8,5259,6684,6008
2025-04-13,Telangana,Nalgonda,Neredcherla APMC,papaya,FAQ (Fair Average Quality),234.5,2010,2429,2230
2025-04-13,Telangana,Yadadri Bhuvanagiri,Bhongir APMC,orange,Hybrid,188.8,4636,5637,5175
2025-04-13,Telangana,Yadadri Bhuvanagiri,Aler APMC,coconut,Local,254.6,2940,3346,3115
2025-04-13,Telangana,Yadadri Bhuvanagiri,Aler APMC,Rajma,Local,150.3,8805,10570,9732
2025-04-13,Telangana,Mahbubnagar,Badepally APMC,pomegranate,Hybrid,109.6,8285,10787,9513
2025-04-13,Telangana,Mahbubnagar,Mahbubnagar APMC,papaya,Grade A,311.1,1648,1957,1796
2025-04-13,Telangana,Mahbubnagar,Mahbubnagar APMC,banana,Hybrid,290.3,2923,3484,3244
2025-04-13,Telangana,Medak,Medak APMC,lentil,Local,312.7,6410,7990,7161
2025-04-13,Telangana,Medak,Medak APMC,papaya,FAQ (Fair Average Quality),67.8,1337,1702,1513
2025-04-13,Telangana,Medak,Medak APMC,grapes,Local,79.1,5042,5984,5553
2025-04-20,Telangana,Hyderabad,Gudimalkapur APMC,cotton,Local,300.9,6954,8529,7748
2025-04-20,Telangana,Hyderabad,Gudimalkapur APMC,papaya,Grade A,271.1,1679,2011,1846
2025-04-20,Telangana,Hyderabad,Gudimalkapur APMC,Moong Dal,Grade A,140.4,7900,9775,8799
2025-04-20,Telangana,Ranga Reddy,Ibrahimpatnam APMC,Toor Dal,Grade A,190.2,7710,8934,8277
2025-04-20,Telangana,Ranga Reddy,Chevella APMC,papaya,Grade A,87.5,2293,2846,2585
2025-04-20,Telangana,Ranga Reddy,Shadnagar APMC,Moth Beans,Grade A,74.8,6261,7297,6821
2025-04-20,Telangana,Medchal-Malkajgiri,Kukatpally APMC,Chana,Grade A,301.0,5178,6607,5922
2025-04-20,Telangana,Medchal-Malkajgiri,Malkajgiri Mandi,mango,FAQ (Fair Average Quality),90.0,7146,8646,7846
2025-04-20,Telangana,Medchal-Malkajgiri,Malkajgiri Mandi,jute,Hybrid,290.9,4231,5171,4661
2025-04-20,Telangana,Sangareddy,Sadasivpet APMC,muskmelon,Grade A,292.3,1484,1794,1609
2025-04-20,Telangana,Sangareddy,Zaheerabad APMC,lentil,Hybrid,263.2,6647,7951,7288
2025-04-20,Telangana,Sangareddy,Sadasivpet APMC,Toor Dal,FAQ (Fair Average Quality),318.1,7324,8509,7948
2025-04-20,Telangana,Siddipet,Gajwel APMC,rice,Grade A,171.8,3813,4902,4384
2025-04-20,Telangana,Siddipet,Vantamamidi APMC,watermelon,Hybrid,79.1,1028,1331,1226
2025-04-20,Telangana,Siddipet,Gajwel APMC,coffee,Local,159.3,11607,13111,12364
2025-04-20,Telangana,Vikarabad,Tanduru APMC,mango,Local,147.6,5574,6827,6181
2025-04-20,Telangana,Vikarabad,Tanduru APMC,Rajma,Grade A,281.0,9099,10635,9876
2025-04-20,Telangana,Vikarabad,Pargi APMC,coffee,Hybrid,250.7,10794,13321,12073
2025-04-20,Telangana,Nalgonda,Nalgonda APMC,rice,Local,46.9,3502,4139,3844
2025-04-20,Telangana,Nalgonda,Neredcherla APMC,Toor Dal,Local,79.2,8058,9647,8887
2025-04-20,Telangana,Nalgonda,Nalgonda APMC,coconut,Grade A,88.3,3718,4454,4044
2025-04-20,Telangana,Yadadri Bhuvanagiri,Aler APMC,muskmelon,Hybrid,224.8,1361,1643,1472
2025-04-20,Telangana,Yadadri Bhuvanagiri,Bhongir APMC,papaya,FAQ (Fair Average Quality),271.2,1969,2344,2192
2025-04-20,Telangana,Yadadri Bhuvanagiri,Aler APMC,apple,Local,238.0,12023,14484,13231
2025-04-20,Telangana,Mahbubnagar,Mahbubnagar APMC,papaya,Local,131.3,1352,1576,1443
2025-04-20,Telangana,Mahbubnagar,Mahbubnagar APMC,watermelon,Local,294.3,1375,1568,1510
2025-04-20,Telangana,Mahbubnagar,Mahbubnagar APMC,Chana,Local,107.9,5180,6410,5770
2025-04-20,Telangana,Medak,Toopran APMC,papaya,Local,91.8,1540,1977,1728
2025-04-20,Telangana,Medak,Medak APMC,apple,Grade A,28.4,9250,10983,10090
2025-04-20,Telangana,Medak,Medak APMC,Moth Beans,Local,300.6,6958,8068,7463
2025-04-27,Telangana,Hyderabad,Gaddiannaram APMC,rice,Local,58.2,3700,4615,4148
2025-04-27,Telangana,Hyderabad,Bowenpally APMC,apple,Grade A,114.5,11936,13881,12926
2025-04-27,Telangana,Hyderabad,Gudimalkapur APMC,papaya,FAQ (Fair Average Quality),179.2,1222,1415,1295
2025-04-27,Telangana,Ranga Reddy,Ibrahimpatnam APMC,lentil,FAQ (Fair Average Quality),231.1,7383,8626,8002
2025-04-27,Telangana,Ranga Reddy,Shadnagar APMC,cotton,Grade A,110.3,7610,8704,8187
2025-04-27,Telangana,Ranga Reddy,Chevella APMC,apple,Grade A,293.5,11184,13223,12220
2025-04-27,Telangana,Medchal-Malkajgiri,Malkajgiri Mandi,rice,Local,176.4,3418,4070,3774
2025-04-27,Telangana,Medchal-Malkajgiri,Malkajgiri Mandi,grapes,FAQ (Fair Average Quality),200.9,6690,8056,7382
2025-04-27,Telangana,Medchal-Malkajgiri,Kukatpally APMC,coconut,Hybrid,46.1,3495,4543,4012
2025-04-27,Telangana,Sangareddy,Sadasivpet APMC,Chana,Grade A,253.6,5418,6350,5926
2025-04-27,Telangana,Sangareddy,Patancheru APMC,cotton,Grade A,121.6,7007,8578,7834
2025-04-27,Telangana,Sangareddy,Zaheerabad APMC,blackgram,Local,42.3,7009,8353,7698
2025-04-27,Telangana,Siddipet,Gajwel APMC,orange,Local,110.2,5063,6489,5760
2025-04-27,Telangana,Siddipet,Vantamamidi APMC,coconut,Grade A,20.5,2954,3347,3177
2025-04-27,Telangana,Siddipet,Siddipet APMC,cotton,Grade A,89.6,7042,8255,7620
2025-04-27,Telangana,Vikarabad,Vikarabad APMC,apple,Grade A,192.4,8691,10054,9358
2025-04-27,Telangana,Vikarabad,Pargi APMC,watermelon,Local,184.5,1053,1281,1168
2025-04-27,Telangana,Vikarabad,Tanduru APMC,Moth Beans,Local,196.6,6951,8336,7669
2025-04-27,Telangana,Nalgonda,Miryalguda APMC,banana,Local,102.6,2500,2982,2772
2025-04-27,Telangana,Nalgonda,Miryalguda APMC,orange,Local,145.3,4262,5172,4747
2025-04-27,Telangana,Nalgonda,Miryalguda APMC,rice,FAQ (Fair Average Quality),123.6,3192,3595,3441
2025-04-27,Telangana,Yadadri Bhuvanagiri,Aler APMC,papaya,Hybrid,119.5,1952,2507,2272
2025-04-27,Telangana,Yadadri Bhuvanagiri,Aler APMC,jute,Hybrid,308.4,5060,6317,5716
2025-04-27,Telangana,Yadadri Bhuvanagiri,Bhongir APMC,mango,Local,221.7,7354,8375,7894
2025-04-27,Telangana,Mahbubnagar,Mahbubnagar APMC,Chana,FAQ (Fair Average Quality),256.5,5604,6506,6087
2025-04-27,Telangana,Mahbubnagar,Mahbubnagar APMC,banana,Local,311.8,3051,3473,3228
2025-04-27,Telangana,Mahbubnagar,Badepally APMC,rice,FAQ (Fair Average Quality),35.5,3874,4899,4428
2025-04-27,Telangana,Medak,Toopran APMC,Chana,Local,282.6,6059,7309,6645
2025-04-27,Telangana,Medak,Toopran APMC,grapes,Grade A,144.6,4975,5992,5522
2025-04-27,Telangana,Medak,Medak APMC,apple,Grade A,306.6,9554,11876,10700
2025-05-04,Telangana,Hyderabad,Gaddiannaram APMC,Moth Beans,Grade A,307.5,6029,7329,6688
2025-05-04,Telangana,Hyderabad,Bowenpally APMC,cotton,Hybrid,184.7,6970,8783,7868
2025-05-04,Telangana,Hyderabad,Bowenpally APMC,pomegranate,Hybrid,87.1,10429,12909,11666
2025-05-04,Telangana,Ranga Reddy,Chevella APMC,coconut,Hybrid,48.6,3426,3953,3661
2025-05-04,Telangana,Ranga Reddy,Ibrahimpatnam APMC,grapes,Local,208.9,5248,6539,5911
2025-05-04,Telangana,Ranga Reddy,Ibrahimpatnam APMC,apple,Hybrid,174.2,11152,13993,12609
2025-05-04,Telangana,Medchal-Malkajgiri,Kukatpally APMC,apple,Hybrid,60.8,11368,13079,12200
2025-05-04,Telangana,Medchal-Malkajgiri,Malkajgiri Mandi,cotton,FAQ (Fair Average Quality),183.1,6968,7930,7474
2025-05-04,Telangana,Medchal-Malkajgiri,Malkajgiri Mandi,banana,Hybrid,34.9,2066,2413,2227
2025-05-04,Telangana,Sangareddy,Sadasivpet APMC,jute,Hybrid,251.0,4498,5360,4950
2025-05-04,Telangana,Sangareddy,Zaheerabad APMC,Rajma,Grade A,273.1,7757,9386,8566
2025-05-04,Telangana,Sangareddy,Patancheru APMC,pomegranate,Hybrid,59.2,10088,12816,11446
2025-05-04,Telangana,Siddipet,Gajwel APMC,banana,Grade A,258.2,2015,2423,2204
2025-05-04,Telangana,Siddipet,Siddipet APMC,Rajma,Hybrid,26.7,7612,9714,8661
2025-05-04,Telangana,Siddipet,Vantamamidi APMC,apple,Grade A,153.8,8497,10711,9585
2025-05-04,Telangana,Vikarabad,Vikarabad APMC,watermelon,FAQ (Fair Average Quality),310.3,1481,1794,1635
2025-05-04,Telangana,Vikarabad,Vikarabad APMC,mango,Local,139.3,5070,5825,5475
2025-05-04,Telangana,Vikarabad,Pargi APMC,Chana,Local,199.5,5697,6785,6252
2025-05-04,Telangana,Nalgonda,Miryalguda APMC,coconut,Local,168.2,3129,3912,3558
2025-05-04,Telangana,Nalgonda,Neredcherla APMC,cotton,Hybrid,291.1,7984,10179,9051
2025-05-04,Telangana,Nalgonda,Nalgonda APMC,grapes,Hybrid,310.4,5331,6168,5727
2025-05-04,Telangana,Yadadri Bhuvanagiri,Bhongir APMC,lentil,Local,179.8,7029,8259,7650
2025-05-04,Telangana,Yadadri Bhuvanagiri,Bhongir APMC,watermelon,Hybrid,293.7,898,1029,931
2025-05-04,Telangana,Yadadri Bhuvanagiri,Aler APMC,banana,Local,177.1,2150,2596,2333
2025-05-04,Telangana,Mahbubnagar,Mahbubnagar APMC,jute,FAQ (Fair Average Quality),116.2,4326,5252,4804
2025-05-04,Telangana,Mahbubnagar,Badepally APMC,Corn,FAQ (Fair Average Quality),36.8,2634,3058,2803
2025-05-04,Telangana,Mahbubnagar,Mahbubnagar APMC,watermelon,Local,21.9,842,986,864
2025-05-04,Telangana,Medak,Toopran APMC,lentil,Local,255.2,6887,8636,7804
2025-05-04,Telangana,Medak,Medak APMC,coconut,FAQ (Fair Average Quality),33.3,3753,4529,4182
2025-05-04,Telangana,Medak,Toopran APMC,orange,Grade A,83.4,3947,4639,4287
2025-05-11,Telangana,Hyderabad,Gudimalkapur APMC,Rajma,Local,296.7,8854,10959,9946
2025-05-11,Telangana,Hyderabad,Gaddiannaram APMC,muskmelon,FAQ (Fair Average Quality),226.1,1845,2289,2072
2025-05-11,Telangana,Hyderabad,Bowenpally APMC,coconut,Grade A,68.3,2830,3339,3042
2025-05-11,Telangana,Ranga Reddy,Ibrahimpatnam APMC,Corn,Local,29.6,2033,2352,2160
2025-05-11,Telangana,Ranga Reddy,Shadnagar APMC,papaya,FAQ (Fair Average Quality),240.1,1325,1567,1475
2025-05-11,Telangana,Ranga Reddy,Ibrahimpatnam APMC,Toor Dal,Local,63.0,6706,8291,7494
2025-05-11,Telangana,Medchal-Malkajgiri,Malkajgiri Mandi,Rajma,Hybrid,208.7,8025,9590,8839
2025-05-11,Telangana,Medchal-Malkajgiri,Kukatpally APMC,papaya,Local,47.2,1312,1690,1522
2025-05-11,Telangana,Medchal-Malkajgiri,Malkajgiri Mandi,watermelon,Grade A,54.9,1495,1814,1677
2025-05-11,Telangana,Sangareddy,Patancheru APMC,Moong Dal,FAQ (Fair Average Quality),129.3,8116,9845,8997
2025-05-11,Telangana,Sangareddy,Sadasivpet APMC,orange,Hybrid,68.3,5223,5825,5511
2025-05-11,Telangana,Sangareddy,Patancheru APMC,rice,Local,111.7,3976,4850,4375
2025-05-11,Telangana,Siddipet,Gajwel APMC,apple,FAQ (Fair Average Quality),32.3,8530,10936,9737
2025-05-11,Telangana,Siddipet,Siddipet APMC,Chana,Hybrid,170.0,6035,7500,6772
2025-05-11,Telangana,Siddipet,Siddipet APMC,cotton,Hybrid,272.9,6739,8280,7496
2025-05-11,Telangana,Vikarabad,Pargi APMC,orange,FAQ (Fair Average Quality),172.9,5571,6613,6043
2025-05-11,Telangana,Vikarabad,Tanduru APMC,coconut,Grade A,285.1,2695,3117,2922
2025-05-11,Telangana,Vikarabad,Tanduru APMC,coffee,Hybrid,307.3,13356,16594,14987
2025-05-11,Telangana,Nalgonda,Nalgonda APMC,pomegranate,FAQ (Fair Average Quality),256.3,7940,9368,8658
2025-05-11,Telangana,Nalgonda,Neredcherla APMC,rice,Hybrid,117.4,3498,4021,3729
2025-05-11,Telangana,Nalgonda,Neredcherla APMC,apple,Local,173.5,10759,12980,11829
2025-05-11,Telangana,Yadadri Bhuvanagiri,Aler APMC,orange,Local,299.5,5351,6695,6063
2025-05-11,Telangana,Yadadri Bhuvanagiri,Bhongir APMC,papaya,FAQ (Fair Average Quality),261.9,2027,2529,2301
2025-05-11,Telangana,Yadadri Bhuvanagiri,Aler APMC,mango,FAQ (Fair Average Quality),237.0,5603,6603,6086
2025-05-11,Telangana,Mahbubnagar,Mahbubnagar APMC,rice,Local,280.8,3600,4268,3928
2025-05-11,Telangana,Mahbubnagar,Badepally APMC,Toor Dal,FAQ (Fair Average Quality),79.3,8262,9747,8960
2025-05-11,Telangana,Mahbubnagar,Mahbubnagar APMC,muskmelon,Grade A,160.3,1817,2088,1981
2025-05-11,Telangana,Medak,Toopran APMC,Toor Dal,Local,17.5,8274,9849,9066
2025-05-11,Telangana,Medak,Toopran APMC,pomegranate,Hybrid,195.6,10691,12053,11419
2025-05-11,Telangana,Medak,Toopran APMC,Moong Dal,FAQ (Fair Average Quality),234.2,7334,9568,8456
2025-05-18,Telangana,Hyderabad,Bowenpally APMC,banana,Hybrid,131.3,2464,3001,2726
2025-05-18,Telangana,Hyderabad,Gudimalkapur APMC,Moth Beans,FAQ (Fair Average Quality),227.1,6694,7633,7201
2025-05-18,Telangana,Hyderabad,Bowenpally APMC,jute,Hybrid,28.7,5009,5905,5470
2025-05-18,Telangana,Ranga Reddy,Ibrahimpatnam APMC,apple,Local,143.7,12286,14686,13454
2025-05-18,Telangana,Ranga Reddy,Chevella APMC,jute,Hybrid,27.1,4395,5390,4931
2025-05-18,Telangana,Ranga Reddy,Chevella APMC,Moong Dal,Grade A,148.8,7052,7974,7501
2025-05-18,Telangana,Medchal-Malkajgiri,Kukatpally APMC,Corn,Hybrid,210.6,2062,2463,2242
2025-05-18,Telangana,Medchal-Malkajgiri,Malkajgiri Mandi,orange,Local,30.2,3573,4608,4048
2025-05-18,Telangana,Medchal-Malkajgiri,Kukatpally APMC,papaya,Local,184.8,1888,2297,2139
2025-05-18,Telangana,Sangareddy,Sadasivpet APMC,blackgram,Grade A,82.6,7212,8577,7888
2025-05-18,Telangana,Sangareddy,Zaheerabad APMC,apple,FAQ (Fair Average Quality),223.9,11151,13491,12367
2025-05-18,Telangana,Sangareddy,Patancheru APMC,mango,FAQ (Fair Average Quality),294.4,4971,5738,5314
2025-05-18,Telangana,Siddipet,Gajwel APMC,jute,FAQ (Fair Average Quality),138.6,4042,4682,4334
2025-05-18,Telangana,Siddipet,Siddipet APMC,grapes,Hybrid,302.9,6174,7510,6811
2025-05-18,Telangana,Siddipet,Gajwel APMC,muskmelon,Local,69.5,1264,1535,1426
2025-05-18,Telangana,Vikarabad,Vikarabad APMC,rice,Grade A,270.8,3291,4046,3627
2025-05-18,Telangana,Vikarabad,Pargi APMC,papaya,FAQ (Fair Average Quality),308.9,1216,1449,1370
2025-05-18,Telangana,Vikarabad,Tanduru APMC,Corn,Grade A,129.2,2397,2958,2665
2025-05-18,Telangana,Nalgonda,Nalgonda APMC,mango,Hybrid,214.0,3699,4274,3958
2025-05-18,Telangana,Nalgonda,Neredcherla APMC,lentil,Hybrid,140.3,6316,7616,6933
2025-05-18,Telangana,Nalgonda,Neredcherla APMC,Moth Beans,Grade A,301.8,5947,7702,6850
2025-05-18,Telangana,Yadadri Bhuvanagiri,Bhongir APMC,watermelon,Grade A,168.8,887,1046,924
2025-05-18,Telangana,Yadadri Bhuvanagiri,Aler APMC,rice,Hybrid,65.3,4331,4887,4630
2025-05-18,Telangana,Yadadri Bhuvanagiri,Aler APMC,apple,Hybrid,95.4,8506,10043,9258
2025-05-18,Telangana,Mahbubnagar,Mahbubnagar APMC,Moth Beans,Grade A,226.8,6464,7505,6952
2025-05-18,Telangana,Mahbubnagar,Badepally APMC,jute,Local,172.6,4695,5822,5288
2025-05-18,Telangana,Mahbubnagar,Badepally APMC,grapes,FAQ (Fair Average Quality),134.0,5797,7284,6494
2025-05-18,Telangana,Medak,Medak APMC,pomegranate,Local,216.2,8210,10006,9100
2025-05-18,Telangana,Medak,Toopran APMC,watermelon,Local,245.4,1212,1460,1300
2025-05-18,Telangana,Medak,Medak APMC,apple,Hybrid,137.6,9843,11498,10687
2025-05-25,Telangana,Hyderabad,Gudimalkapur APMC,pomegranate,FAQ (Fair Average Quality),103.8,8143,10202,9149
2025-05-25,Telangana,Hyderabad,Bowenpally APMC,jute,Grade A,183.8,4893,5505,5229
2025-05-25,Telangana,Hyderabad,Gudimalkapur APMC,Toor Dal,Hybrid,266.6,7622,9568,8575
2025-05-25,Telangana,Ranga Reddy,Shadnagar APMC,watermelon,Local,234.2,1611,1809,1661
2025-05-25,Telangana,Ranga Reddy,Chevella APMC,apple,Grade A,313.6,9888,11270,10615
2025-05-25,Telangana,Ranga Reddy,Chevella APMC,Moth Beans,Local,223.9,6811,8321,7532
2025-05-25,Telangana,Medchal-Malkajgiri,Malkajgiri Mandi,blackgram,Local,62.2,7111,8250,7649
2025-05-25,Telangana,Medchal-Malkajgiri,Malkajgiri Mandi,cotton,FAQ (Fair Average Quality),140.5,7768,9267,8557
2025-05-25,Telangana,Medchal-Malkajgiri,Kukatpally APMC,Moth Beans,Hybrid,270.4,6980,8178,7555
2025-05-25,Telangana,Sangareddy,Patancheru APMC,Chana,Local,84.4,5598,6525,6094
2025-05-25,Telangana,Sangareddy,Patancheru APMC,Rajma,Grade A,270.2,8796,10260,9520
2025-05-25,Telangana,Sangareddy,Sadasivpet APMC,Toor Dal,Local,303.1,7345,8586,7966
2025-05-25,Telangana,Siddipet,Siddipet APMC,pomegranate,Hybrid,124.8,11233,12813,11986
2025-05-25,Telangana,Siddipet,Vantamamidi APMC,Chana,Local,234.1,4926,6080,5522
2025-05-25,Telangana,Siddipet,Vantamamidi APMC,Corn,FAQ (Fair Average Quality),290.9,2570,2990,2779
2025-05-25,Telangana,Vikarabad,Tanduru APMC,cotton,Local,177.1,6953,8899,7912
2025-05-25,Telangana,Vikarabad,Vikarabad APMC,coconut,Grade A,77.3,2891,3405,3109
2025-05-25,Telangana,Vikarabad,Tanduru APMC,coffee,Local,184.2,12909,14681,13767
2025-05-25,Telangana,Nalgonda,Neredcherla APMC,watermelon,FAQ (Fair Average Quality),71.0,1447,1859,1684
2025-05-25,Telangana,Nalgonda,Miryalguda APMC,Chana,Local,28.7,5663,7023,6368
2025-05-25,Telangana,Nalgonda,Nalgonda APMC,Toor Dal,Local,123.8,8305,10082,9199
2025-05-25,Telangana,Yadadri Bhuvanagiri,Aler APMC,cotton,Local,172.3,7013,7960,7496
2025-05-25,Telangana,Yadadri Bhuvanagiri,Bhongir APMC,banana,Hybrid,226.7,2707,3231,3010
2025-05-25,Telangana,Yadadri Bhuvanagiri,Bhongir APMC,rice,FAQ (Fair Average Quality),129.8,3568,4322,3956
2025-05-25,Telangana,Mahbubnagar,Badepally APMC,banana,Local,165.5,2724,3255,2971
2025-05-25,Telangana,Mahbubnagar,Mahbubnagar APMC,Moong Dal,Local,128.0,7006,8932,7923
2025-05-25,Telangana,Mahbubnagar,Badepally APMC,watermelon,FAQ (Fair Average Quality),202.8,1388,1739,1593
2025-05-25,Telangana,Medak,Toopran APMC,Toor Dal,FAQ (Fair Average Quality),309.3,8229,9482,8823
2025-05-25,Telangana,Medak,Medak APMC,apple,Local,184.2,10814,13482,12154
2025-05-25,Telangana,Medak,Toopran APMC,orange,Local,215.5,4165,4902,4487
2025-06-01,Telangana,Hyderabad,Gudimalkapur APMC,pomegranate,Hybrid,152.4,10519,12500,11469
2025-06-01,Telangana,Hyderabad,Gudimalkapur APMC,coffee,FAQ (Fair Average Quality),268.0,10374,13217,11817
2025-06-01,Telangana,Hyderabad,Gudimalkapur APMC,Moong Dal,Local,308.9,6893,8092,7540
2025-06-01,Telangana,Ranga Reddy,Ibrahimpatnam APMC,Toor Dal,Local,109.0,7608,8804,8205
2025-06-01,Telangana,Ranga Reddy,Ibrahimpatnam APMC,Moth Beans,FAQ (Fair Average Quality),290.1,6131,7082,6590
2025-06-01,Telangana,Ranga Reddy,Shadnagar APMC,apple,Hybrid,268.6,8772,10619,9724
2025-06-01,Telangana,Medchal-Malkajgiri,Malkajgiri Mandi,muskmelon,FAQ (Fair Average Quality),305.4,1281,1509,1425
2025-06-01,Telangana,Medchal-Malkajgiri,Kukatpally APMC,lentil,Local,317.1,6630,7858,7287
2025-06-01,Telangana,Medchal-Malkajgiri,Kukatpally APMC,Chana,Grade A,202.2,5573,6687,6104
2025-06-01,Telangana,Sangareddy,Patancheru APMC,grapes,Grade A,174.6,5735,7162,6418
2025-06-01,Telangana,Sangareddy,Patancheru APMC,muskmelon,Local,40.9,1423,1643,1484
2025-06-01,Telangana,Sangareddy,Zaheerabad APMC,Rajma,FAQ (Fair Average Quality),100.1,8508,10803,9700
2025-06-01,Telangana,Siddipet,Gajwel APMC,banana,Hybrid,212.6,2553,3143,2867
2025-06-01,Telangana,Siddipet,Vantamamidi APMC,jute,Hybrid,102.7,4394,5361,4864
2025-06-01,Telangana,Siddipet,Siddipet APMC,papaya,FAQ (Fair Average Quality),111.1,1326,1645,1480
2025-06-01,Telangana,Vikarabad,Pargi APMC,banana,Hybrid,261.6,2106,2641,2351
2025-06-01,Telangana,Vikarabad,Pargi APMC,apple,Hybrid,301.7,10550,12580,11608
2025-06-01,Telangana,Vikarabad,Pargi APMC,rice,Hybrid,133.7,3447,4137,3776
2025-06-01,Telangana,Nalgonda,Miryalguda APMC,orange,Hybrid,285.9,5222,6152,5657
2025-06-01,Telangana,Nalgonda,Miryalguda APMC,Chana,Local,211.2,4909,5779,5393
2025-06-01,Telangana,Nalgonda,Neredcherla APMC,jute,Hybrid,162.7,4414,5149,4791
2025-06-01,Telangana,Yadadri Bhuvanagiri,Bhongir APMC,muskmelon,Grade A,285.6,2122,2615,2336
2025-06-01,Telangana,Yadadri Bhuvanagiri,Bhongir APMC,Rajma,Grade A,57.0,7821,9554,8714
2025-06-01,Telangana,Yadadri Bhuvanagiri,Aler APMC,Toor Dal,Grade A,268.5,6921,8458,7677
2025-06-01,Telangana,Mahbubnagar,Mahbubnagar APMC,grapes,Hybrid,138.3,6028,7155,6559
2025-06-01,Telangana,Mahbubnagar,Badepally APMC,apple,Grade A,86.3,8870,10855,9838
2025-06-01,Telangana,Mahbubnagar,Mahbubnagar APMC,watermelon,Hybrid,220.1,1150,1342,1234
2025-06-01,Telangana,Medak,Medak APMC,banana,Grade A,57.4,2452,2932,2732
2025-06-01,Telangana,Medak,Medak APMC,Moong Dal,Local,101.9,7615,9074,8372
2025-06-01,Telangana,Medak,Toopran APMC,rice,Local,49.3,3961,4814,4368
2025-06-08,Telangana,Hyderabad,Gudimalkapur APMC,grapes,Grade A,203.3,6641,7804,7178
2025-06-08,Telangana,Hyderabad,Bowenpally APMC,cotton,Hybrid,171.7,7408,9291,8389
2025-06-08,Telangana,Hyderabad,Gaddiannaram APMC,apple,Hybrid,103.7,9182,10385,9825
2025-06-08,Telangana,Ranga Reddy,Ibrahimpatnam APMC,muskmelon,FAQ (Fair Average Quality),291.7,2022,2587,2334
2025-06-08,Telangana,Ranga Reddy,Ibrahimpatnam APMC,papaya,Local,58.0,1780,2060,1921
2025-06-08,Telangana,Ranga Reddy,Shadnagar APMC,banana,FAQ (Fair Average Quality),204.5,1878,2147,2056
2025-06-08,Telangana,Medchal-Malkajgiri,Kukatpally APMC,coconut,Local,192.2,3248,3882,3524
2025-06-08,Telangana,Medchal-Malkajgiri,Kukatpally APMC,Moth Beans,Grade A,212.4,7674,9174,8390
2025-06-08,Telangana,Medchal-Malkajgiri,Malkajgiri Mandi,Corn,Hybrid,79.3,2185,2822,2478
2025-06-08,Telangana,Sangareddy,Zaheerabad APMC,grapes,FAQ (Fair Average Quality),133.6,5723,7046,6426
2025-06-08,Telangana,Sangareddy,Sadasivpet APMC,mango,Local,218.3,7599,9774,8708
2025-06-08,Telangana,Sangareddy,Patancheru APMC,orange,FAQ (Fair Average Quality),180.7,4043,4622,4287
2025-06-08,Telangana,Siddipet,Vantamamidi APMC,orange,FAQ (Fair Average Quality),67.3,4027,4869,4474
2025-06-08,Telangana,Siddipet,Vantamamidi APMC,jute,Local,209.7,4632,5860,5235
2025-06-08,Telangana,Siddipet,Gajwel APMC,cotton,Local,286.0,7756,9496,8638
2025-06-08,Telangana,Vikarabad,Pargi APMC,mango,Hybrid,174.2,6001,7478,6755
2025-06-08,Telangana,Vikarabad,Tanduru APMC,coconut,FAQ (Fair Average Quality),128.6,3571,4442,3998
2025-06-08,Telangana,Vikarabad,Vikarabad APMC,blackgram,Grade A,214.1,7225,8594,7881
2025-06-08,Telangana,Nalgonda,Miryalguda APMC,blackgram,Local,73.9,7185,8777,8019
2025-06-08,Telangana,Nalgonda,Nalgonda APMC,apple,Local,297.6,10044,12700,11383
2025-06-08,Telangana,Nalgonda,Miryalguda APMC,watermelon,Hybrid,314.9,1312,1490,1396
2025-06-08,Telangana,Yadadri Bhuvanagiri,Aler APMC,banana,FAQ (Fair Average Quality),271.9,2344,2824,2540
2025-06-08,Telangana,Yadadri Bhuvanagiri,Bhongir APMC,rice,Hybrid,131.5,4005,4896,4422
2025-06-08,Telangana,Yadadri Bhuvanagiri,Aler APMC,blackgram,FAQ (Fair Average Quality),259.6,6888,7955,7416
2025-06-08,Telangana,Mahbubnagar,Badepally APMC,mango,FAQ (Fair Average Quality),199.2,7069,8726,7862
2025-06-08,Telangana,Mahbubnagar,Mahbubnagar APMC,Corn,Grade A,121.3,1790,2195,1976
2025-06-08,Telangana,Mahbubnagar,Badepally APMC,muskmelon,Grade A,280.4,1318,1584,1498
2025-06-08,Telangana,Medak,Toopran APMC,cotton,Grade A,311.5,7396,8912,8196
2025-06-08,Telangana,Medak,Toopran APMC,mango,Local,172.7,3595,4500,4061
2025-06-08,Telangana,Medak,Toopran APMC,Moong Dal,Grade A,247.5,7048,8727,7929
2025-06-15,Telangana,Hyderabad,Gaddiannaram APMC,Moth Beans,Hybrid,59.1,7024,8059,7491
2025-06-15,Telangana,Hyderabad,Bowenpally APMC,lentil,Grade A,77.7,6527,8227,7341
2025-06-15,Telangana,Hyderabad,Gaddiannaram APMC,Toor Dal,Grade A,151.5,6601,7903,7258
2025-06-15,Telangana,Ranga Reddy,Shadnagar APMC,Moong Dal,FAQ (Fair Average Quality),304.1,7424,8582,8003
2025-06-15,Telangana,Ranga Reddy,Ibrahimpatnam APMC,orange,FAQ (Fair Average Quality),233.8,5290,6299,5829
2025-06-15,Telangana,Ranga Reddy,Shadnagar APMC,lentil,Hybrid,173.3,5952,7712,6800
2025-06-15,Telangana,Medchal-Malkajgiri,Malkajgiri Mandi,rice,Hybrid,296.1,3637,4211,3973
2025-06-15,Telangana,Medchal-Malkajgiri,Kukatpally APMC,lentil,Grade A,306.0,6760,7541,7111
2025-06-15,Telangana,Medchal-Malkajgiri,Kukatpally APMC,apple,Local,120.4,9122,10534,9867
2025-06-15,Telangana,Sangareddy,Sadasivpet APMC,Chana,FAQ (Fair Average Quality),256.0,5094,6138,5607
2025-06-15,Telangana,Sangareddy,Zaheerabad APMC,watermelon,Local,147.4,824,1038,886
2025-06-15,Telangana,Sangareddy,Zaheerabad APMC,Moong Dal,Local,144.0,8042,9660,8819
2025-06-15,Telangana,Siddipet,Gajwel APMC,muskmelon,FAQ (Fair Average Quality),124.9,2022,2530,2236
2025-06-15,Telangana,Siddipet,Siddipet APMC,grapes,FAQ (Fair Average Quality),317.6,6001,6833,6445
2025-06-15,Telangana,Siddipet,Gajwel APMC,pomegranate,Hybrid,262.5,10101,12823,11459
2025-06-15,Telangana,Vikarabad,Tanduru APMC,muskmelon,Hybrid,168.3,2042,2385,2203
2025-06-15,Telangana,Vikarabad,Tanduru APMC,mango,Local,242.8,6088,7004,6569
2025-06-15,Telangana,Vikarabad,Tanduru APMC,papaya,Local,213.9,2403,2913,2645
2025-06-15,Telangana,Nalgonda,Nalgonda APMC,pomegranate,Grade A,81.7,7385,9166,8322
2025-06-15,Telangana,Nalgonda,Nalgonda APMC,grapes,Hybrid,302.5,7025,8597,7784
2025-06-15,Telangana,Nalgonda,Nalgonda APMC,Moong Dal,Grade A,105.0,7718,9388,8589
2025-06-15,Telangana,Yadadri Bhuvanagiri,Bhongir APMC,Corn,FAQ (Fair Average Quality),308.0,2455,2758,2612
2025-06-15,Telangana,Yadadri Bhuvanagiri,Aler APMC,Chana,Local,84.1,5141,5955,5504
2025-06-15,Telangana,Yadadri Bhuvanagiri,Aler APMC,coffee,Grade A,256.2,12514,15293,13928
2025-06-15,Telangana,Mahbubnagar,Badepally APMC,Moong Dal,Hybrid,52.1,7209,8612,7906
2025-06-15,Telangana,Mahbubnagar,Mahbubnagar APMC,banana,Local,30.8,3128,3615,3365
2025-06-15,Telangana,Mahbubnagar,Badepally APMC,mango,Grade A,121.1,6533,7658,7139
2025-06-15,Telangana,Medak,Medak APMC,coffee,Grade A,199.0,11276,12819,12096
2025-06-15,Telangana,Medak,Toopran APMC,coconut,FAQ (Fair Average Quality),154.0,2897,3531,3239
2025-06-15,Telangana,Medak,Medak APMC,Toor Dal,FAQ (Fair Average Quality),113.4,7322,9178,8297
2025-06-22,Telangana,Hyderabad,Gaddiannaram APMC,mango,Grade A,273.6,4435,5495,4996
2025-06-22,Telangana,Hyderabad,Gudimalkapur APMC,watermelon,Local,214.7,1094,1354,1228
2025-06-22,Telangana,Hyderabad,Gudimalkapur APMC,rice,Hybrid,237.6,3505,4021,3765
2025-06-22,Telangana,Ranga Reddy,Ibrahimpatnam APMC,Chana,Grade A,73.8,5351,6303,5857
2025-06-22,Telangana,Ranga Reddy,Chevella APMC,rice,Grade A,133.5,3975,4758,4415
2025-06-22,Telangana,Ranga Reddy,Shadnagar APMC,mango,FAQ (Fair Average Quality),162.2,7485,8739,8134
2025-06-22,Telangana,Medchal-Malkajgiri,Kukatpally APMC,Toor Dal,FAQ (Fair Average Quality),23.7,8187,10593,9432
2025-06-22,Telangana,Medchal-Malkajgiri,Malkajgiri Mandi,pomegranate,FAQ (Fair Average Quality),217.3,8598,10901,9772
2025-06-22,Telangana,Medchal-Malkajgiri,Kukatpally APMC,Moong Dal,Grade A,164.6,7573,8450,8046
2025-06-22,Telangana,Sangareddy,Sadasivpet APMC,mango,FAQ (Fair Average Quality),257.1,5287,6198,5715
2025-06-22,Telangana,Sangareddy,Sadasivpet APMC,papaya,Hybrid,70.0,1885,2251,2107
2025-06-22,Telangana,Sangareddy,Patancheru APMC,pomegranate,Local,71.7,10282,12371,11345
2025-06-22,Telangana,Siddipet,Gajwel APMC,coconut,Local,35.3,3142,3757,3484
2025-06-22,Telangana,Siddipet,Siddipet APMC,lentil,Local,249.4,7263,9035,8192
2025-06-22,Telangana,Siddipet,Gajwel APMC,coffee,Local,252.1,9997,12338,11135
2025-06-22,Telangana,Vikarabad,Tanduru APMC,banana,Hybrid,289.5,2869,3710,3328
2025-06-22,Telangana,Vikarabad,Vikarabad APMC,Corn,Hybrid,105.9,2134,2568,2333
2025-06-22,Telangana,Vikarabad,Vikarabad APMC,Moth Beans,Grade A,269.3,7302,9183,8226
2025-06-22,Telangana,Nalgonda,Nalgonda APMC,mango,Local,21.6,5931,6839,6401
2025-06-22,Telangana,Nalgonda,Miryalguda APMC,blackgram,FAQ (Fair Average Quality),128.6,8064,9387,8725
2025-06-22,Telangana,Nalgonda,Neredcherla APMC,cotton,FAQ (Fair Average Quality),173.6,7038,8591,7803
2025-06-22,Telangana,Yadadri Bhuvanagiri,Bhongir APMC,coffee,Grade A,265.4,12715,14913,13835
2025-06-22,Telangana,Yadadri Bhuvanagiri,Bhongir APMC,apple,FAQ (Fair Average Quality),211.3,8794,11080,9910
2025-06-22,Telangana,Yadadri Bhuvanagiri,Bhongir APMC,Toor Dal,Hybrid,31.9,6922,8449,7690
2025-06-22,Telangana,Mahbubnagar,Mahbubnagar APMC,banana,Hybrid,109.2,2377,2900,2598
2025-06-22,Telangana,Mahbubnagar,Mahbubnagar APMC,pomegranate,Hybrid,64.8,7426,8353,7876
2025-06-22,Telangana,Mahbubnagar,Badepally APMC,Corn,Hybrid,263.9,1986,2237,2100
2025-06-22,Telangana,Medak,Medak APMC,rice,Grade A,302.6,3268,4033,3625
2025-06-22,Telangana,Medak,Medak APMC,blackgram,FAQ (Fair Average Quality),218.8,8154,9228,8677
2025-06-22,Telangana,Medak,Medak APMC,lentil,Grade A,53.9,6571,7959,7228
2025-06-29,Telangana,Hyderabad,Gudimalkapur APMC,lentil,Hybrid,255.3,6539,8243,7378
2025-06-29,Telangana,Hyderabad,Gaddiannaram APMC,coconut,FAQ (Fair Average Quality),52.7,3502,4343,3921
2025-06-29,Telangana,Hyderabad,Bowenpally APMC,blackgram,Hybrid,236.0,8046,9199,8582
2025-06-29,Telangana,Ranga Reddy,Chevella APMC,rice,FAQ (Fair Average Quality),35.8,3532,4303,3958
2025-06-29,Telangana,Ranga Reddy,Ibrahimpatnam APMC,coconut,Hybrid,294.4,2818,3323,3099
2025-06-29,Telangana,Ranga Reddy,Shadnagar APMC,Corn,Local,149.4,2182,2558,2394
2025-06-29,Telangana,Medchal-Malkajgiri,Kukatpally APMC,Chana,Local,311.6,5943,6787,6330
2025-06-29,Telangana,Medchal-Malkajgiri,Malkajgiri Mandi,Rajma,FAQ (Fair Average Quality),264.4,7588,9756,8663
2025-06-29,Telangana,Medchal-Malkajgiri,Malkajgiri Mandi,pomegranate,Local,64.0,9488,11513,10534
2025-06-29,Telangana,Sangareddy,Sadasivpet APMC,papaya,Local,272.0,1624,2017,1822
2025-06-29,Telangana,Sangareddy,Sadasivpet APMC,blackgram,Grade A,215.2,6466,7737,7111
2025-06-29,Telangana,Sangareddy,Sadasivpet APMC,apple,Grade A,274.4,7837,9708,8775
2025-06-29,Telangana,Siddipet,Gajwel APMC,Moong Dal,Local,86.0,6927,8741,7854
2025-06-29,Telangana,Siddipet,Vantamamidi APMC,coffee,Hybrid,172.2,12228,14866,13515
2025-06-29,Telangana,Siddipet,Vantamamidi APMC,blackgram,FAQ (Fair Average Quality),91.3,7975,9955,8924
2025-06-29,Telangana,Vikarabad,Vikarabad APMC,Corn,FAQ (Fair Average Quality),288.0,1879,2385,2161
2025-06-29,Telangana,Vikarabad,Pargi APMC,muskmelon,Hybrid,145.0,1330,1649,1521
2025-06-29,Telangana,Vikarabad,Pargi APMC,pomegranate,FAQ (Fair Average Quality),308.0,9134,10667,9900
2025-06-29,Telangana,Nalgonda,Nalgonda APMC,Corn,Grade A,95.1,1890,2306,2073
2025-06-29,Telangana,Nalgonda,Miryalguda APMC,banana,Hybrid,186.1,2052,2469,2225
2025-06-29,Telangana,Nalgonda,Neredcherla APMC,orange,Local,178.6,3615,4417,4034
2025-06-29,Telangana,Yadadri Bhuvanagiri,Aler APMC,grapes,Hybrid,134.6,5731,6504,6089
2025-06-29,Telangana,Yadadri Bhuvanagiri,Bhongir APMC,Moth Beans,Grade A,218.1,6542,7661,7075
2025-06-29,Telangana,Yadadri Bhuvanagiri,Bhongir APMC,lentil,Local,76.1,7129,8852,7954
2025-06-29,Telangana,Mahbubnagar,Badepally APMC,banana,Grade A,185.5,2578,3036,2801
2025-06-29,Telangana,Mahbubnagar,Badepally APMC,blackgram,Grade A,222.9,7115,8254,7665
2025-06-29,Telangana,Mahbubnagar,Badepally APMC,Corn,Hybrid,114.7,1930,2288,2126
2025-06-29,Telangana,Medak,Toopran APMC,cotton,FAQ (Fair Average Quality),181.2,7473,8754,8127
2025-06-29,Telangana,Medak,Toopran APMC,Moth Beans,Hybrid,130.8,7441,9417,8390
2025-06-29,Telangana,Medak,Toopran APMC,watermelon,Hybrid,192.6,1031,1221,1117
2025-07-06,Telangana,Hyderabad,Bowenpally APMC,Corn,Grade A,143.9,2209,2660,2415
2025-07-06,Telangana,Hyderabad,Gaddiannaram APMC,coconut,FAQ (Fair Average Quality),245.3,2718,3230,3003
2025-07-06,Telangana,Hyderabad,Bowenpally APMC,Moong Dal,FAQ (Fair Average Quality),88.7,7631,8604,8124
2025-07-06,Telangana,Ranga Reddy,Ibrahimpatnam APMC,rice,FAQ (Fair Average Quality),161.8,3894,4621,4300
2025-07-06,Telangana,Ranga Reddy,Chevella APMC,blackgram,Grade A,98.6,8117,9815,8947
2025-07-06,Telangana,Ranga Reddy,Shadnagar APMC,grapes,FAQ (Fair Average Quality),240.1,6534,8060,7318
2025-07-06,Telangana,Medchal-Malkajgiri,Malkajgiri Mandi,Toor Dal,FAQ (Fair Average Quality),33.2,6726,8203,7438
2025-07-06,Telangana,Medchal-Malkajgiri,Malkajgiri Mandi,cotton,FAQ (Fair Average Quality),234.7,8182,9724,8988
2025-07-06,Telangana,Medchal-Malkajgiri,Malkajgiri Mandi,Moth Beans,Hybrid,223.9,7651,8610,8172
2025-07-06,Telangana,Sangareddy,Zaheerabad APMC,jute,Local,243.0,5302,6291,5813
2025-07-06,Telangana,Sangareddy,Patancheru APMC,Corn,Grade A,17.9,1995,2384,2237
2025-07-06,Telangana,Sangareddy,Patancheru APMC,Rajma,Grade A,32.4,8467,10190,9303
2025-07-06,Telangana,Siddipet,Vantamamidi APMC,coffee,FAQ (Fair Average Quality),294.9,12851,15271,14015
2025-07-06,Telangana,Siddipet,Gajwel APMC,Corn,Hybrid,254.1,2175,2598,2343
2025-07-06,Telangana,Siddipet,Siddipet APMC,banana,Hybrid,245.8,2283,2690,2469
2025-07-06,Telangana,Vikarabad,Pargi APMC,pomegranate,Grade A,79.7,9653,11367,10538
2025-07-06,Telangana,Vikarabad,Vikarabad APMC,orange,Grade A,96.6,4255,5063,4680
2025-07-06,Telangana,Vikarabad,Vikarabad APMC,Corn,Grade A,134.1,1883,2236,2053
2025-07-06,Telangana,Nalgonda,Nalgonda APMC,mango,Grade A,192.9,7038,7824,7383
2025-07-06,Telangana,Nalgonda,Neredcherla APMC,apple,Hybrid,41.5,9355,11413,10381
2025-07-06,Telangana,Nalgonda,Miryalguda APMC,Toor Dal,FAQ (Fair Average Quality),257.0,8031,10212,9081
2025-07-06,Telangana,Yadadri Bhuvanagiri,Bhongir APMC,muskmelon,Hybrid,70.9,1506,1831,1628
2025-07-06,Telangana,Yadadri Bhuvanagiri,Aler APMC,mango,Grade A,301.9,3977,4857,4408
2025-07-06,Telangana,Yadadri Bhuvanagiri,Bhongir APMC,Chana,Local,19.0,5925,6849,6391
2025-07-06,Telangana,Mahbubnagar,Badepally APMC,rice,Hybrid,61.1,4213,4716,4467
2025-07-06,Telangana,Mahbubnagar,Badepally APMC,Corn,Grade A,155.4,2334,2928,2671
2025-07-06,Telangana,Mahbubnagar,Mahbubnagar APMC,coffee,Local,227.3,11506,14091,12844
2025-07-06,Telangana,Medak,Toopran APMC,rice,Hybrid,162.3,3957,4590,4267
2025-07-06,Telangana,Medak,Medak APMC,mango,FAQ (Fair Average Quality),64.4,7225,8317,7775
2025-07-06,Telangana,Medak,Toopran APMC,lentil,FAQ (Fair Average Quality),241.3,6298,7540,6894
2025-07-13,Telangana,Hyderabad,Gudimalkapur APMC,Toor Dal,Grade A,209.8,7372,9013,8168
2025-07-13,Telangana,Hyderabad,Bowenpally APMC,coconut,Grade A,126.8,3539,4177,3892
2025-07-13,Telangana,Hyderabad,Gudimalkapur APMC,watermelon,Grade A,266.5,1270,1489,1329
2025-07-13,Telangana,Ranga Reddy,Chevella APMC,grapes,Grade A,132.7,5673,6423,6000
2025-07-13,Telangana,Ranga Reddy,Chevella APMC,Moong Dal,Grade A,312.2,7716,8988,8320
2025-07-13,Telangana,Ranga Reddy,Shadnagar APMC,blackgram,Hybrid,173.3,7321,8273,7791
2025-07-13,Telangana,Medchal-Malkajgiri,Kukatpally APMC,Moong Dal,Grade A,114.0,7451,8881,8139
2025-07-13,Telangana,Medchal-Malkajgiri,Malkajgiri Mandi,mango,Local,179.0,4850,6112,5441
2025-07-13,Telangana,Medchal-Malkajgiri,Kukatpally APMC,muskmelon,Local,294.5,1440,1737,1550
2025-07-13,Telangana,Sangareddy,Patancheru APMC,grapes,FAQ (Fair Average Quality),137.0,6350,7819,7058
2025-07-13,Telangana,Sangareddy,Zaheerabad APMC,jute,Local,300.5,5062,5864,5444
2025-07-13,Telangana,Sangareddy,Patancheru APMC,lentil,Hybrid,133.2,7085,8693,7872
2025-07-13,Telangana,Siddipet,Gajwel APMC,Chana,Grade A,43.5,5227,6158,5727
2025-07-13,Telangana,Siddipet,Siddipet APMC,coffee,Hybrid,264.4,9207,10862,10018
2025-07-13,Telangana,Siddipet,Vantamamidi APMC,rice,Grade A,155.5,3569,4385,4009
2025-07-13,Telangana,Vikarabad,Vikarabad APMC,Toor Dal,Hybrid,228.3,8131,10269,9192
2025-07-13,Telangana,Vikarabad,Pargi APMC,Rajma,Hybrid,80.2,7566,9210,8374
2025-07-13,Telangana,Vikarabad,Pargi APMC,papaya,Grade A,77.2,1246,1449,1347
2025-07-13,Telangana,Nalgonda,Nalgonda APMC,cotton,Local,252.1,8252,9301,8737
2025-07-13,Telangana,Nalgonda,Miryalguda APMC,watermelon,Hybrid,269.7,1201,1468,1338
2025-07-13,Telangana,Nalgonda,Neredcherla APMC,Rajma,Local,306.9,9125,10774,9998
2025-07-13,Telangana,Yadadri Bhuvanagiri,Aler APMC,jute,Grade A,159.1,4491,5379,4919
2025-07-13,Telangana,Yadadri Bhuvanagiri,Bhongir APMC,watermelon,Hybrid,220.0,1055,1247,1193
2025-07-13,Telangana,Yadadri Bhuvanagiri,Aler APMC,Moong Dal,Hybrid,58.9,7342,9452,8394
2025-07-13,Telangana,Mahbubnagar,Mahbubnagar APMC,Corn,Hybrid,80.8,2029,2317,2183
2025-07-13,Telangana,Mahbubnagar,Badepally APMC,orange,Hybrid,184.9,5303,6586,5898
2025-07-13,Telangana,Mahbubnagar,Mahbubnagar APMC,watermelon,FAQ (Fair Average Quality),189.0,1002,1240,1152
2025-07-13,Telangana,Medak,Medak APMC,orange,Hybrid,225.0,4330,5090,4705
2025-07-13,Telangana,Medak,Medak APMC,lentil,Hybrid,273.7,6520,8067,7276
2025-07-13,Telangana,Medak,Medak APMC,Toor Dal,FAQ (Fair Average Quality),51.4,7366,8602,7962
2025-07-20,Telangana,Hyderabad,Bowenpally APMC,Moth Beans,Hybrid,31.0,7093,8822,7952
2025-07-20,Telangana,Hyderabad,Gudimalkapur APMC,watermelon,FAQ (Fair Average Quality),272.4,1143,1345,1206
2025-07-20,Telangana,Hyderabad,Gudimalkapur APMC,lentil,Grade A,225.0,6224,7814,7054
2025-07-20,Telangana,Ranga Reddy,Ibrahimpatnam APMC,jute,Hybrid,265.9,5129,6195,5685
2025-07-20,Telangana,Ranga Reddy,Ibrahimpatnam APMC,coconut,Hybrid,227.1,2771,3238,2966
2025-07-20,Telangana,Ranga Reddy,Ibrahimpatnam APMC,papaya,Grade A,146.4,2357,2960,2615
2025-07-20,Telangana,Medchal-Malkajgiri,Malkajgiri Mandi,pomegranate,Local,295.7,7246,9003,8089
2025-07-20,Telangana,Medchal-Malkajgiri,Malkajgiri Mandi,watermelon,Grade A,104.7,931,1110,1027
2025-07-20,Telangana,Medchal-Malkajgiri,Kukatpally APMC,muskmelon,Local,306.8,1918,2215,2103
2025-07-20,Telangana,Sangareddy,Patancheru APMC,Moth Beans,Hybrid,155.4,7517,8928,8271
2025-07-20,Telangana,Sangareddy,Sadasivpet APMC,grapes,Local,222.2,6091,7051,6586
2025-07-20,Telangana,Sangareddy,Zaheerabad APMC,blackgram,FAQ (Fair Average Quality),69.7,7557,8832,8168
2025-07-20,Telangana,Siddipet,Gajwel APMC,Chana,Hybrid,27.0,5423,6301,5846
2025-07-20,Telangana,Siddipet,Siddipet APMC,pomegranate,Hybrid,223.8,7902,10013,8959
2025-07-20,Telangana,Siddipet,Vantamamidi APMC,Corn,FAQ (Fair Average Quality),169.2,2556,3152,2843
2025-07-20,Telangana,Vikarabad,Pargi APMC,coconut,Grade A,248.1,3392,4027,3750
2025-07-20,Telangana,Vikarabad,Vikarabad APMC,cotton,Local,53.2,8029,9696,8849
2025-07-20,Telangana,Vikarabad,Tanduru APMC,apple,Hybrid,194.7,10422,13208,11796
2025-07-20,Telangana,Nalgonda,Neredcherla APMC,coconut,FAQ (Fair Average Quality),239.1,2851,3544,3217
2025-07-20,Telangana,Nalgonda,Neredcherla APMC,banana,Grade A,57.3,3066,3641,3401
2025-07-20,Telangana,Nalgonda,Neredcherla APMC,lentil,Local,39.6,6527,7459,6970
2025-07-20,Telangana,Yadadri Bhuvanagiri,Aler APMC,papaya,Hybrid,247.3,2110,2487,2346
2025-07-20,Telangana,Yadadri Bhuvanagiri,Bhongir APMC,blackgram,Hybrid,279.0,7365,8660,8034
2025-07-20,Telangana,Yadadri Bhuvanagiri,Bhongir APMC,Moth Beans,Local,129.7,7588,9169,8376
2025-07-20,Telangana,Mahbubnagar,Mahbubnagar APMC,Rajma,Hybrid,67.6,7651,9650,8613
2025-07-20,Telangana,Mahbubnagar,Mahbubnagar APMC,jute,Hybrid,218.6,4199,5090,4668
2025-07-20,Telangana,Mahbubnagar,Mahbubnagar APMC,watermelon,Hybrid,119.8,953,1214,1109
2025-07-20,Telangana,Medak,Medak APMC,lentil,FAQ (Fair Average Quality),298.4,6504,8163,7283
2025-07-20,Telangana,Medak,Medak APMC,cotton,Grade A,228.2,8296,9863,9032
2025-07-20,Telangana,Medak,Medak APMC,Moong Dal,Grade A,254.7,7620,9645,8674
2025-07-27,Telangana,Hyderabad,Bowenpally APMC,Rajma,Hybrid,315.3,8983,10785,9888
2025-07-27,Telangana,Hyderabad,Gaddiannaram APMC,watermelon,Grade A,260.8,1587,1938,1801
2025-07-27,Telangana,Hyderabad,Gudimalkapur APMC,apple,Hybrid,46.5,10003,11590,10761
2025-07-27,Telangana,Ranga Reddy,Chevella APMC,papaya,Hybrid,54.3,2356,2939,2649
2025-07-27,Telangana,Ranga Reddy,Shadnagar APMC,mango,FAQ (Fair Average Quality),48.5,4777,5372,5116
2025-07-27,Telangana,Ranga Reddy,Chevella APMC,grapes,Local,223.1,6199,7099,6628
2025-07-27,Telangana,Medchal-Malkajgiri,Malkajgiri Mandi,Toor Dal,Hybrid,136.1,8095,9928,8983
2025-07-27,Telangana,Medchal-Malkajgiri,Malkajgiri Mandi,jute,Hybrid,151.4,4337,5241,4740
2025-07-27,Telangana,Medchal-Malkajgiri,Malkajgiri Mandi,Chana,FAQ (Fair Average Quality),126.3,5403,6636,6032
2025-07-27,Telangana,Sangareddy,Sadasivpet APMC,Moth Beans,FAQ (Fair Average Quality),291.1,6610,7659,7162
2025-07-27,Telangana,Sangareddy,Sadasivpet APMC,cotton,Local,18.1,6767,7953,7351
2025-07-27,Telangana,Sangareddy,Zaheerabad APMC,rice,Hybrid,182.5,4215,4930,4567
2025-07-27,Telangana,Siddipet,Vantamamidi APMC,Chana,Hybrid,128.8,4975,6035,5536
2025-07-27,Telangana,Siddipet,Siddipet APMC,Moth Beans,Local,319.1,6383,7597,6988
2025-07-27,Telangana,Siddipet,Gajwel APMC,Rajma,Grade A,130.9,8920,11231,10042
2025-07-27,Telangana,Vikarabad,Tanduru APMC,rice,Local,283.9,3186,3811,3532
2025-07-27,Telangana,Vikarabad,Vikarabad APMC,Rajma,Hybrid,76.0,7960,8873,8371
2025-07-27,Telangana,Vikarabad,Pargi APMC,lentil,Local,289.9,6141,7685,6865
2025-07-27,Telangana,Nalgonda,Neredcherla APMC,watermelon,Grade A,216.5,848,951,858
2025-07-27,Telangana,Nalgonda,Miryalguda APMC,papaya,FAQ (Fair Average Quality),140.3,2132,2536,2365
2025-07-27,Telangana,Nalgonda,Neredcherla APMC,Toor Dal,Hybrid,199.6,7617,9675,8693
2025-07-27,Telangana,Yadadri Bhuvanagiri,Aler APMC,Chana,FAQ (Fair Average Quality),311.9,5760,6951,6358
2025-07-27,Telangana,Yadadri Bhuvanagiri,Aler APMC,orange,Hybrid,296.7,4910,6204,5510
2025-07-27,Telangana,Yadadri Bhuvanagiri,Bhongir APMC,Moong Dal,Hybrid,185.5,7422,9017,8256
2025-07-27,Telangana,Mahbubnagar,Mahbubnagar APMC,Chana,FAQ (Fair Average Quality),285.7,5043,6041,5562
2025-07-27,Telangana,Mahbubnagar,Badepally APMC,watermelon,Hybrid,214.7,1203,1427,1281
2025-07-27,Telangana,Mahbubnagar,Mahbubnagar APMC,cotton,Hybrid,240.8,7944,9638,8826
2025-07-27,Telangana,Medak,Medak APMC,Toor Dal,Local,211.6,6790,8021,7430
2025-07-27,Telangana,Medak,Medak APMC,pomegranate,Hybrid,254.6,8386,10937,9691
2025-07-27,Telangana,Medak,Medak APMC,Rajma,Grade A,150.2,8679,10438,9539
2025-08-03,Telangana,Hyderabad,Gaddiannaram APMC,jute,Hybrid,171.9,4312,5352,4794
2025-08-03,Telangana,Hyderabad,Gaddiannaram APMC,Corn,FAQ (Fair Average Quality),258.1,2065,2377,2180
2025-08-03,Telangana,Hyderabad,Gudimalkapur APMC,orange,Local,95.5,3852,4605,4250
2025-08-03,Telangana,Ranga Reddy,Ibrahimpatnam APMC,Chana,Local,54.0,5840,7078,6491
2025-08-03,Telangana,Ranga Reddy,Shadnagar APMC,lentil,Hybrid,78.3,6551,7621,7052
2025-08-03,Telangana,Ranga Reddy,Ibrahimpatnam APMC,watermelon,Local,37.6,1130,1349,1221
2025-08-03,Telangana,Medchal-Malkajgiri,Kukatpally APMC,coconut,FAQ (Fair Average Quality),312.7,3206,3707,3482
2025-08-03,Telangana,Medchal-Malkajgiri,Malkajgiri Mandi,jute,FAQ (Fair Average Quality),89.2,4543,5260,4918
2025-08-03,Telangana,Medchal-Malkajgiri,Malkajgiri Mandi,orange,FAQ (Fair Average Quality),43.3,4535,5364,4905
2025-08-03,Telangana,Sangareddy,Patancheru APMC,Chana,FAQ (Fair Average Quality),38.9,5175,6025,5631
2025-08-03,Telangana,Sangareddy,Zaheerabad APMC,Moong Dal,Local,171.5,7452,9358,8382
2025-08-03,Telangana,Sangareddy,Zaheerabad APMC,coconut,Grade A,54.6,2899,3539,3195
2025-08-03,Telangana,Siddipet,Gajwel APMC,jute,FAQ (Fair Average Quality),208.1,4715,5878,5319
2025-08-03,Telangana,Siddipet,Vantamamidi APMC,muskmelon,Grade A,148.9,1602,1834,1699
2025-08-03,Telangana,Siddipet,Gajwel APMC,orange,Local,37.1,4644,5841,5235
2025-08-03,Telangana,Vikarabad,Vikarabad APMC,muskmelon,Hybrid,15.9,1375,1670,1486
2025-08-03,Telangana,Vikarabad,Tanduru APMC,rice,Grade A,24.0,3909,4724,4289
2025-08-03,Telangana,Vikarabad,Pargi APMC,Corn,Grade A,40.7,1861,2235,2006
2025-08-03,Telangana,Nalgonda,Nalgonda APMC,pomegranate,Local,92.0,10438,13371,11885
2025-08-03,Telangana,Nalgonda,Neredcherla APMC,apple,Grade A,149.2,10767,13403,12063
2025-08-03,Telangana,Nalgonda,Miryalguda APMC,coffee,Grade A,319.6,12506,15589,14092
2025-08-03,Telangana,Yadadri Bhuvanagiri,Aler APMC,muskmelon,Hybrid,287.1,1389,1680,1571
2025-08-03,Telangana,Yadadri Bhuvanagiri,Bhongir APMC,banana,Local,175.6,2962,3383,3153
2025-08-03,Telangana,Yadadri Bhuvanagiri,Bhongir APMC,rice,Hybrid,127.8,3204,3621,3412
2025-08-03,Telangana,Mahbubnagar,Mahbubnagar APMC,Toor Dal,Grade A,25.8,6940,8494,7673
2025-08-03,Telangana,Mahbubnagar,Mahbubnagar APMC,watermelon,Local,58.9,1103,1321,1191
2025-08-03,Telangana,Mahbubnagar,Mahbubnagar APMC,jute,FAQ (Fair Average Quality),311.0,4340,5408,4886
2025-08-03,Telangana,Medak,Medak APMC,Chana,Hybrid,52.2,5541,6626,6116
2025-08-03,Telangana,Medak,Medak APMC,apple,Grade A,92.7,10395,12207,11319
2025-08-03,Telangana,Medak,Toopran APMC,Moth Beans,Hybrid,280.0,7243,8710,7947
2025-08-10,Telangana,Hyderabad,Gaddiannaram APMC,coconut,Local,191.3,2657,3148,2880
2025-08-10,Telangana,Hyderabad,Gaddiannaram APMC,coffee,Grade A,118.7,9214,11228,10218
2025-08-10,Telangana,Hyderabad,Gaddiannaram APMC,muskmelon,Grade A,77.6,1543,1863,1751
2025-08-10,Telangana,Ranga Reddy,Shadnagar APMC,pomegranate,Hybrid,70.5,10929,13015,11956
2025-08-10,Telangana,Ranga Reddy,Ibrahimpatnam APMC,rice,Hybrid,312.5,4203,4957,4609
2025-08-10,Telangana,Ranga Reddy,Shadnagar APMC,Corn,Local,98.8,2236,2655,2480
2025-08-10,Telangana,Medchal-Malkajgiri,Malkajgiri Mandi,Toor Dal,Grade A,206.2,7826,9256,8493
2025-08-10,Telangana,Medchal-Malkajgiri,Kukatpally APMC,Rajma,Hybrid,109.7,8575,10418,9485
2025-08-10,Telangana,Medchal-Malkajgiri,Kukatpally APMC,blackgram,Hybrid,32.5,6514,7884,7173
2025-08-10,Telangana,Sangareddy,Sadasivpet APMC,coffee,FAQ (Fair Average Quality),182.3,9512,11509,10478
2025-08-10,Telangana,Sangareddy,Zaheerabad APMC,Moth Beans,FAQ (Fair Average Quality),293.0,6795,8280,7525
2025-08-10,Telangana,Sangareddy,Sadasivpet APMC,blackgram,Hybrid,73.1,7514,9270,8360
2025-08-10,Telangana,Siddipet,Siddipet APMC,mango,Hybrid,31.3,4419,5502,4975
2025-08-10,Telangana,Siddipet,Siddipet APMC,lentil,Hybrid,24.0,7308,8851,8036
2025-08-10,Telangana,Siddipet,Gajwel APMC,banana,Grade A,284.7,1919,2363,2130
2025-08-10,Telangana,Vikarabad,Tanduru APMC,Rajma,Local,211.5,9054,10625,9831
2025-08-10,Telangana,Vikarabad,Vikarabad APMC,banana,Local,201.0,3201,3803,3515
2025-08-10,Telangana,Vikarabad,Pargi APMC,grapes,Hybrid,319.4,6787,8200,7446
2025-08-10,Telangana,Nalgonda,Nalgonda APMC,blackgram,FAQ (Fair Average Quality),274.5,7665,9027,8356
2025-08-10,Telangana,Nalgonda,Nalgonda APMC,grapes,FAQ (Fair Average Quality),132.6,7636,8804,8183
2025-08-10,Telangana,Nalgonda,Neredcherla APMC,pomegranate,FAQ (Fair Average Quality),38.8,9829,11240,10544
2025-08-10,Telangana,Yadadri Bhuvanagiri,Bhongir APMC,muskmelon,Grade A,294.6,1524,1784,1693
2025-08-10,Telangana,Yadadri Bhuvanagiri,Aler APMC,cotton,Grade A,21.4,6675,8573,7641
2025-08-10,Telangana,Yadadri Bhuvanagiri,Bhongir APMC,Chana,Hybrid,299.6,5316,6623,5938
2025-08-10,Telangana,Mahbubnagar,Badepally APMC,coconut,Grade A,212.2,2432,3093,2744
2025-08-10,Telangana,Mahbubnagar,Mahbubnagar APMC,Toor Dal,Local,238.1,6652,8160,7381
2025-08-10,Telangana,Mahbubnagar,Badepally APMC,Moong Dal,FAQ (Fair Average Quality),82.3,7780,9698,8783
2025-08-10,Telangana,Medak,Medak APMC,watermelon,FAQ (Fair Average Quality),237.6,967,1142,1059
2025-08-10,Telangana,Medak,Medak APMC,Rajma,FAQ (Fair Average Quality),109.6,8304,9773,9045
2025-08-10,Telangana,Medak,Toopran APMC,orange,Hybrid,76.2,4425,5462,4931
2025-08-17,Telangana,Hyderabad,Gaddiannaram APMC,Moong Dal,Grade A,212.7,7821,9119,8467
2025-08-17,Telangana,Hyderabad,Bowenpally APMC,apple,Local,284.9,9755,11820,10835
2025-08-17,Telangana,Hyderabad,Bowenpally APMC,Moth Beans,FAQ (Fair Average Quality),166.8,7130,9155,8184
2025-08-17,Telangana,Ranga Reddy,Chevella APMC,coffee,Grade A,23.6,11797,14322,13027
2025-08-17,Telangana,Ranga Reddy,Shadnagar APMC,orange,Hybrid,195.0,4035,4888,4460
2025-08-17,Telangana,Ranga Reddy,Ibrahimpatnam APMC,Corn,Grade A,198.8,2291,2770,2510
2025-08-17,Telangana,Medchal-Malkajgiri,Kukatpally APMC,mango,FAQ (Fair Average Quality),253.6,5988,7107,6532
2025-08-17,Telangana,Medchal-Malkajgiri,Malkajgiri Mandi,Corn,Grade A,133.1,2085,2459,2256
2025-08-17,Telangana,Medchal-Malkajgiri,Kukatpally APMC,Chana,Grade A,108.9,5204,6284,5712
2025-08-17,Telangana,Sangareddy,Patancheru APMC,Moth Beans,FAQ (Fair Average Quality),87.4,6925,8374,7603
2025-08-17,Telangana,Sangareddy,Sadasivpet APMC,muskmelon,Hybrid,109.5,1547,1933,1713
2025-08-17,Telangana,Sangareddy,Sadasivpet APMC,Moong Dal,Local,70.4,7270,8588,7970
2025-08-17,Telangana,Siddipet,Siddipet APMC,apple,Grade A,167.0,11723,13507,12659
2025-08-17,Telangana,Siddipet,Siddipet APMC,cotton,Local,285.7,7956,10153,9016
2025-08-17,Telangana,Siddipet,Siddipet APMC,Corn,Local,275.8,2405,2836,2647
2025-08-17,Telangana,Vikarabad,Pargi APMC,jute,Local,279.1,4971,6284,5621
2025-08-17,Telangana,Vikarabad,Tanduru APMC,lentil,FAQ (Fair Average Quality),311.8,6368,8003,7176
2025-08-17,Telangana,Vikarabad,Vikarabad APMC,apple,FAQ (Fair Average Quality),260.1,8210,9759,9029
2025-08-17,Telangana,Nalgonda,Nalgonda APMC,grapes,Local,41.4,6810,8056,7463
2025-08-17,Telangana,Nalgonda,Nalgonda APMC,lentil,FAQ (Fair Average Quality),29.4,6202,7609,6861
2025-08-17,Telangana,Nalgonda,Nalgonda APMC,mango,Grade A,202.9,7401,9255,8343
2025-08-17,Telangana,Yadadri Bhuvanagiri,Aler APMC,banana,Hybrid,158.9,2849,3352,3066
2025-08-17,Telangana,Yadadri Bhuvanagiri,Bhongir APMC,pomegranate,Local,298.5,8443,9977,9203
2025-08-17,Telangana,Yadadri Bhuvanagiri,Bhongir APMC,Rajma,Hybrid,256.3,8034,9759,8940
2025-08-17,Telangana,Mahbubnagar,Mahbubnagar APMC,apple,Local,232.1,11269,14040,12660
2025-08-17,Telangana,Mahbubnagar,Mahbubnagar APMC,grapes,FAQ (Fair Average Quality),164.1,5086,6228,5643
2025-08-17,Telangana,Mahbubnagar,Mahbubnagar APMC,Rajma,Local,278.6,8902,10405,9662
2025-08-17,Telangana,Medak,Toopran APMC,Toor Dal,Local,99.3,8215,10505,9394
2025-08-17,Telangana,Medak,Toopran APMC,Corn,Grade A,228.6,1974,2324,2139
2025-08-17,Telangana,Medak,Toopran APMC,muskmelon,Hybrid,296.0,2008,2391,2217
2025-08-24,Telangana,Hyderabad,Gudimalkapur APMC,Toor Dal,Hybrid,30.7,8076,9860,8928
2025-08-24,Telangana,Hyderabad,Gudimalkapur APMC,orange,Hybrid,243.3,4951,6116,5486
2025-08-24,Telangana,Hyderabad,Gudimalkapur APMC,muskmelon,Grade A,63.7,1365,1632,1513
2025-08-24,Telangana,Ranga Reddy,Chevella APMC,Corn,FAQ (Fair Average Quality),272.5,1904,2167,2050
2025-08-24,Telangana,Ranga Reddy,Chevella APMC,pomegranate,Grade A,306.5,9983,11884,10938
2025-08-24,Telangana,Ranga Reddy,Chevella APMC,orange,FAQ (Fair Average Quality),46.3,4309,5153,4702
2025-08-24,Telangana,Medchal-Malkajgiri,Malkajgiri Mandi,muskmelon,Grade A,116.5,1339,1583,1507
2025-08-24,Telangana,Medchal-Malkajgiri,Malkajgiri Mandi,Corn,Hybrid,158.3,2544,2965,2755
2025-08-24,Telangana,Medchal-Malkajgiri,Kukatpally APMC,cotton,Local,124.4,7537,8708,8142
2025-08-24,Telangana,Sangareddy,Patancheru APMC,Rajma,Local,240.4,8427,10805,9567
2025-08-24,Telangana,Sangareddy,Patancheru APMC,Moong Dal,FAQ (Fair Average Quality),117.8,7797,9564,8674
2025-08-24,Telangana,Sangareddy,Sadasivpet APMC,grapes,Grade A,75.4,5672,6796,6203
2025-08-24,Telangana,Siddipet,Vantamamidi APMC,muskmelon,Grade A,35.6,1413,1634,1518
2025-08-24,Telangana,Siddipet,Siddipet APMC,orange,Local,204.7,4594,5738,5126
2025-08-24,Telangana,Siddipet,Siddipet APMC,banana,Hybrid,219.6,2407,2702,2545
2025-08-24,Telangana,Vikarabad,Tanduru APMC,cotton,Local,70.4,7762,9392,8554
2025-08-24,Telangana,Vikarabad,Tanduru APMC,pomegranate,FAQ (Fair Average Quality),122.7,8043,9617,8790
2025-08-24,Telangana,Vikarabad,Tanduru APMC,grapes,Hybrid,211.3,6556,7493,7054
2025-08-24,Telangana,Nalgonda,Miryalguda APMC,jute,FAQ (Fair Average Quality),132.8,4797,6084,5459
2025-08-24,Telangana,Nalgonda,Neredcherla APMC,orange,Grade A,234.6,4973,5613,5311
2025-08-24,Telangana,Nalgonda,Neredcherla APMC,coconut,Grade A,162.4,3317,3961,3636
2025-08-24,Telangana,Yadadri Bhuvanagiri,Aler APMC,orange,Local,302.4,5255,6371,5851
2025-08-24,Telangana,Yadadri Bhuvanagiri,Aler APMC,pomegranate,Hybrid,48.2,10802,13570,12168
2025-08-24,Telangana,Yadadri Bhuvanagiri,Aler APMC,Rajma,Hybrid,116.8,8920,10490,9699
2025-08-24,Telangana,Mahbubnagar,Badepally APMC,papaya,Hybrid,202.7,2149,2633,2359
2025-08-24,Telangana,Mahbubnagar,Badepally APMC,mango,Hybrid,179.5,5495,6466,5992
2025-08-24,Telangana,Mahbubnagar,Badepally APMC,watermelon,FAQ (Fair Average Quality),176.2,818,1027,961
2025-08-24,Telangana,Medak,Toopran APMC,banana,FAQ (Fair Average Quality),100.6,3173,3748,3501
2025-08-24,Telangana,Medak,Toopran APMC,coffee,Hybrid,57.7,10483,12159,11298
2025-08-24,Telangana,Medak,Medak APMC,orange,Hybrid,171.5,4705,5436,5066
2025-08-31,Telangana,Hyderabad,Gaddiannaram APMC,coconut,Local,16.5,3327,4166,3784
2025-08-31,Telangana,Hyderabad,Gudimalkapur APMC,Chana,Hybrid,53.5,5142,6107,5584
2025-08-31,Telangana,Hyderabad,Bowenpally APMC,banana,Hybrid,114.3,2142,2549,2342
2025-08-31,Telangana,Ranga Reddy,Shadnagar APMC,Moong Dal,Local,68.3,7561,8855,8202
2025-08-31,Telangana,Ranga Reddy,Shadnagar APMC,jute,Hybrid,63.5,4597,5470,5067
2025-08-31,Telangana,Ranga Reddy,Ibrahimpatnam APMC,blackgram,FAQ (Fair Average Quality),193.4,6826,8333,7595
2025-08-31,Telangana,Medchal-Malkajgiri,Kukatpally APMC,Corn,Local,134.3,1988,2489,2263
2025-08-31,Telangana,Medchal-Malkajgiri,Kukatpally APMC,rice,Hybrid,116.8,3909,4784,4376
2025-08-31,Telangana,Medchal-Malkajgiri,Kukatpally APMC,coffee,Hybrid,307.4,10041,12434,11228
2025-08-31,Telangana,Sangareddy,Zaheerabad APMC,coffee,FAQ (Fair Average Quality),274.9,12372,14374,13336
2025-08-31,Telangana,Sangareddy,Patancheru APMC,Toor Dal,Local,116.0,7075,8383,7699
2025-08-31,Telangana,Sangareddy,Sadasivpet APMC,apple,Local,242.2,12984,14827,13901
2025-08-31,Telangana,Siddipet,Siddipet APMC,lentil,Local,48.6,6861,8271,7517
2025-08-31,Telangana,Siddipet,Gajwel APMC,jute,Grade A,201.4,4269,5150,4688
2025-08-31,Telangana,Siddipet,Vantamamidi APMC,banana,Hybrid,191.3,2064,2326,2216
2025-08-31,Telangana,Vikarabad,Vikarabad APMC,blackgram,Hybrid,231.7,7562,9095,8296
2025-08-31,Telangana,Vikarabad,Tanduru APMC,grapes,Local,20.1,6369,7508,6926
2025-08-31,Telangana,Vikarabad,Vikarabad APMC,mango,FAQ (Fair Average Quality),208.5,3864,4497,4195
2025-08-31,Telangana,Nalgonda,Nalgonda APMC,coffee,Local,44.5,13511,15890,14742
2025-08-31,Telangana,Nalgonda,Miryalguda APMC,papaya,Local,243.0,2196,2620,2381
2025-08-31,Telangana,Nalgonda,Nalgonda APMC,coconut,Local,99.1,3308,3991,3678
2025-08-31,Telangana,Yadadri Bhuvanagiri,Aler APMC,rice,Grade A,214.0,4090,5123,4556
2025-08-31,Telangana,Yadadri Bhuvanagiri,Bhongir APMC,banana,Local,55.5,1893,2115,1980
2025-08-31,Telangana,Yadadri Bhuvanagiri,Aler APMC,watermelon,Local,97.0,1309,1533,1402
2025-08-31,Telangana,Mahbubnagar,Badepally APMC,watermelon,FAQ (Fair Average Quality),61.5,1233,1422,1366
2025-08-31,Telangana,Mahbubnagar,Badepally APMC,papaya,Local,161.2,1957,2373,2158
2025-08-31,Telangana,Mahbubnagar,Mahbubnagar APMC,Rajma,Local,148.5,7858,9054,8464
2025-08-31,Telangana,Medak,Toopran APMC,Toor Dal,Hybrid,152.3,7154,8449,7830
2025-08-31,Telangana,Medak,Toopran APMC,Moth Beans,Hybrid,270.5,6228,7928,7058
2025-08-31,Telangana,Medak,Medak APMC,watermelon,Grade A,288.1,1445,1649,1551
2025-09-07,Telangana,Hyderabad,Bowenpally APMC,papaya,Grade A,149.9,1515,1855,1691
2025-09-07,Telangana,Hyderabad,Gudimalkapur APMC,Corn,Grade A,243.4,2064,2528,2302
2025-09-07,Telangana,Hyderabad,Bowenpally APMC,jute,Local,225.0,4724,5374,5062
2025-09-07,Telangana,Ranga Reddy,Shadnagar APMC,Chana,FAQ (Fair Average Quality),162.3,5904,6937,6446
2025-09-07,Telangana,Ranga Reddy,Ibrahimpatnam APMC,jute,Grade A,41.7,4337,4992,4688
2025-09-07,Telangana,Ranga Reddy,Shadnagar APMC,apple,Grade A,80.5,9007,10051,9492
2025-09-07,Telangana,Medchal-Malkajgiri,Kukatpally APMC,mango,FAQ (Fair Average Quality),87.5,7774,9653,8723
2025-09-07,Telangana,Medchal-Malkajgiri,Malkajgiri Mandi,Toor Dal,Hybrid,19.6,8457,10060,9224
2025-09-07,Telangana,Medchal-Malkajgiri,Malkajgiri Mandi,jute,Local,120.7,4732,5927,5340
2025-09-07,Telangana,Sangareddy,Patancheru APMC,apple,FAQ (Fair Average Quality),169.3,10896,13624,12254
2025-09-07,Telangana,Sangareddy,Sadasivpet APMC,Moong Dal,Hybrid,118.5,6999,8485,7758
2025-09-07,Telangana,Sangareddy,Zaheerabad APMC,Moth Beans,Local,310.3,7703,9328,8529
2025-09-07,Telangana,Siddipet,Siddipet APMC,rice,Hybrid,233.4,3313,4151,3745
2025-09-07,Telangana,Siddipet,Vantamamidi APMC,muskmelon,Grade A,96.4,2174,2572,2416
2025-09-07,Telangana,Siddipet,Siddipet APMC,Moong Dal,Hybrid,299.9,7280,8993,8152
2025-09-07,Telangana,Vikarabad,Tanduru APMC,papaya,Grade A,229.1,2340,3006,2689
2025-09-07,Telangana,Vikarabad,Vikarabad APMC,blackgram,Grade A,173.3,6680,7743,7214
2025-09-07,Telangana,Vikarabad,Vikarabad APMC,jute,FAQ (Fair Average Quality),130.7,4362,5254,4852
2025-09-07,Telangana,Nalgonda,Nalgonda APMC,blackgram,FAQ (Fair Average Quality),247.9,7599,9285,8409
2025-09-07,Telangana,Nalgonda,Nalgonda APMC,papaya,FAQ (Fair Average Quality),55.0,2331,2776,2503
2025-09-07,Telangana,Nalgonda,Neredcherla APMC,mango,Hybrid,97.6,5012,5983,5512
2025-09-07,Telangana,Yadadri Bhuvanagiri,Bhongir APMC,coconut,FAQ (Fair Average Quality),33.0,3597,4222,3871
2025-09-07,Telangana,Yadadri Bhuvanagiri,Bhongir APMC,coffee,Grade A,237.8,13583,16854,15197
2025-09-07,Telangana,Yadadri Bhuvanagiri,Aler APMC,rice,Local,257.0,3599,4567,4099
2025-09-07,Telangana,Mahbubnagar,Mahbubnagar APMC,mango,Hybrid,169.6,4524,5583,5006
2025-09-07,Telangana,Mahbubnagar,Mahbubnagar APMC,orange,FAQ (Fair Average Quality),31.2,4322,5188,4766
2025-09-07,Telangana,Mahbubnagar,Mahbubnagar APMC,Toor Dal,FAQ (Fair Average Quality),238.6,7462,8787,8163
2025-09-07,Telangana,Medak,Medak APMC,orange,Local,123.1,4397,5112,4722
2025-09-07,Telangana,Medak,Medak APMC,pomegranate,Grade A,282.3,9183,11074,10110
2025-09-07,Telangana,Medak,Medak APMC,muskmelon,Grade A,192.6,1772,2185,2002
2025-09-14,Telangana,Hyderabad,Bowenpally APMC,rice,FAQ (Fair Average Quality),139.8,3980,5058,4470
2025-09-14,Telangana,Hyderabad,Gudimalkapur APMC,pomegranate,Local,54.3,9711,11162,10459
2025-09-14,Telangana,Hyderabad,Gaddiannaram APMC,papaya,FAQ (Fair Average Quality),287.3,2074,2340,2204
2025-09-14,Telangana,Ranga Reddy,Ibrahimpatnam APMC,muskmelon,Hybrid,163.8,1564,1835,1724
2025-09-14,Telangana,Ranga Reddy,Ibrahimpatnam APMC,apple,Grade A,185.4,12248,13784,13011
2025-09-14,Telangana,Ranga Reddy,Chevella APMC,mango,Local,153.0,5717,6802,6231
2025-09-14,Telangana,Medchal-Malkajgiri,Kukatpally APMC,watermelon,Grade A,71.8,1510,1779,1600
2025-09-14,Telangana,Medchal-Malkajgiri,Malkajgiri Mandi,cotton,Hybrid,64.1,6775,7948,7381
2025-09-14,Telangana,Medchal-Malkajgiri,Kukatpally APMC,banana,Hybrid,297.1,2953,3709,3374
2025-09-14,Telangana,Sangareddy,Zaheerabad APMC,coffee,Hybrid,107.0,14397,16711,15600
2025-09-14,Telangana,Sangareddy,Sadasivpet APMC,banana,Local,92.3,2130,2468,2252
2025-09-14,Telangana,Sangareddy,Patancheru APMC,Rajma,Hybrid,57.1,8808,10910,9824
2025-09-14,Telangana,Siddipet,Vantamamidi APMC,pomegranate,Grade A,245.9,8230,9717,8924
2025-09-14,Telangana,Siddipet,Vantamamidi APMC,Toor Dal,Local,191.6,8246,9692,8962
2025-09-14,Telangana,Siddipet,Gajwel APMC,rice,Local,253.8,3966,4498,4243
2025-09-14,Telangana,Vikarabad,Vikarabad APMC,coffee,Hybrid,261.1,12597,15956,14302
2025-09-14,Telangana,Vikarabad,Pargi APMC,Rajma,Grade A,219.5,7562,9192,8424
2025-09-14,Telangana,Vikarabad,Pargi APMC,watermelon,Local,64.5,835,1011,955
2025-09-14,Telangana,Nalgonda,Nalgonda APMC,coffee,Hybrid,197.3,13996,15783,14925
2025-09-14,Telangana,Nalgonda,Nalgonda APMC,rice,Grade A,290.9,3261,3941,3645
2025-09-14,Telangana,Nalgonda,Neredcherla APMC,lentil,Local,40.1,6557,7813,7190
2025-09-14,Telangana,Yadadri Bhuvanagiri,Bhongir APMC,papaya,Hybrid,247.7,2237,2590,2394
2025-09-14,Telangana,Yadadri Bhuvanagiri,Bhongir APMC,watermelon,Grade A,285.3,826,957,933
2025-09-14,Telangana,Yadadri Bhuvanagiri,Aler APMC,pomegranate,Local,169.9,9900,11832,10846
2025-09-14,Telangana,Mahbubnagar,Badepally APMC,muskmelon,Hybrid,130.6,1913,2182,2030
2025-09-14,Telangana,Mahbubnagar,Badepally APMC,coconut,Hybrid,90.3,3140,3763,3485
2025-09-14,Telangana,Mahbubnagar,Mahbubnagar APMC,lentil,Hybrid,307.3,6906,8985,7994
2025-09-14,Telangana,Medak,Medak APMC,Corn,Hybrid,310.7,2057,2452,2246
2025-09-14,Telangana,Medak,Medak APMC,jute,Hybrid,211.2,4579,5594,5093
2025-09-14,Telangana,Medak,Medak APMC,Moong Dal,Grade A,261.8,7048,8333,7727
2025-09-21,Telangana,Hyderabad,Gudimalkapur APMC,cotton,Hybrid,62.9,7124,8484,7755
2025-09-21,Telangana,Hyderabad,Gudimalkapur APMC,coffee,Grade A,198.4,12383,14699,13568
2025-09-21,Telangana,Hyderabad,Gaddiannaram APMC,watermelon,Local,230.7,1197,1401,1305
2025-09-21,Telangana,Ranga Reddy,Ibrahimpatnam APMC,Toor Dal,FAQ (Fair Average Quality),299.7,7241,8990,8084
2025-09-21,Telangana,Ranga Reddy,Chevella APMC,grapes,FAQ (Fair Average Quality),123.1,4906,5813,5385
2025-09-21,Telangana,Ranga Reddy,Ibrahimpatnam APMC,jute,Local,193.5,4619,5554,5053
2025-09-21,Telangana,Medchal-Malkajgiri,Kukatpally APMC,coconut,Grade A,43.2,3392,4050,3677
2025-09-21,Telangana,Medchal-Malkajgiri,Malkajgiri Mandi,muskmelon,Hybrid,283.2,1696,1938,1827
2025-09-21,Telangana,Medchal-Malkajgiri,Malkajgiri Mandi,coffee,FAQ (Fair Average Quality),124.8,12248,14423,13316
2025-09-21,Telangana,Sangareddy,Sadasivpet APMC,papaya,Grade A,297.8,1408,1717,1524
2025-09-21,Telangana,Sangareddy,Zaheerabad APMC,Rajma,Hybrid,156.0,9212,10353,9769
2025-09-21,Telangana,Sangareddy,Sadasivpet APMC,rice,Local,319.6,4106,4740,4412
2025-09-21,Telangana,Siddipet,Siddipet APMC,orange,Local,36.8,4606,5684,5161
2025-09-21,Telangana,Siddipet,Gajwel APMC,lentil,Local,262.9,6361,7560,7004
2025-09-21,Telangana,Siddipet,Gajwel APMC,Rajma,FAQ (Fair Average Quality),90.1,8131,9615,8856
2025-09-21,Telangana,Vikarabad,Pargi APMC,banana,Local,176.9,3083,3697,3394
2025-09-21,Telangana,Vikarabad,Vikarabad APMC,orange,FAQ (Fair Average Quality),297.6,4552,5611,5105
2025-09-21,Telangana,Vikarabad,Vikarabad APMC,coffee,Grade A,155.6,10775,12901,11823
2025-09-21,Telangana,Nalgonda,Miryalguda APMC,coconut,Grade A,226.5,3053,3677,3395
2025-09-21,Telangana,Nalgonda,Nalgonda APMC,pomegranate,Local,160.7,9316,11306,10309
2025-09-21,Telangana,Nalgonda,Nalgonda APMC,Moth Beans,Grade A,70.3,7652,8553,8068
2025-09-21,Telangana,Yadadri Bhuvanagiri,Bhongir APMC,rice,Hybrid,70.7,3650,4494,4054
2025-09-21,Telangana,Yadadri Bhuvanagiri,Aler APMC,coffee,Local,162.3,9440,11402,10451
2025-09-21,Telangana,Yadadri Bhuvanagiri,Aler APMC,orange,FAQ (Fair Average Quality),34.0,4531,5289,4896
2025-09-21,Telangana,Mahbubnagar,Badepally APMC,orange,Grade A,105.3,5297,6428,5878
2025-09-21,Telangana,Mahbubnagar,Badepally APMC,Rajma,Hybrid,157.6,8899,10272,9627
2025-09-21,Telangana,Mahbubnagar,Badepally APMC,Moong Dal,Hybrid,243.3,7070,8347,7664
2025-09-21,Telangana,Medak,Toopran APMC,banana,Hybrid,77.5,2749,3462,3055
2025-09-21,Telangana,Medak,Toopran APMC,pomegranate,Grade A,151.1,7249,8190,7680
2025-09-21,Telangana,Medak,Medak APMC,Corn,Grade A,66.5,2385,2775,2629
2025-09-28,Telangana,Hyderabad,Gudimalkapur APMC,Moong Dal,Hybrid,269.2,7904,10059,8950
2025-09-28,Telangana,Hyderabad,Gudimalkapur APMC,mango,Grade A,145.2,6303,7376,6829
2025-09-28,Telangana,Hyderabad,Gudimalkapur APMC,muskmelon,Hybrid,244.5,1943,2343,2143
2025-09-28,Telangana,Ranga Reddy,Chevella APMC,watermelon,FAQ (Fair Average Quality),31.8,1268,1521,1407
2025-09-28,Telangana,Ranga Reddy,Shadnagar APMC,Chana,Hybrid,242.5,5130,5734,5425
2025-09-28,Telangana,Ranga Reddy,Shadnagar APMC,Moong Dal,Hybrid,280.8,7900,9956,8969
2025-09-28,Telangana,Medchal-Malkajgiri,Kukatpally APMC,watermelon,FAQ (Fair Average Quality),281.8,1128,1407,1224
2025-09-28,Telangana,Medchal-Malkajgiri,Kukatpally APMC,Moong Dal,Hybrid,24.3,7107,9161,8105
2025-09-28,Telangana,Medchal-Malkajgiri,Kukatpally APMC,cotton,Local,276.1,6647,7998,7327
2025-09-28,Telangana,Sangareddy,Zaheerabad APMC,Toor Dal,FAQ (Fair Average Quality),198.1,6721,8075,7358
2025-09-28,Telangana,Sangareddy,Zaheerabad APMC,cotton,Grade A,247.3,6395,7995,7219
2025-09-28,Telangana,Sangareddy,Sadasivpet APMC,grapes,FAQ (Fair Average Quality),221.5,4661,5939,5326
2025-09-28,Telangana,Siddipet,Gajwel APMC,watermelon,Grade A,148.4,1516,1757,1603
2025-09-28,Telangana,Siddipet,Vantamamidi APMC,Rajma,Local,131.3,8698,10800,9780
2025-09-28,Telangana,Siddipet,Vantamamidi APMC,jute,FAQ (Fair Average Quality),143.1,4930,5786,5401
2025-09-28,Telangana,Vikarabad,Tanduru APMC,Toor Dal,Hybrid,162.1,6743,8310,7511
2025-09-28,Telangana,Vikarabad,Vikarabad APMC,cotton,FAQ (Fair Average Quality),20.3,8304,9973,9142
2025-09-28,Telangana,Vikarabad,Vikarabad APMC,grapes,Hybrid,101.0,7179,9028,8063
2025-09-28,Telangana,Nalgonda,Neredcherla APMC,coffee,Hybrid,16.2,11389,13301,12364
2025-09-28,Telangana,Nalgonda,Neredcherla APMC,Chana,Local,117.3,5535,6592,6043
2025-09-28,Telangana,Nalgonda,Miryalguda APMC,Toor Dal,Hybrid,31.2,8126,10093,9103
2025-09-28,Telangana,Yadadri Bhuvanagiri,Aler APMC,grapes,Local,30.7,5399,6016,5725
2025-09-28,Telangana,Yadadri Bhuvanagiri,Bhongir APMC,pomegranate,FAQ (Fair Average Quality),65.2,7637,9086,8343
2025-09-28,Telangana,Yadadri Bhuvanagiri,Bhongir APMC,coffee,Grade A,257.8,12596,16040,14289
2025-09-28,Telangana,Mahbubnagar,Mahbubnagar APMC,rice,FAQ (Fair Average Quality),138.1,4030,4751,4340
2025-09-28,Telangana,Mahbubnagar,Badepally APMC,Rajma,Grade A,44.3,7737,9132,8409
2025-09-28,Telangana,Mahbubnagar,Badepally APMC,Moth Beans,Hybrid,220.3,6039,7388,6744
2025-09-28,Telangana,Medak,Medak APMC,Corn,FAQ (Fair Average Quality),208.6,2122,2465,2271
2025-09-28,Telangana,Medak,Medak APMC,Rajma,FAQ (Fair Average Quality),82.7,9166,10714,9940
2025-09-28,Telangana,Medak,Toopran APMC,cotton,FAQ (Fair Average Quality),60.4,7141,8690,7935
2025-10-05,Telangana,Hyderabad,Gaddiannaram APMC,mango,Local,200.8,6863,7699,7282
2025-10-05,Telangana,Hyderabad,Gaddiannaram APMC,papaya,Local,244.8,1309,1474,1431
2025-10-05,Telangana,Hyderabad,Gudimalkapur APMC,coconut,Hybrid,319.7,3035,3795,3369
2025-10-05,Telangana,Ranga Reddy,Shadnagar APMC,Corn,FAQ (Fair Average Quality),215.4,1957,2341,2152
2025-10-05,Telangana,Ranga Reddy,Shadnagar APMC,grapes,Grade A,176.8,4732,5612,5152
2025-10-05,Telangana,Ranga Reddy,Chevella APMC,cotton,Grade A,71.5,7295,9064,8187
2025-10-05,Telangana,Medchal-Malkajgiri,Malkajgiri Mandi,cotton,Hybrid,118.4,6546,7892,7207
2025-10-05,Telangana,Medchal-Malkajgiri,Kukatpally APMC,apple,FAQ (Fair Average Quality),27.4,12818,15213,14013
2025-10-05,Telangana,Medchal-Malkajgiri,Malkajgiri Mandi,grapes,Grade A,157.7,7293,9253,8243
2025-10-05,Telangana,Sangareddy,Sadasivpet APMC,Chana,Hybrid,275.8,5526,6537,6048
2025-10-05,Telangana,Sangareddy,Sadasivpet APMC,banana,Hybrid,315.4,2558,3159,2868
2025-10-05,Telangana,Sangareddy,Patancheru APMC,mango,Grade A,196.9,4910,5923,5415
2025-10-05,Telangana,Siddipet,Gajwel APMC,grapes,FAQ (Fair Average Quality),214.4,5387,6123,5765
2025-10-05,Telangana,Siddipet,Siddipet APMC,Rajma,Hybrid,278.8,8765,10393,9545
2025-10-05,Telangana,Siddipet,Gajwel APMC,cotton,Local,80.0,7006,8316,7670
2025-10-05,Telangana,Vikarabad,Pargi APMC,Toor Dal,Local,223.3,8310,9889,9083
2025-10-05,Telangana,Vikarabad,Pargi APMC,apple,Local,278.5,8848,10531,9698
2025-10-05,Telangana,Vikarabad,Tanduru APMC,coconut,Hybrid,177.8,3629,4521,4114
2025-10-05,Telangana,Nalgonda,Neredcherla APMC,orange,Hybrid,74.2,4202,4754,4434
2025-10-05,Telangana,Nalgonda,Nalgonda APMC,Moong Dal,Hybrid,198.5,7898,9622,8724
2025-10-05,Telangana,Nalgonda,Nalgonda APMC,Toor Dal,Local,46.7,7856,9738,8819
2025-10-05,Telangana,Yadadri Bhuvanagiri,Bhongir APMC,apple,FAQ (Fair Average Quality),251.4,11701,14595,13156
2025-10-05,Telangana,Yadadri Bhuvanagiri,Bhongir APMC,blackgram,Grade A,185.3,7247,9106,8150
2025-10-05,Telangana,Yadadri Bhuvanagiri,Bhongir APMC,Moong Dal,FAQ (Fair Average Quality),121.0,6904,8338,7664
2025-10-05,Telangana,Mahbubnagar,Badepally APMC,Moong Dal,Hybrid,60.8,7432,8450,7905
2025-10-05,Telangana,Mahbubnagar,Badepally APMC,jute,Grade A,62.4,4840,5539,5181
2025-10-05,Telangana,Mahbubnagar,Mahbubnagar APMC,muskmelon,Grade A,137.0,1632,1938,1824
2025-10-05,Telangana,Medak,Toopran APMC,coffee,Local,253.5,11985,14046,12974
2025-10-05,Telangana,Medak,Toopran APMC,papaya,FAQ (Fair Average Quality),259.5,2069,2350,2203
2025-10-05,Telangana,Medak,Medak APMC,banana,Local,289.5,3247,3921,3581
2025-10-12,Telangana,Hyderabad,Gudimalkapur APMC,grapes,Hybrid,21.0,6844,8774,7858
2025-10-12,Telangana,Hyderabad,Gudimalkapur APMC,blackgram,Grade A,91.3,6882,8723,7834
2025-10-12,Telangana,Hyderabad,Gaddiannaram APMC,watermelon,FAQ (Fair Average Quality),49.5,1169,1471,1298
2025-10-12,Telangana,Ranga Reddy,Chevella APMC,apple,Grade A,48.8,11592,14467,13048
2025-10-12,Telangana,Ranga Reddy,Ibrahimpatnam APMC,rice,Hybrid,42.0,4109,5135,4663
2025-10-12,Telangana,Ranga Reddy,Shadnagar APMC,cotton,Local,84.9,7335,8827,8035
2025-10-12,Telangana,Medchal-Malkajgiri,Kukatpally APMC,jute,Local,246.1,4282,4957,4580
2025-10-12,Telangana,Medchal-Malkajgiri,Kukatpally APMC,mango,Local,32.6,3970,4823,4422
2025-10-12,Telangana,Medchal-Malkajgiri,Kukatpally APMC,coconut,Hybrid,68.7,3048,3859,3424
2025-10-12,Telangana,Sangareddy,Patancheru APMC,mango,Hybrid,298.0,4143,4923,4579
2025-10-12,Telangana,Sangareddy,Patancheru APMC,coffee,Hybrid,117.5,9994,12779,11368
2025-10-12,Telangana,Sangareddy,Zaheerabad APMC,orange,Grade A,198.4,3941,4789,4372
2025-10-12,Telangana,Siddipet,Siddipet APMC,Toor Dal,Grade A,294.4,7276,8835,8067
2025-10-12,Telangana,Siddipet,Siddipet APMC,Moong Dal,Local,312.3,7657,9472,8540
2025-10-12,Telangana,Siddipet,Gajwel APMC,grapes,Grade A,140.4,6661,7671,7133
2025-10-12,Telangana,Vikarabad,Vikarabad APMC,pomegranate,FAQ (Fair Average Quality),42.4,10442,12387,11455
2025-10-12,Telangana,Vikarabad,Vikarabad APMC,blackgram,Local,318.4,6655,8087,7340
2025-10-12,Telangana,Vikarabad,Vikarabad APMC,jute,Local,198.4,4552,5693,5073
2025-10-12,Telangana,Nalgonda,Nalgonda APMC,jute,Local,104.8,4516,5266,4879
2025-10-12,Telangana,Nalgonda,Miryalguda APMC,lentil,Local,242.9,6908,7872,7424
2025-10-12,Telangana,Nalgonda,Miryalguda APMC,orange,Hybrid,138.2,4873,5789,5362
2025-10-12,Telangana,Yadadri Bhuvanagiri,Bhongir APMC,Corn,Hybrid,261.9,2482,2909,2670
2025-10-12,Telangana,Yadadri Bhuvanagiri,Aler APMC,coconut,FAQ (Fair Average Quality),274.6,3047,3589,3295
2025-10-12,Telangana,Yadadri Bhuvanagiri,Aler APMC,orange,Local,122.1,4863,5907,5338
2025-10-12,Telangana,Mahbubnagar,Badepally APMC,apple,Grade A,47.5,9815,11995,10909
2025-10-12,Telangana,Mahbubnagar,Badepally APMC,pomegranate,Local,262.7,7634,9332,8505
2025-10-12,Telangana,Mahbubnagar,Badepally APMC,Moong Dal,Hybrid,112.6,7668,8731,8193
2025-10-12,Telangana,Medak,Toopran APMC,muskmelon,Grade A,313.9,2039,2467,2273
2025-10-12,Telangana,Medak,Medak APMC,Rajma,Hybrid,254.9,7498,9297,8431
2025-10-12,Telangana,Medak,Medak APMC,apple,Local,32.8,10365,12824,11607
2025-10-19,Telangana,Hyderabad,Bowenpally APMC,pomegranate,Local,289.1,10074,12669,11324
2025-10-19,Telangana,Hyderabad,Gudimalkapur APMC,jute,FAQ (Fair Average Quality),86.0,5009,6182,5631
2025-10-19,Telangana,Hyderabad,Bowenpally APMC,rice,Grade A,167.6,3805,4630,4211
2025-10-19,Telangana,Ranga Reddy,Ibrahimpatnam APMC,Moth Beans,FAQ (Fair Average Quality),82.3,6630,8454,7589
2025-10-19,Telangana,Ranga Reddy,Chevella APMC,Corn,Hybrid,270.3,2378,2821,2601
2025-10-19,Telangana,Ranga Reddy,Shadnagar APMC,apple,Grade A,20.7,9308,11646,10479
2025-10-19,Telangana,Medchal-Malkajgiri,Malkajgiri Mandi,Moth Beans,Local,99.1,6171,7019,6641
2025-10-19,Telangana,Medchal-Malkajgiri,Kukatpally APMC,papaya,Grade A,254.9,1315,1583,1485
2025-10-19,Telangana,Medchal-Malkajgiri,Kukatpally APMC,watermelon,FAQ (Fair Average Quality),45.5,1022,1278,1121
2025-10-19,Telangana,Sangareddy,Sadasivpet APMC,papaya,Local,76.6,2274,2684,2445
2025-10-19,Telangana,Sangareddy,Zaheerabad APMC,pomegranate,Hybrid,253.9,8283,9564,8911
2025-10-19,Telangana,Sangareddy,Zaheerabad APMC,Corn,Grade A,309.7,1822,2164,1970
2025-10-19,Telangana,Siddipet,Gajwel APMC,Moong Dal,Hybrid,280.2,7346,8822,8049
2025-10-19,Telangana,Siddipet,Vantamamidi APMC,Corn,Hybrid,254.7,2259,2700,2459
2025-10-19,Telangana,Siddipet,Siddipet APMC,rice,Local,312.0,3927,5077,4489
2025-10-19,Telangana,Vikarabad,Pargi APMC,Chana,Local,182.1,5003,5777,5411
2025-10-19,Telangana,Vikarabad,Tanduru APMC,Moth Beans,Hybrid,200.6,6396,7380,6922
2025-10-19,Telangana,Vikarabad,Pargi APMC,rice,FAQ (Fair Average Quality),254.8,2990,3617,3306
2025-10-19,Telangana,Nalgonda,Neredcherla APMC,apple,Grade A,297.4,8703,10661,9657
2025-10-19,Telangana,Nalgonda,Neredcherla APMC,Corn,FAQ (Fair Average Quality),72.6,2308,2761,2570
2025-10-19,Telangana,Nalgonda,Nalgonda APMC,mango,FAQ (Fair Average Quality),232.7,3883,4778,4293
2025-10-19,Telangana,Yadadri Bhuvanagiri,Bhongir APMC,blackgram,Grade A,291.3,8007,9365,8708
2025-10-19,Telangana,Yadadri Bhuvanagiri,Aler APMC,apple,Hybrid,145.4,11074,13663,12363
2025-10-19,Telangana,Yadadri Bhuvanagiri,Bhongir APMC,coconut,Hybrid,184.6,2662,3158,2950
2025-10-19,Telangana,Mahbubnagar,Mahbubnagar APMC,Chana,Grade A,179.7,5481,6746,6111
2025-10-19,Telangana,Mahbubnagar,Mahbubnagar APMC,grapes,FAQ (Fair Average Quality),296.2,7420,8538,7984
2025-10-19,Telangana,Mahbubnagar,Badepally APMC,rice,FAQ (Fair Average Quality),121.1,3786,4242,4015
2025-10-19,Telangana,Medak,Medak APMC,blackgram,Hybrid,264.3,6962,8381,7696
2025-10-19,Telangana,Medak,Medak APMC,orange,FAQ (Fair Average Quality),41.9,4920,5993,5422
2025-10-19,Telangana,Medak,Toopran APMC,banana,Local,236.8,2052,2473,2214
2025-10-26,Telangana,Hyderabad,Gaddiannaram APMC,coffee,FAQ (Fair Average Quality),98.9,12276,14789,13537
2025-10-26,Telangana,Hyderabad,Bowenpally APMC,lentil,FAQ (Fair Average Quality),77.4,5960,7392,6643
2025-10-26,Telangana,Hyderabad,Gaddiannaram APMC,Moth Beans,Local,173.5,6920,8123,7490
2025-10-26,Telangana,Ranga Reddy,Ibrahimpatnam APMC,mango,Grade A,15.6,6952,7765,7403
2025-10-26,Telangana,Ranga Reddy,Shadnagar APMC,muskmelon,Hybrid,205.5,2026,2573,2287
2025-10-26,Telangana,Ranga Reddy,Chevella APMC,papaya,Grade A,201.2,1420,1770,1580
2025-10-26,Telangana,Medchal-Malkajgiri,Malkajgiri Mandi,Moong Dal,Local,319.7,7631,9124,8377
2025-10-26,Telangana,Medchal-Malkajgiri,Kukatpally APMC,watermelon,Hybrid,216.2,1390,1726,1588
2025-10-26,Telangana,Medchal-Malkajgiri,Kukatpally APMC,blackgram,Grade A,110.1,6553,7937,7237
2025-10-26,Telangana,Sangareddy,Sadasivpet APMC,watermelon,Hybrid,33.9,1638,1968,1848
2025-10-26,Telangana,Sangareddy,Patancheru APMC,grapes,Grade A,107.8,6541,7821,7212
2025-10-26,Telangana,Sangareddy,Patancheru APMC,rice,Hybrid,101.1,3226,4128,3708
2025-10-26,Telangana,Siddipet,Vantamamidi APMC,mango,Local,281.5,5436,6221,5785
2025-10-26,Telangana,Siddipet,Gajwel APMC,blackgram,Hybrid,179.6,6729,8322,7507
2025-10-26,Telangana,Siddipet,Vantamamidi APMC,Chana,Local,171.5,5611,6448,5983
2025-10-26,Telangana,Vikarabad,Pargi APMC,apple,Hybrid,252.1,11738,14823,13296
2025-10-26,Telangana,Vikarabad,Pargi APMC,pomegranate,Local,263.2,8653,10283,9506
2025-10-26,Telangana,Vikarabad,Tanduru APMC,jute,Grade A,256.5,4605,5778,5231
2025-10-26,Telangana,Nalgonda,Miryalguda APMC,rice,Grade A,145.9,3414,4165,3791
2025-10-26,Telangana,Nalgonda,Nalgonda APMC,grapes,Hybrid,198.8,5113,6322,5751
2025-10-26,Telangana,Nalgonda,Miryalguda APMC,cotton,FAQ (Fair Average Quality),100.8,7119,8085,7596
2025-10-26,Telangana,Yadadri Bhuvanagiri,Bhongir APMC,muskmelon,Hybrid,89.3,1983,2328,2136
2025-10-26,Telangana,Yadadri Bhuvanagiri,Aler APMC,cotton,Hybrid,265.7,7922,9893,8894
2025-10-26,Telangana,Yadadri Bhuvanagiri,Aler APMC,Rajma,FAQ (Fair Average Quality),172.5,8441,10217,9281
2025-10-26,Telangana,Mahbubnagar,Mahbubnagar APMC,Toor Dal,Hybrid,293.3,6352,7991,7189
2025-10-26,Telangana,Mahbubnagar,Badepally APMC,muskmelon,Hybrid,148.0,1618,1906,1770
2025-10-26,Telangana,Mahbubnagar,Mahbubnagar APMC,blackgram,Grade A,155.5,6928,8400,7701
2025-10-26,Telangana,Medak,Medak APMC,jute,Grade A,297.0,4237,4783,4491
2025-10-26,Telangana,Medak,Toopran APMC,Corn,Local,192.2,1991,2361,2145
2025-10-26,Telangana,Medak,Medak APMC,coffee,Local,16.7,13039,15533,14322
2025-11-02,Telangana,Hyderabad,Gudimalkapur APMC,orange,Local,310.7,5497,6576,6011
2025-11-02,Telangana,Hyderabad,Bowenpally APMC,coffee,Hybrid,140.7,10972,13463,12187
2025-11-02,Telangana,Hyderabad,Gudimalkapur APMC,jute,Grade A,20.1,5074,6008,5551
2025-11-02,Telangana,Ranga Reddy,Ibrahimpatnam APMC,Chana,Local,108.9,5578,6765,6160
2025-11-02,Telangana,Ranga Reddy,Chevella APMC,lentil,Hybrid,195.5,6283,7792,7060
2025-11-02,Telangana,Ranga Reddy,Ibrahimpatnam APMC,Corn,Hybrid,237.7,2368,2952,2701
2025-11-02,Telangana,Medchal-Malkajgiri,Malkajgiri Mandi,cotton,Hybrid,204.1,7927,10184,9068
2025-11-02,Telangana,Medchal-Malkajgiri,Malkajgiri Mandi,muskmelon,Hybrid,97.5,1703,1920,1837
2025-11-02,Telangana,Medchal-Malkajgiri,Malkajgiri Mandi,Moong Dal,Grade A,183.3,7609,8480,8013
2025-11-02,Telangana,Sangareddy,Sadasivpet APMC,Chana,Grade A,307.3,5672,6428,6058
2025-11-02,Telangana,Sangareddy,Patancheru APMC,Corn,Grade A,234.0,2068,2376,2263
2025-11-02,Telangana,Sangareddy,Sadasivpet APMC,mango,FAQ (Fair Average Quality),186.7,5819,7159,6470
2025-11-02,Telangana,Siddipet,Siddipet APMC,papaya,Hybrid,307.9,1791,2078,1969
2025-11-02,Telangana,Siddipet,Vantamamidi APMC,Moong Dal,Hybrid,163.7,8137,9635,8845
2025-11-02,Telangana,Siddipet,Gajwel APMC,coconut,FAQ (Fair Average Quality),180.2,3350,4085,3674
2025-11-02,Telangana,Vikarabad,Pargi APMC,watermelon,Local,142.2,1571,1979,1729
2025-11-02,Telangana,Vikarabad,Tanduru APMC,papaya,Grade A,289.6,2366,2865,2592
2025-11-02,Telangana,Vikarabad,Tanduru APMC,muskmelon,Hybrid,137.2,1356,1626,1534
2025-11-02,Telangana,Nalgonda,Nalgonda APMC,rice,Local,33.9,3628,4383,4042
2025-11-02,Telangana,Nalgonda,Nalgonda APMC,Rajma,Local,304.1,7937,9352,8628
2025-11-02,Telangana,Nalgonda,Miryalguda APMC,jute,Hybrid,240.6,4594,5900,5276
2025-11-02,Telangana,Yadadri Bhuvanagiri,Aler APMC,Moong Dal,Hybrid,69.3,7135,8831,7939
2025-11-02,Telangana,Yadadri Bhuvanagiri,Bhongir APMC,cotton,Grade A,23.9,7790,9652,8724
2025-11-02,Telangana,Yadadri Bhuvanagiri,Aler APMC,muskmelon,FAQ (Fair Average Quality),224.5,1718,2035,1886
2025-11-02,Telangana,Mahbubnagar,Mahbubnagar APMC,rice,Hybrid,245.3,4177,4760,4422
2025-11-02,Telangana,Mahbubnagar,Badepally APMC,Moth Beans,Hybrid,244.8,5878,7593,6701
2025-11-02,Telangana,Mahbubnagar,Mahbubnagar APMC,Corn,Local,114.1,2436,3065,2739
2025-11-02,Telangana,Medak,Toopran APMC,watermelon,Hybrid,219.7,1250,1413,1323
2025-11-02,Telangana,Medak,Toopran APMC,Moth Beans,Local,51.9,7471,9076,8235
2025-11-02,Telangana,Medak,Toopran APMC,orange,FAQ (Fair Average Quality),217.2,5397,6257,5781
2025-11-09,Telangana,Hyderabad,Bowenpally APMC,Rajma,Grade A,268.9,9348,11112,10252
2025-11-09,Telangana,Hyderabad,Gaddiannaram APMC,papaya,Grade A,55.7,1824,2318,2029
2025-11-09,Telangana,Hyderabad,Gudimalkapur APMC,blackgram,Hybrid,296.0,7586,9460,8549
2025-11-09,Telangana,Ranga Reddy,Ibrahimpatnam APMC,muskmelon,Grade A,281.3,1917,2391,2187
2025-11-09,Telangana,Ranga Reddy,Shadnagar APMC,Corn,Hybrid,240.9,2428,2914,2705
2025-11-09,Telangana,Ranga Reddy,Ibrahimpatnam APMC,coconut,Grade A,46.2,2613,3175,2858
2025-11-09,Telangana,Medchal-Malkajgiri,Kukatpally APMC,coconut,Local,31.2,2948,3643,3278
2025-11-09,Telangana,Medchal-Malkajgiri,Malkajgiri Mandi,apple,Local,138.4,12866,15020,13948
2025-11-09,Telangana,Medchal-Malkajgiri,Malkajgiri Mandi,Chana,Grade A,186.9,5393,5995,5668
2025-11-09,Telangana,Sangareddy,Patancheru APMC,Moth Beans,Hybrid,78.5,7410,8929,8128
2025-11-09,Telangana,Sangareddy,Zaheerabad APMC,cotton,Grade A,116.5,6954,7840,7382
2025-11-09,Telangana,Sangareddy,Sadasivpet APMC,papaya,Grade A,194.7,1747,2081,1871
2025-11-09,Telangana,Siddipet,Vantamamidi APMC,banana,Local,77.1,2371,2862,2579
2025-11-09,Telangana,Siddipet,Gajwel APMC,grapes,Hybrid,230.4,5056,6137,5623
2025-11-09,Telangana,Siddipet,Siddipet APMC,Rajma,Grade A,207.7,8295,10411,9317
2025-11-09,Telangana,Vikarabad,Tanduru APMC,papaya,Hybrid,140.4,2004,2305,2144
2025-11-09,Telangana,Vikarabad,Tanduru APMC,muskmelon,Grade A,44.2,2149,2447,2280
2025-11-09,Telangana,Vikarabad,Vikarabad APMC,blackgram,Hybrid,24.6,7412,9203,8306
2025-11-09,Telangana,Nalgonda,Neredcherla APMC,apple,FAQ (Fair Average Quality),230.7,8406,10139,9305
2025-11-09,Telangana,Nalgonda,Nalgonda APMC,banana,Local,40.8,2317,2659,2501
2025-11-09,Telangana,Nalgonda,Neredcherla APMC,pomegranate,Hybrid,227.1,8733,10530,9659
2025-11-09,Telangana,Yadadri Bhuvanagiri,Bhongir APMC,pomegranate,Grade A,285.2,8320,10029,9169
2025-11-09,Telangana,Yadadri Bhuvanagiri,Bhongir APMC,blackgram,Local,98.9,7690,8672,8149
2025-11-09,Telangana,Yadadri Bhuvanagiri,Aler APMC,orange,FAQ (Fair Average Quality),316.7,4083,4764,4432
2025-11-09,Telangana,Mahbubnagar,Mahbubnagar APMC,mango,Hybrid,23.7,5257,6533,5903
2025-11-09,Telangana,Mahbubnagar,Mahbubnagar APMC,watermelon,Local,266.3,1399,1706,1577
2025-11-09,Telangana,Mahbubnagar,Badepally APMC,Corn,FAQ (Fair Average Quality),149.8,2365,2927,2685
2025-11-09,Telangana,Medak,Medak APMC,Toor Dal,Grade A,107.3,6713,8070,7372
2025-11-09,Telangana,Medak,Medak APMC,Rajma,Hybrid,237.5,8588,10616,9628
2025-11-09,Telangana,Medak,Medak APMC,Chana,Hybrid,118.8,5571,6741,6124
2025-11-16,Telangana,Hyderabad,Gaddiannaram APMC,pomegranate,FAQ (Fair Average Quality),205.4,8765,10217,9508
2025-11-16,Telangana,Hyderabad,Gaddiannaram APMC,grapes,Hybrid,80.7,6132,7578,6851
2025-11-16,Telangana,Hyderabad,Gaddiannaram APMC,papaya,Hybrid,242.8,1676,1977,1778
2025-11-16,Telangana,Ranga Reddy,Shadnagar APMC,pomegranate,Grade A,313.0,8692,10444,9594
2025-11-16,Telangana,Ranga Reddy,Shadnagar APMC,Corn,Hybrid,95.9,1958,2347,2122
2025-11-16,Telangana,Ranga Reddy,Shadnagar APMC,Chana,Local,259.6,5749,6926,6345
2025-11-16,Telangana,Medchal-Malkajgiri,Malkajgiri Mandi,rice,FAQ (Fair Average Quality),204.1,4116,4706,4453
2025-11-16,Telangana,Medchal-Malkajgiri,Kukatpally APMC,coffee,Grade A,85.6,9198,10810,10044
2025-11-16,Telangana,Medchal-Malkajgiri,Malkajgiri Mandi,cotton,FAQ (Fair Average Quality),51.1,6399,8121,7285
2025-11-16,Telangana,Sangareddy,Zaheerabad APMC,apple,Local,189.1,10831,12957,11899
2025-11-16,Telangana,Sangareddy,Sadasivpet APMC,banana,Local,66.5,2693,3347,2991
2025-11-16,Telangana,Sangareddy,Patancheru APMC,papaya,Local,201.7,2040,2482,2219
2025-11-16,Telangana,Siddipet,Gajwel APMC,rice,Hybrid,116.6,3165,3656,3456
2025-11-16,Telangana,Siddipet,Siddipet APMC,cotton,FAQ (Fair Average Quality),43.5,7086,9046,8031
2025-11-16,Telangana,Siddipet,Gajwel APMC,muskmelon,Local,48.3,1652,2098,1916
2025-11-16,Telangana,Vikarabad,Vikarabad APMC,mango,FAQ (Fair Average Quality),242.5,7639,9568,8606
2025-11-16,Telangana,Vikarabad,Vikarabad APMC,cotton,Grade A,202.9,7791,9391,8625
2025-11-16,Telangana,Vikarabad,Tanduru APMC,apple,Local,169.8,11822,13923,12879
2025-11-16,Telangana,Nalgonda,Nalgonda APMC,Moth Beans,Hybrid,292.1,6841,8104,7461
2025-11-16,Telangana,Nalgonda,Miryalguda APMC,orange,Hybrid,90.2,4263,4992,4643
2025-11-16,Telangana,Nalgonda,Miryalguda APMC,cotton,FAQ (Fair Average Quality),22.8,6901,8289,7585
2025-11-16,Telangana,Yadadri Bhuvanagiri,Aler APMC,coffee,Local,54.3,11403,13995,12731
2025-11-16,Telangana,Yadadri Bhuvanagiri,Bhongir APMC,blackgram,Hybrid,148.6,7341,8627,7980
2025-11-16,Telangana,Yadadri Bhuvanagiri,Aler APMC,mango,Hybrid,84.3,6378,7591,7024
2025-11-16,Telangana,Mahbubnagar,Mahbubnagar APMC,cotton,Grade A,241.4,7948,9205,8612
2025-11-16,Telangana,Mahbubnagar,Badepally APMC,jute,Local,20.2,4505,5445,5017
2025-11-16,Telangana,Mahbubnagar,Mahbubnagar APMC,Rajma,FAQ (Fair Average Quality),100.8,9266,10788,9994
2025-11-16,Telangana,Medak,Medak APMC,mango,Grade A,257.0,7628,9466,8524
2025-11-16,Telangana,Medak,Toopran APMC,Corn,Local,218.9,2284,2713,2521
2025-11-16,Telangana,Medak,Toopran APMC,watermelon,Grade A,170.1,1224,1502,1348
2025-11-23,Telangana,Hyderabad,Bowenpally APMC,orange,Hybrid,17.6,3899,4919,4391
2025-11-23,Telangana,Hyderabad,Bowenpally APMC,Moth Beans,Hybrid,268.2,7525,9053,8325
2025-11-23,Telangana,Hyderabad,Gaddiannaram APMC,Chana,Local,182.4,5962,6850,6453
2025-11-23,Telangana,Ranga Reddy,Shadnagar APMC,lentil,Hybrid,163.9,6253,7666,6952
2025-11-23,Telangana,Ranga Reddy,Chevella APMC,banana,Hybrid,229.4,3149,3780,3450
2025-11-23,Telangana,Ranga Reddy,Ibrahimpatnam APMC,apple,Local,84.0,11735,13645,12737
2025-11-23,Telangana,Medchal-Malkajgiri,Malkajgiri Mandi,Corn,FAQ (Fair Average Quality),264.5,2315,2593,2487
2025-11-23,Telangana,Medchal-Malkajgiri,Malkajgiri Mandi,orange,Hybrid,15.6,4118,5123,4634
2025-11-23,Telangana,Medchal-Malkajgiri,Malkajgiri Mandi,rice,Hybrid,287.3,3163,3543,3340
2025-11-23,Telangana,Sangareddy,Patancheru APMC,lentil,Local,57.2,6154,7874,7038
2025-11-23,Telangana,Sangareddy,Zaheerabad APMC,grapes,FAQ (Fair Average Quality),260.6,6422,7713,7094
2025-11-23,Telangana,Sangareddy,Patancheru APMC,Corn,Local,222.9,1796,2185,2023
2025-11-23,Telangana,Siddipet,Gajwel APMC,grapes,Hybrid,301.4,4869,5836,5378
2025-11-23,Telangana,Siddipet,Vantamamidi APMC,mango,Local,299.0,6016,6714,6353
2025-11-23,Telangana,Siddipet,Vantamamidi APMC,jute,Local,267.9,5169,6223,5680
2025-11-23,Telangana,Vikarabad,Tanduru APMC,Corn,FAQ (Fair Average Quality),318.0,2255,2544,2391
2025-11-23,Telangana,Vikarabad,Vikarabad APMC,watermelon,Grade A,18.6,1509,1785,1677
2025-11-23,Telangana,Vikarabad,Pargi APMC,apple,Local,116.0,11556,13747,12693
2025-11-23,Telangana,Nalgonda,Neredcherla APMC,coconut,FAQ (Fair Average Quality),285.3,3264,3986,3641
2025-11-23,Telangana,Nalgonda,Miryalguda APMC,Moong Dal,Hybrid,286.0,6950,8369,7625
2025-11-23,Telangana,Nalgonda,Miryalguda APMC,orange,Grade A,70.2,5330,6490,5921
2025-11-23,Telangana,Yadadri Bhuvanagiri,Bhongir APMC,Chana,Grade A,59.9,4764,5690,5248
2025-11-23,Telangana,Yadadri Bhuvanagiri,Bhongir APMC,apple,Grade A,108.1,10583,12393,11531
2025-11-23,Telangana,Yadadri Bhuvanagiri,Bhongir APMC,papaya,FAQ (Fair Average Quality),39.8,2232,2746,2452
2025-11-23,Telangana,Mahbubnagar,Mahbubnagar APMC,orange,FAQ (Fair Average Quality),252.3,5258,6361,5834
2025-11-23,Telangana,Mahbubnagar,Badepally APMC,Moth Beans,Local,318.5,6488,7358,6897
2025-11-23,Telangana,Mahbubnagar,Mahbubnagar APMC,apple,Grade A,213.6,10631,13066,11824
2025-11-23,Telangana,Medak,Medak APMC,papaya,Grade A,38.1,2387,2897,2632
2025-11-23,Telangana,Medak,Toopran APMC,mango,FAQ (Fair Average Quality),297.4,4377,5132,4710
2025-11-23,Telangana,Medak,Toopran APMC,coconut,Grade A,211.8,3100,3661,3421
2025-11-30,Telangana,Hyderabad,Bowenpally APMC,papaya,Grade A,263.1,1381,1693,1496
2025-11-30,Telangana,Hyderabad,Bowenpally APMC,Corn,FAQ (Fair Average Quality),125.7,2092,2469,2248
2025-11-30,Telangana,Hyderabad,Gaddiannaram APMC,muskmelon,Grade A,316.7,2077,2340,2193
2025-11-30,Telangana,Ranga Reddy,Chevella APMC,Toor Dal,FAQ (Fair Average Quality),52.1,7166,8182,7677
2025-11-30,Telangana,Ranga Reddy,Ibrahimpatnam APMC,apple,Local,304.2,12423,14557,13452
2025-11-30,Telangana,Ranga Reddy,Ibrahimpatnam APMC,orange,FAQ (Fair Average Quality),103.4,4008,4809,4370
2025-11-30,Telangana,Medchal-Malkajgiri,Kukatpally APMC,Toor Dal,Grade A,54.6,6748,8219,7506
2025-11-30,Telangana,Medchal-Malkajgiri,Malkajgiri Mandi,blackgram,FAQ (Fair Average Quality),103.3,6900,8534,7721
2025-11-30,Telangana,Medchal-Malkajgiri,Kukatpally APMC,watermelon,Local,129.6,1459,1890,1680
2025-11-30,Telangana,Sangareddy,Zaheerabad APMC,lentil,FAQ (Fair Average Quality),274.4,6554,7973,7255
2025-11-30,Telangana,Sangareddy,Sadasivpet APMC,apple,Hybrid,222.1,11382,13917,12605
2025-11-30,Telangana,Sangareddy,Zaheerabad APMC,Rajma,Hybrid,166.3,7783,9455,8666
2025-11-30,Telangana,Siddipet,Siddipet APMC,orange,Local,86.2,3904,4664,4292
2025-11-30,Telangana,Siddipet,Siddipet APMC,papaya,Hybrid,271.4,2083,2334,2165
2025-11-30,Telangana,Siddipet,Gajwel APMC,Moth Beans,Grade A,208.3,7116,7983,7533
2025-11-30,Telangana,Vikarabad,Pargi APMC,rice,Grade A,27.9,3521,4307,3934
2025-11-30,Telangana,Vikarabad,Vikarabad APMC,apple,Grade A,178.7,8123,10031,9103
2025-11-30,Telangana,Vikarabad,Tanduru APMC,blackgram,Grade A,52.2,7893,9322,8584
2025-11-30,Telangana,Nalgonda,Miryalguda APMC,Moong Dal,Hybrid,96.5,7234,8783,8043
2025-11-30,Telangana,Nalgonda,Nalgonda APMC,jute,Grade A,156.4,4151,4978,4540
2025-11-30,Telangana,Nalgonda,Nalgonda APMC,Moth Beans,FAQ (Fair Average Quality),276.2,6610,7817,7200
2025-11-30,Telangana,Yadadri Bhuvanagiri,Aler APMC,muskmelon,FAQ (Fair Average Quality),61.6,2175,2496,2295
2025-11-30,Telangana,Yadadri Bhuvanagiri,Aler APMC,blackgram,Grade A,164.0,7270,8080,7691
2025-11-30,Telangana,Yadadri Bhuvanagiri,Bhongir APMC,Moth Beans,Grade A,171.9,6496,8081,7266
2025-11-30,Telangana,Mahbubnagar,Mahbubnagar APMC,Toor Dal,Hybrid,202.4,8036,9383,8685
2025-11-30,Telangana,Mahbubnagar,Mahbubnagar APMC,Corn,FAQ (Fair Average Quality),116.4,2309,2798,2530
2025-11-30,Telangana,Mahbubnagar,Mahbubnagar APMC,banana,Local,118.9,2978,3508,3234
2025-11-30,Telangana,Medak,Medak APMC,jute,Grade A,101.6,5059,5934,5527
2025-11-30,Telangana,Medak,Medak APMC,blackgram,Grade A,142.7,8229,9843,8994
2025-11-30,Telangana,Medak,Toopran APMC,coffee,FAQ (Fair Average Quality),50.7,11464,14168,12859
2025-12-07,Telangana,Hyderabad,Gaddiannaram APMC,pomegranate,Local,93.6,7610,9137,8396
2025-12-07,Telangana,Hyderabad,Gaddiannaram APMC,mango,FAQ (Fair Average Quality),46.0,4786,5773,5318
2025-12-07,Telangana,Hyderabad,Bowenpally APMC,Corn,Grade A,71.5,2065,2476,2244
2025-12-07,Telangana,Ranga Reddy,Chevella APMC,watermelon,FAQ (Fair Average Quality),209.1,1373,1679,1516
2025-12-07,Telangana,Ranga Reddy,Chevella APMC,lentil,FAQ (Fair Average Quality),102.5,7017,8114,7577
2025-12-07,Telangana,Ranga Reddy,Ibrahimpatnam APMC,muskmelon,Local,102.9,2029,2385,2230
2025-12-07,Telangana,Medchal-Malkajgiri,Kukatpally APMC,apple,Grade A,51.6,12213,15438,13784
2025-12-07,Telangana,Medchal-Malkajgiri,Malkajgiri Mandi,muskmelon,Hybrid,195.3,1324,1543,1420
2025-12-07,Telangana,Medchal-Malkajgiri,Malkajgiri Mandi,coconut,Hybrid,251.5,3389,3913,3634
2025-12-07,Telangana,Sangareddy,Patancheru APMC,Rajma,FAQ (Fair Average Quality),100.3,8277,9893,9110
2025-12-07,Telangana,Sangareddy,Patancheru APMC,apple,Hybrid,62.8,12453,15258,13864
2025-12-07,Telangana,Sangareddy,Sadasivpet APMC,cotton,FAQ (Fair Average Quality),79.6,8233,9496,8828
2025-12-07,Telangana,Siddipet,Siddipet APMC,jute,FAQ (Fair Average Quality),274.7,5075,5817,5495
2025-12-07,Telangana,Siddipet,Vantamamidi APMC,Toor Dal,Hybrid,76.5,7676,8999,8378
2025-12-07,Telangana,Siddipet,Siddipet APMC,apple,Hybrid,180.9,8709,10096,9399
2025-12-07,Telangana,Vikarabad,Vikarabad APMC,Moong Dal,Grade A,160.5,8057,9914,8991
2025-12-07,Telangana,Vikarabad,Vikarabad APMC,Toor Dal,FAQ (Fair Average Quality),281.7,8050,9416,8720
2025-12-07,Telangana,Vikarabad,Pargi APMC,apple,Local,224.6,8503,10255,9382
2025-12-07,Telangana,Nalgonda,Neredcherla APMC,blackgram,Hybrid,78.4,6967,7969,7442
2025-12-07,Telangana,Nalgonda,Nalgonda APMC,rice,FAQ (Fair Average Quality),277.8,4208,4928,4612
2025-12-07,Telangana,Nalgonda,Nalgonda APMC,banana,FAQ (Fair Average Quality),262.8,2386,2986,2654
2025-12-07,Telangana,Yadadri Bhuvanagiri,Aler APMC,blackgram,Hybrid,227.4,7120,8991,8015
2025-12-07,Telangana,Yadadri Bhuvanagiri,Aler APMC,pomegranate,FAQ (Fair Average Quality),201.8,7399,8483,7990
2025-12-07,Telangana,Yadadri Bhuvanagiri,Aler APMC,Moong Dal,Local,110.0,7974,9855,8890
2025-12-07,Telangana,Mahbubnagar,Mahbubnagar APMC,blackgram,Local,282.2,7265,9069,8137
2025-12-07,Telangana,Mahbubnagar,Badepally APMC,Rajma,Hybrid,307.4,9041,10178,9620
2025-12-07,Telangana,Mahbubnagar,Badepally APMC,banana,Local,253.3,2033,2311,2214
2025-12-07,Telangana,Medak,Medak APMC,papaya,Hybrid,269.3,1860,2238,2036
2025-12-07,Telangana,Medak,Toopran APMC,mango,Local,243.9,6482,7617,7008
2025-12-07,Telangana,Medak,Toopran APMC,pomegranate,Hybrid,56.6,7605,8887,8254
2025-12-14,Telangana,Hyderabad,Gaddiannaram APMC,papaya,Local,38.0,1606,1891,1778
2025-12-14,Telangana,Hyderabad,Gudimalkapur APMC,mango,FAQ (Fair Average Quality),215.5,7097,8421,7791
2025-12-14,Telangana,Hyderabad,Bowenpally APMC,apple,Hybrid,247.4,11025,13182,12101
2025-12-14,Telangana,Ranga Reddy,Ibrahimpatnam APMC,apple,Local,266.0,9862,11964,10911
2025-12-14,Telangana,Ranga Reddy,Ibrahimpatnam APMC,rice,FAQ (Fair Average Quality),296.9,3755,4557,4200
2025-12-14,Telangana,Ranga Reddy,Ibrahimpatnam APMC,muskmelon,FAQ (Fair Average Quality),166.9,1928,2342,2109
2025-12-14,Telangana,Medchal-Malkajgiri,Malkajgiri Mandi,mango,Local,96.5,7767,9500,8615
2025-12-14,Telangana,Medchal-Malkajgiri,Kukatpally APMC,pomegranate,Local,186.6,8318,10002,9163
2025-12-14,Telangana,Medchal-Malkajgiri,Malkajgiri Mandi,apple,Grade A,230.6,9963,12578,11254
2025-12-14,Telangana,Sangareddy,Patancheru APMC,Rajma,Local,39.4,7690,9287,8494
2025-12-14,Telangana,Sangareddy,Sadasivpet APMC,Moong Dal,Hybrid,17.4,7394,8987,8199
2025-12-14,Telangana,Sangareddy,Sadasivpet APMC,Corn,Grade A,301.7,2427,2902,2666
2025-12-14,Telangana,Siddipet,Siddipet APMC,pomegranate,FAQ (Fair Average Quality),173.1,8546,10983,9742
2025-12-14,Telangana,Siddipet,Gajwel APMC,coffee,FAQ (Fair Average Quality),96.2,12187,14701,13491
2025-12-14,Telangana,Siddipet,Gajwel APMC,muskmelon,FAQ (Fair Average Quality),18.2,2144,2597,2351
2025-12-14,Telangana,Vikarabad,Tanduru APMC,Moth Beans,Local,194.6,6196,7153,6678
2025-12-14,Telangana,Vikarabad,Pargi APMC,jute,Local,150.9,4260,5071,4660
2025-12-14,Telangana,Vikarabad,Vikarabad APMC,Chana,FAQ (Fair Average Quality),81.1,5526,6318,5968
2025-12-14,Telangana,Nalgonda,Neredcherla APMC,papaya,Grade A,263.3,1531,1772,1632
2025-12-14,Telangana,Nalgonda,Neredcherla APMC,jute,Local,69.8,5114,5966,5545
2025-12-14,Telangana,Nalgonda,Nalgonda APMC,banana,Hybrid,119.4,3159,3684,3387
2025-12-14,Telangana,Yadadri Bhuvanagiri,Aler APMC,blackgram,Grade A,301.4,7051,8758,7874
2025-12-14,Telangana,Yadadri Bhuvanagiri,Bhongir APMC,orange,Hybrid,274.9,5049,5715,5345
2025-12-14,Telangana,Yadadri Bhuvanagiri,Aler APMC,Chana,Local,111.0,5407,6881,6182
2025-12-14,Telangana,Mahbubnagar,Badepally APMC,grapes,Local,181.5,7156,9239,8163
2025-12-14,Telangana,Mahbubnagar,Badepally APMC,Moth Beans,FAQ (Fair Average Quality),315.3,7887,9257,8599
2025-12-14,Telangana,Mahbubnagar,Badepally APMC,cotton,Grade A,85.7,7220,8483,7861
2025-12-14,Telangana,Medak,Medak APMC,grapes,Grade A,175.1,6121,7172,6665
2025-12-14,Telangana,Medak,Toopran APMC,muskmelon,Hybrid,269.6,1859,2159,1983
2025-12-14,Telangana,Medak,Toopran APMC,Chana,Hybrid,282.9,5744,7046,6398
2025-12-21,Telangana,Hyderabad,Gaddiannaram APMC,coffee,Grade A,212.0,9083,11512,10332
2025-12-21,Telangana,Hyderabad,Gaddiannaram APMC,jute,FAQ (Fair Average Quality),191.7,4511,5272,4850
2025-12-21,Telangana,Hyderabad,Gaddiannaram APMC,Moth Beans,Local,113.7,7650,9230,8410
2025-12-21,Telangana,Ranga Reddy,Ibrahimpatnam APMC,lentil,Grade A,198.9,7147,8547,7859
2025-12-21,Telangana,Ranga Reddy,Ibrahimpatnam APMC,coconut,Local,314.5,2757,3275,2991
2025-12-21,Telangana,Ranga Reddy,Shadnagar APMC,blackgram,Local,22.2,7007,8507,7778
2025-12-21,Telangana,Medchal-Malkajgiri,Malkajgiri Mandi,Rajma,Hybrid,217.9,8844,10504,9661
2025-12-21,Telangana,Medchal-Malkajgiri,Kukatpally APMC,pomegranate,FAQ (Fair Average Quality),213.0,7148,8874,7976
2025-12-21,Telangana,Medchal-Malkajgiri,Kukatpally APMC,rice,Local,217.5,3066,3755,3360
2025-12-21,Telangana,Sangareddy,Sadasivpet APMC,Chana,FAQ (Fair Average Quality),225.9,5537,6575,6025
2025-12-21,Telangana,Sangareddy,Patancheru APMC,banana,Grade A,247.0,1902,2156,1995
2025-12-21,Telangana,Sangareddy,Patancheru APMC,muskmelon,Local,148.8,1387,1681,1543
2025-12-21,Telangana,Siddipet,Vantamamidi APMC,blackgram,Grade A,167.5,7076,8729,7904
2025-12-21,Telangana,Siddipet,Vantamamidi APMC,coconut,Grade A,206.4,3547,4127,3839
2025-12-21,Telangana,Siddipet,Siddipet APMC,muskmelon,Grade A,272.3,2034,2390,2174
2025-12-21,Telangana,Vikarabad,Vikarabad APMC,Moth Beans,FAQ (Fair Average Quality),202.3,6574,8268,7467
2025-12-21,Telangana,Vikarabad,Pargi APMC,Moong Dal,FAQ (Fair Average Quality),236.8,7527,8987,8243
2025-12-21,Telangana,Vikarabad,Tanduru APMC,watermelon,Local,245.9,1515,1810,1676
2025-12-21,Telangana,Nalgonda,Miryalguda APMC,rice,Hybrid,228.4,3572,4580,4035
2025-12-21,Telangana,Nalgonda,Nalgonda APMC,jute,Local,309.9,4897,5938,5387
2025-12-21,Telangana,Nalgonda,Nalgonda APMC,muskmelon,Hybrid,265.8,1763,2094,1896
2025-12-21,Telangana,Yadadri Bhuvanagiri,Aler APMC,cotton,FAQ (Fair Average Quality),242.3,7680,9552,8586
2025-12-21,Telangana,Yadadri Bhuvanagiri,Aler APMC,mango,FAQ (Fair Average Quality),254.5,4197,5048,4658
2025-12-21,Telangana,Yadadri Bhuvanagiri,Bhongir APMC,banana,Grade A,202.8,2511,3094,2793
2025-12-21,Telangana,Mahbubnagar,Mahbubnagar APMC,mango,FAQ (Fair Average Quality),76.9,5239,6490,5865
2025-12-21,Telangana,Mahbubnagar,Badepally APMC,cotton,Hybrid,237.6,7931,9559,8768
2025-12-21,Telangana,Mahbubnagar,Mahbubnagar APMC,apple,Hybrid,88.3,8560,10026,9258
2025-12-21,Telangana,Medak,Toopran APMC,pomegranate,Hybrid,286.3,7309,8740,8052
2025-12-21,Telangana,Medak,Medak APMC,Moth Beans,FAQ (Fair Average Quality),121.0,6279,7573,6920
2025-12-21,Telangana,Medak,Toopran APMC,jute,FAQ (Fair Average Quality),112.0,4050,5245,4653
2025-12-28,Telangana,Hyderabad,Gudimalkapur APMC,orange,Grade A,178.7,4301,5261,4797
2025-12-28,Telangana,Hyderabad,Gudimalkapur APMC,Moong Dal,Hybrid,82.4,7265,9123,8223
2025-12-28,Telangana,Hyderabad,Gudimalkapur APMC,papaya,Local,16.0,1522,1834,1651
2025-12-28,Telangana,Ranga Reddy,Shadnagar APMC,banana,Hybrid,266.1,1954,2451,2187
2025-12-28,Telangana,Ranga Reddy,Shadnagar APMC,Chana,Local,178.1,4829,6107,5450
2025-12-28,Telangana,Ranga Reddy,Shadnagar APMC,coconut,Hybrid,36.6,3740,4576,4138
2025-12-28,Telangana,Medchal-Malkajgiri,Malkajgiri Mandi,Moong Dal,Hybrid,292.7,7169,8434,7787
2025-12-28,Telangana,Medchal-Malkajgiri,Malkajgiri Mandi,cotton,Local,221.5,7580,9445,8512
2025-12-28,Telangana,Medchal-Malkajgiri,Malkajgiri Mandi,rice,FAQ (Fair Average Quality),291.2,3328,4175,3742
2025-12-28,Telangana,Sangareddy,Zaheerabad APMC,cotton,FAQ (Fair Average Quality),289.0,7011,8577,7779
2025-12-28,Telangana,Sangareddy,Zaheerabad APMC,grapes,Local,100.5,5196,6512,5850
2025-12-28,Telangana,Sangareddy,Zaheerabad APMC,Corn,Local,174.7,2604,3066,2873
2025-12-28,Telangana,Siddipet,Siddipet APMC,blackgram,Hybrid,50.2,6840,7892,7336
2025-12-28,Telangana,Siddipet,Gajwel APMC,Moong Dal,FAQ (Fair Average Quality),316.0,7517,9040,8254
2025-12-28,Telangana,Siddipet,Vantamamidi APMC,rice,Hybrid,196.6,3299,3962,3665
2025-12-28,Telangana,Vikarabad,Vikarabad APMC,mango,Grade A,158.0,8077,9926,8981
2025-12-28,Telangana,Vikarabad,Tanduru APMC,apple,Local,218.6,8436,9617,8991
2025-12-28,Telangana,Vikarabad,Pargi APMC,banana,Hybrid,218.9,2830,3627,3231
2025-12-28,Telangana,Nalgonda,Nalgonda APMC,lentil,FAQ (Fair Average Quality),192.7,6747,8142,7432
2025-12-28,Telangana,Nalgonda,Nalgonda APMC,Chana,Grade A,213.3,5072,5866,5473
2025-12-28,Telangana,Nalgonda,Miryalguda APMC,cotton,Hybrid,315.2,7618,9017,8269
2025-12-28,Telangana,Yadadri Bhuvanagiri,Aler APMC,pomegranate,Grade A,86.7,9677,11652,10659
2025-12-28,Telangana,Yadadri Bhuvanagiri,Bhongir APMC,grapes,Local,44.9,6998,7891,7482
2025-12-28,Telangana,Yadadri Bhuvanagiri,Aler APMC,Chana,Hybrid,27.9,5085,6394,5762
2025-12-28,Telangana,Mahbubnagar,Mahbubnagar APMC,muskmelon,Grade A,265.1,1714,1998,1900
2025-12-28,Telangana,Mahbubnagar,Mahbubnagar APMC,Rajma,FAQ (Fair Average Quality),240.6,8158,9966,9090
2025-12-28,Telangana,Mahbubnagar,Badepally APMC,blackgram,Grade A,138.1,6825,8003,7414
2025-12-28,Telangana,Medak,Medak APMC,apple,FAQ (Fair Average Quality),16.2,12101,15244,13676
2025-12-28,Telangana,Medak,Medak APMC,Chana,FAQ (Fair Average Quality),224.3,5434,6289,5814
2025-12-28,Telangana,Medak,Medak APMC,pomegranate,Local,221.9,7407,9020,8257
2026-01-04,Telangana,Hyderabad,Gaddiannaram APMC,mango,Hybrid,139.9,4846,5940,5353
2026-01-04,Telangana,Hyderabad,Gaddiannaram APMC,Rajma,Local,142.4,8361,10496,9436
2026-01-04,Telangana,Hyderabad,Bowenpally APMC,pomegranate,FAQ (Fair Average Quality),241.5,8208,9742,9015
2026-01-04,Telangana,Ranga Reddy,Shadnagar APMC,Chana,Grade A,94.4,6304,7415,6837
2026-01-04,Telangana,Ranga Reddy,Shadnagar APMC,muskmelon,Grade A,292.8,1415,1706,1546
2026-01-04,Telangana,Ranga Reddy,Ibrahimpatnam APMC,cotton,Grade A,311.9,7705,9808,8782
2026-01-04,Telangana,Medchal-Malkajgiri,Malkajgiri Mandi,Moth Beans,Hybrid,40.0,7223,9271,8240
2026-01-04,Telangana,Medchal-Malkajgiri,Malkajgiri Mandi,rice,FAQ (Fair Average Quality),197.9,3624,4378,4034
2026-01-04,Telangana,Medchal-Malkajgiri,Kukatpally APMC,cotton,Grade A,67.3,8264,10291,9310
2026-01-04,Telangana,Sangareddy,Patancheru APMC,jute,FAQ (Fair Average Quality),172.0,4933,6032,5511
2026-01-04,Telangana,Sangareddy,Sadasivpet APMC,orange,Grade A,151.8,3809,4649,4207
2026-01-04,Telangana,Sangareddy,Zaheerabad APMC,Moth Beans,Grade A,296.7,6745,7788,7218
2026-01-04,Telangana,Siddipet,Siddipet APMC,pomegranate,Local,274.7,10825,13792,12348
2026-01-04,Telangana,Siddipet,Vantamamidi APMC,Chana,FAQ (Fair Average Quality),126.6,5952,6717,6342
2026-01-04,Telangana,Siddipet,Vantamamidi APMC,watermelon,Local,311.7,1396,1715,1604
2026-01-04,Telangana,Vikarabad,Pargi APMC,blackgram,FAQ (Fair Average Quality),93.4,7115,8334,7769
2026-01-04,Telangana,Vikarabad,Pargi APMC,papaya,Local,35.9,1550,1849,1721
2026-01-04,Telangana,Vikarabad,Vikarabad APMC,Corn,Local,83.0,2534,2895,2720
2026-01-04,Telangana,Nalgonda,Neredcherla APMC,banana,Grade A,262.8,2424,2875,2678
2026-01-04,Telangana,Nalgonda,Miryalguda APMC,blackgram,Local,31.0,8088,9783,8971
2026-01-04,Telangana,Nalgonda,Nalgonda APMC,cotton,Grade A,54.8,8358,10112,9278
2026-01-04,Telangana,Yadadri Bhuvanagiri,Bhongir APMC,mango,FAQ (Fair Average Quality),261.8,5807,6976,6433
2026-01-04,Telangana,Yadadri Bhuvanagiri,Aler APMC,orange,FAQ (Fair Average Quality),100.9,5783,6946,6328
2026-01-04,Telangana,Yadadri Bhuvanagiri,Aler APMC,watermelon,Hybrid,161.8,1146,1333,1223
2026-01-04,Telangana,Mahbubnagar,Mahbubnagar APMC,Corn,FAQ (Fair Average Quality),175.8,2680,3131,2934
2026-01-04,Telangana,Mahbubnagar,Mahbubnagar APMC,lentil,Grade A,317.5,6823,8315,7572
2026-01-04,Telangana,Mahbubnagar,Mahbubnagar APMC,blackgram,FAQ (Fair Average Quality),54.7,8374,10043,9181
2026-01-04,Telangana,Medak,Medak APMC,jute,Local,260.1,4602,5703,5156
2026-01-04,Telangana,Medak,Toopran APMC,rice,Local,269.9,4164,4804,4441
2026-01-04,Telangana,Medak,Toopran APMC,pomegranate,Hybrid,102.4,9708,11497,10622
2026-01-11,Telangana,Hyderabad,Gaddiannaram APMC,rice,FAQ (Fair Average Quality),311.8,3514,4127,3800
2026-01-11,Telangana,Hyderabad,Bowenpally APMC,grapes,Local,183.6,7138,8633,7911
2026-01-11,Telangana,Hyderabad,Bowenpally APMC,Moong Dal,Hybrid,23.0,8333,9707,9055
2026-01-11,Telangana,Ranga Reddy,Chevella APMC,cotton,FAQ (Fair Average Quality),260.0,8020,9792,8890
2026-01-11,Telangana,Ranga Reddy,Ibrahimpatnam APMC,watermelon,FAQ (Fair Average Quality),82.2,1418,1820,1660
2026-01-11,Telangana,Ranga Reddy,Shadnagar APMC,jute,Grade A,246.7,4729,5951,5349
2026-01-11,Telangana,Medchal-Malkajgiri,Kukatpally APMC,rice,FAQ (Fair Average Quality),260.8,3103,3900,3479
2026-01-11,Telangana,Medchal-Malkajgiri,Kukatpally APMC,lentil,Hybrid,315.7,7355,8780,8093
2026-01-11,Telangana,Medchal-Malkajgiri,Malkajgiri Mandi,Moth Beans,Local,182.3,8158,9488,8871
2026-01-11,Telangana,Sangareddy,Zaheerabad APMC,grapes,Hybrid,26.8,7671,9226,8467
2026-01-11,Telangana,Sangareddy,Sadasivpet APMC,pomegranate,FAQ (Fair Average Quality),236.9,11023,12586,11798
2026-01-11,Telangana,Sangareddy,Sadasivpet APMC,papaya,FAQ (Fair Average Quality),258.3,2100,2637,2349
2026-01-11,Telangana,Siddipet,Vantamamidi APMC,muskmelon,Hybrid,177.7,2065,2478,2292
2026-01-11,Telangana,Siddipet,Gajwel APMC,blackgram,Hybrid,229.6,8239,9514,8923
2026-01-11,Telangana,Siddipet,Siddipet APMC,grapes,FAQ (Fair Average Quality),120.1,5113,6274,5669
2026-01-11,Telangana,Vikarabad,Pargi APMC,watermelon,Local,265.4,1252,1475,1357
2026-01-11,Telangana,Vikarabad,Vikarabad APMC,lentil,Grade A,16.4,6260,7485,6855
2026-01-11,Telangana,Vikarabad,Pargi APMC,rice,Grade A,210.2,3447,4193,3792
2026-01-11,Telangana,Nalgonda,Miryalguda APMC,banana,Local,56.1,1871,2364,2147
2026-01-11,Telangana,Nalgonda,Miryalguda APMC,pomegranate,Local,34.8,11059,13040,12076
2026-01-11,Telangana,Nalgonda,Nalgonda APMC,Chana,Hybrid,132.3,6025,6981,6521
2026-01-11,Telangana,Yadadri Bhuvanagiri,Aler APMC,grapes,FAQ (Fair Average Quality),241.7,7884,8978,8464
2026-01-11,Telangana,Yadadri Bhuvanagiri,Bhongir APMC,apple,FAQ (Fair Average Quality),81.0,10597,13148,11833
2026-01-11,Telangana,Yadadri Bhuvanagiri,Bhongir APMC,orange,FAQ (Fair Average Quality),94.7,4422,5278,4850
2026-01-11,Telangana,Mahbubnagar,Mahbubnagar APMC,Rajma,Local,194.8,9508,11232,10366
2026-01-11,Telangana,Mahbubnagar,Badepally APMC,cotton,Grade A,34.8,7958,9675,8777
2026-01-11,Telangana,Mahbubnagar,Badepally APMC,mango,Hybrid,188.7,5495,6366,5883
2026-01-11,Telangana,Medak,Toopran APMC,orange,Hybrid,268.0,5494,6510,6035
2026-01-11,Telangana,Medak,Medak APMC,jute,Grade A,277.2,4297,5076,4667
2026-01-11,Telangana,Medak,Toopran APMC,Corn,Grade A,265.2,2167,2645,2430
2026-01-18,Telangana,Hyderabad,Bowenpally APMC,muskmelon,Grade A,74.5,1305,1640,1504
2026-01-18,Telangana,Hyderabad,Gudimalkapur APMC,Toor Dal,FAQ (Fair Average Quality),307.9,9096,10679,9904
2026-01-18,Telangana,Hyderabad,Gaddiannaram APMC,cotton,Grade A,216.1,8487,10438,9452
2026-01-18,Telangana,Ranga Reddy,Chevella APMC,apple,Grade A,231.5,13928,15752,14858
2026-01-18,Telangana,Ranga Reddy,Shadnagar APMC,Moong Dal,FAQ (Fair Average Quality),77.1,8409,10108,9230
2026-01-18,Telangana,Ranga Reddy,Shadnagar APMC,orange,Grade A,104.5,4352,5279,4815
2026-01-18,Telangana,Medchal-Malkajgiri,Malkajgiri Mandi,jute,Grade A,113.0,4403,5477,4898
2026-01-18,Telangana,Medchal-Malkajgiri,Malkajgiri Mandi,pomegranate,Hybrid,95.8,9410,11632,10497
2026-01-18,Telangana,Medchal-Malkajgiri,Malkajgiri Mandi,papaya,FAQ (Fair Average Quality),71.7,1903,2420,2127
2026-01-18,Telangana,Sangareddy,Zaheerabad APMC,coconut,Local,155.2,3282,3847,3550
2026-01-18,Telangana,Sangareddy,Zaheerabad APMC,coffee,Grade A,168.4,10068,12644,11322
2026-01-18,Telangana,Sangareddy,Patancheru APMC,cotton,FAQ (Fair Average Quality),46.9,8535,10237,9373
2026-01-18,Telangana,Siddipet,Gajwel APMC,grapes,FAQ (Fair Average Quality),279.0,6848,7986,7466
2026-01-18,Telangana,Siddipet,Siddipet APMC,banana,Hybrid,255.2,2811,3540,3127
2026-01-18,Telangana,Siddipet,Vantamamidi APMC,mango,Hybrid,281.8,7219,8504,7818
2026-01-18,Telangana,Vikarabad,Tanduru APMC,papaya,FAQ (Fair Average Quality),103.3,1767,2158,1983
2026-01-18,Telangana,Vikarabad,Pargi APMC,orange,FAQ (Fair Average Quality),200.1,3995,5033,4562
2026-01-18,Telangana,Vikarabad,Vikarabad APMC,jute,Hybrid,318.3,4770,5825,5255
2026-01-18,Telangana,Nalgonda,Nalgonda APMC,Rajma,Hybrid,155.3,8717,9838,9247
2026-01-18,Telangana,Nalgonda,Nalgonda APMC,apple,FAQ (Fair Average Quality),249.0,8921,11329,10111
2026-01-18,Telangana,Nalgonda,Nalgonda APMC,orange,Local,53.7,4313,5258,4794
2026-01-18,Telangana,Yadadri Bhuvanagiri,Aler APMC,Moong Dal,Grade A,18.2,8146,9581,8835
2026-01-18,Telangana,Yadadri Bhuvanagiri,Bhongir APMC,pomegranate,Hybrid,88.8,10302,12888,11617
2026-01-18,Telangana,Yadadri Bhuvanagiri,Bhongir APMC,lentil,Local,143.5,7597,9625,8561
2026-01-18,Telangana,Mahbubnagar,Mahbubnagar APMC,lentil,Hybrid,266.2,7603,9470,8547
2026-01-18,Telangana,Mahbubnagar,Badepally APMC,pomegranate,Local,267.5,9374,10715,10079
2026-01-18,Telangana,Mahbubnagar,Mahbubnagar APMC,orange,Hybrid,173.0,5582,6688,6142
2026-01-18,Telangana,Medak,Toopran APMC,mango,Hybrid,78.1,4376,5251,4770
2026-01-18,Telangana,Medak,Toopran APMC,apple,Hybrid,46.8,13295,16313,14847
2026-01-18,Telangana,Medak,Toopran APMC,muskmelon,Local,308.9,2117,2616,2378
2026-01-25,Telangana,Hyderabad,Bowenpally APMC,Moth Beans,Local,227.0,6234,7963,7137
2026-01-25,Telangana,Hyderabad,Gudimalkapur APMC,Toor Dal,Local,121.7,8118,9630,8889
2026-01-25,Telangana,Hyderabad,Bowenpally APMC,banana,Local,301.0,3377,4023,3674
2026-01-25,Telangana,Ranga Reddy,Ibrahimpatnam APMC,pomegranate,Local,60.7,10644,12253,11461
2026-01-25,Telangana,Ranga Reddy,Chevella APMC,orange,Grade A,29.1,5810,6959,6402
2026-01-25,Telangana,Ranga Reddy,Shadnagar APMC,grapes,Local,180.7,4821,5509,5131
2026-01-25,Telangana,Medchal-Malkajgiri,Malkajgiri Mandi,banana,FAQ (Fair Average Quality),287.9,3226,4039,3656
2026-01-25,Telangana,Medchal-Malkajgiri,Malkajgiri Mandi,orange,FAQ (Fair Average Quality),110.6,4808,6100,5447
2026-01-25,Telangana,Medchal-Malkajgiri,Malkajgiri Mandi,Corn,Hybrid,149.0,2276,2615,2474
2026-01-25,Telangana,Sangareddy,Patancheru APMC,banana,FAQ (Fair Average Quality),156.0,2040,2400,2189
2026-01-25,Telangana,Sangareddy,Sadasivpet APMC,lentil,Local,166.4,6791,7990,7365
2026-01-25,Telangana,Sangareddy,Zaheerabad APMC,rice,Hybrid,188.1,4086,4926,4501
2026-01-25,Telangana,Siddipet,Vantamamidi APMC,grapes,Local,188.8,5323,6112,5697
2026-01-25,Telangana,Siddipet,Gajwel APMC,muskmelon,Hybrid,69.8,1746,1962,1813
2026-01-25,Telangana,Siddipet,Vantamamidi APMC,jute,Local,319.4,4655,5290,4966
2026-01-25,Telangana,Vikarabad,Vikarabad APMC,jute,Hybrid,35.2,4776,5338,5036
2026-01-25,Telangana,Vikarabad,Tanduru APMC,pomegranate,Local,275.9,10910,13262,12040
2026-01-25,Telangana,Vikarabad,Tanduru APMC,grapes,Hybrid,77.5,5809,6879,6307
2026-01-25,Telangana,Nalgonda,Neredcherla APMC,muskmelon,Grade A,177.1,2056,2462,2299
2026-01-25,Telangana,Nalgonda,Miryalguda APMC,rice,FAQ (Fair Average Quality),290.9,4443,5144,4839
2026-01-25,Telangana,Nalgonda,Miryalguda APMC,coffee,FAQ (Fair Average Quality),260.8,14396,17238,15786
2026-01-25,Telangana,Yadadri Bhuvanagiri,Aler APMC,Rajma,Grade A,103.2,8959,10641,9752
2026-01-25,Telangana,Yadadri Bhuvanagiri,Bhongir APMC,orange,Local,106.8,3894,4621,4300
2026-01-25,Telangana,Yadadri Bhuvanagiri,Bhongir APMC,apple,Local,241.3,9882,12001,10899
2026-01-25,Telangana,Mahbubnagar,Mahbubnagar APMC,watermelon,Grade A,17.7,1136,1280,1187
2026-01-25,Telangana,Mahbubnagar,Badepally APMC,Rajma,Grade A,99.1,8633,10466,9527
2026-01-25,Telangana,Mahbubnagar,Mahbubnagar APMC,mango,FAQ (Fair Average Quality),40.2,4736,5726,5251
2026-01-25,Telangana,Medak,Toopran APMC,Rajma,FAQ (Fair Average Quality),157.9,9391,10881,10172
2026-01-25,Telangana,Medak,Toopran APMC,blackgram,Local,46.0,8316,9562,8934
2026-01-25,Telangana,Medak,Toopran APMC,rice,Local,295.8,3399,3898,3635
2026-02-01,Telangana,Hyderabad,Bowenpally APMC,Rajma,Local,317.4,8643,11010,9859
2026-02-01,Telangana,Hyderabad,Gaddiannaram APMC,grapes,FAQ (Fair Average Quality),279.9,7513,8794,8198
2026-02-01,Telangana,Hyderabad,Gaddiannaram APMC,coconut,Local,216.8,2663,3370,3053
2026-02-01,Telangana,Ranga Reddy,Shadnagar APMC,Moth Beans,FAQ (Fair Average Quality),195.0,7410,9369,8379
2026-02-01,Telangana,Ranga Reddy,Shadnagar APMC,mango,FAQ (Fair Average Quality),158.7,4850,5627,5222
2026-02-01,Telangana,Ranga Reddy,Chevella APMC,apple,Local,33.3,10022,12176,11075
2026-02-01,Telangana,Medchal-Malkajgiri,Malkajgiri Mandi,Moong Dal,Hybrid,85.4,8324,9884,9088
2026-02-01,Telangana,Medchal-Malkajgiri,Malkajgiri Mandi,orange,Grade A,218.7,5620,6736,6197
2026-02-01,Telangana,Medchal-Malkajgiri,Kukatpally APMC,cotton,FAQ (Fair Average Quality),81.2,7772,9060,8463
2026-02-01,Telangana,Sangareddy,Patancheru APMC,grapes,Grade A,26.1,5374,6597,6021
2026-02-01,Telangana,Sangareddy,Sadasivpet APMC,banana,Local,137.5,2735,3058,2846
2026-02-01,Telangana,Sangareddy,Patancheru APMC,orange,Grade A,29.1,5838,6544,6180
2026-02-01,Telangana,Siddipet,Gajwel APMC,cotton,Grade A,272.0,8044,9788,8897
2026-02-01,Telangana,Siddipet,Vantamamidi APMC,Toor Dal,FAQ (Fair Average Quality),169.5,9040,10821,9937
2026-02-01,Telangana,Siddipet,Vantamamidi APMC,coffee,FAQ (Fair Average Quality),171.9,11293,13831,12579
2026-02-01,Telangana,Vikarabad,Vikarabad APMC,muskmelon,Grade A,300.2,1575,1939,1708
2026-02-01,Telangana,Vikarabad,Vikarabad APMC,Toor Dal,Local,132.8,7644,9246,8490
2026-02-01,Telangana,Vikarabad,Pargi APMC,Corn,Hybrid,196.8,2096,2604,2393
2026-02-01,Telangana,Nalgonda,Neredcherla APMC,jute,FAQ (Fair Average Quality),72.9,5091,6236,5638
2026-02-01,Telangana,Nalgonda,Miryalguda APMC,orange,FAQ (Fair Average Quality),23.9,5827,6618,6181
2026-02-01,Telangana,Nalgonda,Nalgonda APMC,coconut,Local,187.9,3022,3665,3342
2026-02-01,Telangana,Yadadri Bhuvanagiri,Bhongir APMC,grapes,Grade A,292.5,6852,7706,7291
2026-02-01,Telangana,Yadadri Bhuvanagiri,Aler APMC,pomegranate,Local,124.3,9862,11849,10811
2026-02-01,Telangana,Yadadri Bhuvanagiri,Aler APMC,jute,FAQ (Fair Average Quality),160.6,4558,5513,5053
2026-02-01,Telangana,Mahbubnagar,Mahbubnagar APMC,Moong Dal,Grade A,98.8,8259,9735,9004
2026-02-01,Telangana,Mahbubnagar,Mahbubnagar APMC,Toor Dal,Local,148.5,7251,8492,7903
2026-02-01,Telangana,Mahbubnagar,Mahbubnagar APMC,orange,Hybrid,48.9,5372,6544,5943
2026-02-01,Telangana,Medak,Medak APMC,blackgram,FAQ (Fair Average Quality),18.2,7251,9217,8217
2026-02-01,Telangana,Medak,Toopran APMC,lentil,Grade A,174.4,7694,8586,8167
2026-02-01,Telangana,Medak,Medak APMC,grapes,FAQ (Fair Average Quality),92.4,6988,8315,7621
2026-02-08,Telangana,Hyderabad,Gudimalkapur APMC,rice,FAQ (Fair Average Quality),157.8,4377,4968,4663
2026-02-08,Telangana,Hyderabad,Bowenpally APMC,pomegranate,FAQ (Fair Average Quality),150.3,9525,11371,10399
2026-02-08,Telangana,Hyderabad,Gaddiannaram APMC,jute,Local,230.9,4265,5232,4719
2026-02-08,Telangana,Ranga Reddy,Shadnagar APMC,lentil,Hybrid,160.2,7484,9149,8311
2026-02-08,Telangana,Ranga Reddy,Shadnagar APMC,apple,Local,182.8,11196,13545,12340
2026-02-08,Telangana,Ranga Reddy,Ibrahimpatnam APMC,Rajma,FAQ (Fair Average Quality),202.9,9601,11347,10460
2026-02-08,Telangana,Medchal-Malkajgiri,Kukatpally APMC,cotton,Hybrid,178.8,7421,9201,8269
2026-02-08,Telangana,Medchal-Malkajgiri,Malkajgiri Mandi,apple,Hybrid,269.8,10045,11774,10895
2026-02-08,Telangana,Medchal-Malkajgiri,Kukatpally APMC,mango,Grade A,202.7,6108,7303,6738
2026-02-08,Telangana,Sangareddy,Patancheru APMC,Chana,Grade A,113.0,5854,7112,6448
2026-02-08,Telangana,Sangareddy,Zaheerabad APMC,banana,Local,221.1,2719,3222,2948
2026-02-08,Telangana,Sangareddy,Sadasivpet APMC,rice,FAQ (Fair Average Quality),222.7,3399,3891,3634
2026-02-08,Telangana,Siddipet,Vantamamidi APMC,Toor Dal,Grade A,263.8,8665,10179,9402
2026-02-08,Telangana,Siddipet,Gajwel APMC,pomegranate,Local,213.6,8797,11069,9898
2026-02-08,Telangana,Siddipet,Vantamamidi APMC,Moth Beans,Local,279.1,8115,10268,9185
2026-02-08,Telangana,Vikarabad,Tanduru APMC,watermelon,Local,207.7,1219,1497,1359
2026-02-08,Telangana,Vikarabad,Vikarabad APMC,rice,Local,75.7,3480,4045,3768
2026-02-08,Telangana,Vikarabad,Pargi APMC,muskmelon,Local,300.4,2118,2640,2384
2026-02-08,Telangana,Nalgonda,Miryalguda APMC,muskmelon,Grade A,219.6,2140,2513,2294
2026-02-08,Telangana,Nalgonda,Nalgonda APMC,orange,FAQ (Fair Average Quality),138.7,5545,6656,6133
2026-02-08,Telangana,Nalgonda,Neredcherla APMC,Toor Dal,Grade A,192.5,7568,9683,8631
2026-02-08,Telangana,Yadadri Bhuvanagiri,Aler APMC,Toor Dal,Local,171.3,8806,10658,9689
2026-02-08,Telangana,Yadadri Bhuvanagiri,Bhongir APMC,watermelon,Grade A,304.3,1549,1845,1647
2026-02-08,Telangana,Yadadri Bhuvanagiri,Aler APMC,cotton,FAQ (Fair Average Quality),187.9,7727,9363,8581
2026-02-08,Telangana,Mahbubnagar,Mahbubnagar APMC,banana,Grade A,92.4,2504,2995,2707
2026-02-08,Telangana,Mahbubnagar,Mahbubnagar APMC,Toor Dal,Local,51.3,6639,8406,7554
2026-02-08,Telangana,Mahbubnagar,Mahbubnagar APMC,papaya,FAQ (Fair Average Quality),212.7,1342,1569,1473
2026-02-08,Telangana,Medak,Toopran APMC,papaya,Hybrid,319.7,2480,2972,2699
2026-02-08,Telangana,Medak,Toopran APMC,jute,Hybrid,47.9,5248,6317,5745
2026-02-08,Telangana,Medak,Medak APMC,blackgram,FAQ (Fair Average Quality),82.3,7962,9830,8857
2026-02-15,Telangana,Hyderabad,Gudimalkapur APMC,Corn,Local,203.7,1919,2393,2184
2026-02-15,Telangana,Hyderabad,Bowenpally APMC,jute,FAQ (Fair Average Quality),235.4,4991,5963,5506
2026-02-15,Telangana,Hyderabad,Bowenpally APMC,coconut,Local,261.8,3523,4045,3785
2026-02-15,Telangana,Ranga Reddy,Ibrahimpatnam APMC,watermelon,Hybrid,306.1,1359,1710,1490
2026-02-15,Telangana,Ranga Reddy,Shadnagar APMC,lentil,Hybrid,87.7,6886,8457,7656
2026-02-15,Telangana,Ranga Reddy,Ibrahimpatnam APMC,jute,Grade A,119.5,4481,5510,4949
2026-02-15,Telangana,Medchal-Malkajgiri,Malkajgiri Mandi,apple,Local,167.7,10650,12817,11742
2026-02-15,Telangana,Medchal-Malkajgiri,Malkajgiri Mandi,coconut,Local,279.1,3045,3639,3341
2026-02-15,Telangana,Medchal-Malkajgiri,Kukatpally APMC,papaya,Grade A,301.3,1327,1539,1469
2026-02-15,Telangana,Sangareddy,Patancheru APMC,coffee,Grade A,195.0,13638,16961,15326
2026-02-15,Telangana,Sangareddy,Patancheru APMC,Rajma,Grade A,147.2,8625,10526,9592
2026-02-15,Telangana,Sangareddy,Patancheru APMC,lentil,Grade A,236.3,7573,9562,8529
2026-02-15,Telangana,Siddipet,Vantamamidi APMC,blackgram,Grade A,255.3,8542,9825,9168
2026-02-15,Telangana,Siddipet,Siddipet APMC,Toor Dal,Hybrid,125.7,7711,9608,8654
2026-02-15,Telangana,Siddipet,Gajwel APMC,banana,Hybrid,46.4,1828,2207,2030
2026-02-15,Telangana,Vikarabad,Tanduru APMC,jute,Hybrid,61.5,5264,6001,5650
2026-02-15,Telangana,Vikarabad,Vikarabad APMC,blackgram,Hybrid,278.1,7424,8848,8141
2026-02-15,Telangana,Vikarabad,Pargi APMC,watermelon,Local,79.7,1264,1490,1405
2026-02-15,Telangana,Nalgonda,Nalgonda APMC,Moth Beans,FAQ (Fair Average Quality),249.6,6862,8077,7448
2026-02-15,Telangana,Nalgonda,Miryalguda APMC,muskmelon,Local,42.7,1768,2238,1969
2026-02-15,Telangana,Nalgonda,Miryalguda APMC,mango,FAQ (Fair Average Quality),111.9,5739,7022,6347
2026-02-15,Telangana,Yadadri Bhuvanagiri,Bhongir APMC,cotton,FAQ (Fair Average Quality),233.8,6805,8163,7492
2026-02-15,Telangana,Yadadri Bhuvanagiri,Bhongir APMC,pomegranate,Local,28.8,8791,10727,9756
2026-02-15,Telangana,Yadadri Bhuvanagiri,Bhongir APMC,grapes,Hybrid,291.2,4897,6099,5454
2026-02-15,Telangana,Mahbubnagar,Badepally APMC,mango,FAQ (Fair Average Quality),110.8,5356,6274,5825
2026-02-15,Telangana,Mahbubnagar,Mahbubnagar APMC,cotton,Hybrid,17.9,8772,10538,9694
2026-02-15,Telangana,Mahbubnagar,Badepally APMC,papaya,Local,60.7,1427,1617,1504
2026-02-15,Telangana,Medak,Toopran APMC,blackgram,Grade A,286.4,7024,8688,7890
2026-02-15,Telangana,Medak,Toopran APMC,watermelon,FAQ (Fair Average Quality),43.8,1340,1631,1458
2026-02-15,Telangana,Medak,Toopran APMC,Toor Dal,Local,145.1,8232,9691,8935
2026-02-22,Telangana,Hyderabad,Bowenpally APMC,Moong Dal,FAQ (Fair Average Quality),208.8,7833,9256,8539
2026-02-22,Telangana,Hyderabad,Gudimalkapur APMC,mango,Grade A,196.6,6778,7985,7352
2026-02-22,Telangana,Hyderabad,Gaddiannaram APMC,pomegranate,FAQ (Fair Average Quality),310.7,9850,11851,10841
2026-02-22,Telangana,Ranga Reddy,Chevella APMC,Moth Beans,Grade A,288.7,6531,7829,7188
2026-02-22,Telangana,Ranga Reddy,Chevella APMC,watermelon,Hybrid,115.6,906,1064,988
2026-02-22,Telangana,Ranga Reddy,Ibrahimpatnam APMC,coconut,FAQ (Fair Average Quality),225.8,3355,4156,3758
2026-02-22,Telangana,Medchal-Malkajgiri,Kukatpally APMC,orange,Hybrid,270.1,4512,5482,4985
2026-02-22,Telangana,Medchal-Malkajgiri,Kukatpally APMC,muskmelon,Grade A,316.1,1626,1994,1858
2026-02-22,Telangana,Medchal-Malkajgiri,Malkajgiri Mandi,Corn,Grade A,89.6,2070,2642,2324
2026-02-22,Telangana,Sangareddy,Zaheerabad APMC,blackgram,Hybrid,275.7,7146,8235,7662
2026-02-22,Telangana,Sangareddy,Sadasivpet APMC,banana,Hybrid,309.0,2198,2573,2401
2026-02-22,Telangana,Sangareddy,Patancheru APMC,lentil,Hybrid,42.3,7023,8505,7769
2026-02-22,Telangana,Siddipet,Vantamamidi APMC,jute,Grade A,245.4,5406,6204,5776
2026-02-22,Telangana,Siddipet,Vantamamidi APMC,coconut,FAQ (Fair Average Quality),122.0,2712,3143,2942
2026-02-22,Telangana,Siddipet,Gajwel APMC,Chana,Grade A,115.8,6129,7335,6684
2026-02-22,Telangana,Vikarabad,Vikarabad APMC,papaya,FAQ (Fair Average Quality),234.8,1716,2047,1896
2026-02-22,Telangana,Vikarabad,Vikarabad APMC,Moth Beans,Local,116.6,6641,8062,7375
2026-02-22,Telangana,Vikarabad,Pargi APMC,Rajma,FAQ (Fair Average Quality),53.5,9324,11841,10575
2026-02-22,Telangana,Nalgonda,Nalgonda APMC,coffee,Grade A,309.8,11290,14518,12918
2026-02-22,Telangana,Nalgonda,Nalgonda APMC,jute,Local,226.2,4898,5811,5332
2026-02-22,Telangana,Nalgonda,Nalgonda APMC,lentil,FAQ (Fair Average Quality),317.3,7424,9022,8176
2026-02-22,Telangana,Yadadri Bhuvanagiri,Aler APMC,cotton,Local,251.9,7346,8592,7973
2026-02-22,Telangana,Yadadri Bhuvanagiri,Aler APMC,pomegranate,FAQ (Fair Average Quality),175.2,11367,13843,12641
2026-02-22,Telangana,Yadadri Bhuvanagiri,Aler APMC,grapes,FAQ (Fair Average Quality),239.9,5521,6917,6205
2026-02-22,Telangana,Mahbubnagar,Badepally APMC,grapes,Hybrid,68.7,7254,8686,7927
2026-02-22,Telangana,Mahbubnagar,Mahbubnagar APMC,Moth Beans,Grade A,149.3,7269,8687,8022
2026-02-22,Telangana,Mahbubnagar,Mahbubnagar APMC,Corn,FAQ (Fair Average Quality),264.9,2299,2688,2498
2026-02-22,Telangana,Medak,Toopran APMC,coconut,Hybrid,143.8,2828,3418,3172
2026-02-22,Telangana,Medak,Toopran APMC,blackgram,Local,163.6,8102,9647,8845
2026-02-22,Telangana,Medak,Medak APMC,Moth Beans,Local,318.3,7501,9279,8398
2026-03-01,Telangana,Hyderabad,Gaddiannaram APMC,Chana,FAQ (Fair Average Quality),271.6,5848,7166,6506
2026-03-01,Telangana,Hyderabad,Bowenpally APMC,lentil,FAQ (Fair Average Quality),194.0,7075,8293,7666
2026-03-01,Telangana,Hyderabad,Bowenpally APMC,blackgram,Grade A,81.4,7726,9112,8457
2026-03-01,Telangana,Ranga Reddy,Ibrahimpatnam APMC,banana,Local,192.1,2096,2477,2266
2026-03-01,Telangana,Ranga Reddy,Chevella APMC,mango,Local,82.6,8421,10233,9329
2026-03-01,Telangana,Ranga Reddy,Chevella APMC,papaya,Local,282.2,1340,1587,1446
2026-03-01,Telangana,Medchal-Malkajgiri,Kukatpally APMC,papaya,FAQ (Fair Average Quality),102.6,1902,2388,2118
2026-03-01,Telangana,Medchal-Malkajgiri,Malkajgiri Mandi,grapes,FAQ (Fair Average Quality),306.4,6996,7987,7494
2026-03-01,Telangana,Medchal-Malkajgiri,Malkajgiri Mandi,banana,Local,201.9,2343,2903,2652
2026-03-01,Telangana,Sangareddy,Patancheru APMC,Chana,Grade A,37.8,5051,5921,5485
2026-03-01,Telangana,Sangareddy,Zaheerabad APMC,Toor Dal,Grade A,96.7,7391,8820,8082
2026-03-01,Telangana,Sangareddy,Zaheerabad APMC,Moong Dal,Grade A,304.7,8544,10020,9246
2026-03-01,Telangana,Siddipet,Vantamamidi APMC,jute,Local,147.5,4352,5328,4885
2026-03-01,Telangana,Siddipet,Vantamamidi APMC,Toor Dal,Hybrid,263.7,7994,9673,8801
2026-03-01,Telangana,Siddipet,Gajwel APMC,lentil,Hybrid,255.6,7694,9326,8516
2026-03-01,Telangana,Vikarabad,Vikarabad APMC,grapes,Local,168.0,6163,7549,6843
2026-03-01,Telangana,Vikarabad,Pargi APMC,Corn,Grade A,298.6,2115,2396,2269
2026-03-01,Telangana,Vikarabad,Vikarabad APMC,Moth Beans,Hybrid,178.7,8088,9395,8764
2026-03-01,Telangana,Nalgonda,Neredcherla APMC,Toor Dal,FAQ (Fair Average Quality),26.8,8455,10537,9511
2026-03-01,Telangana,Nalgonda,Miryalguda APMC,papaya,FAQ (Fair Average Quality),237.9,2515,2825,2625
2026-03-01,Telangana,Nalgonda,Miryalguda APMC,coffee,Local,121.3,11880,13693,12810
2026-03-01,Telangana,Yadadri Bhuvanagiri,Aler APMC,blackgram,Hybrid,230.2,8415,9916,9176
2026-03-01,Telangana,Yadadri Bhuvanagiri,Bhongir APMC,rice,Grade A,181.6,3325,3956,3646
2026-03-01,Telangana,Yadadri Bhuvanagiri,Bhongir APMC,jute,Local,194.8,5416,6484,5964
2026-03-01,Telangana,Mahbubnagar,Badepally APMC,orange,FAQ (Fair Average Quality),214.1,4411,5416,4920
2026-03-01,Telangana,Mahbubnagar,Badepally APMC,Corn,FAQ (Fair Average Quality),313.0,2669,3162,2870
2026-03-01,Telangana,Mahbubnagar,Badepally APMC,Moong Dal,Local,151.5,8237,9803,9023
2026-03-01,Telangana,Medak,Toopran APMC,Chana,FAQ (Fair Average Quality),181.5,5512,6787,6114
2026-03-01,Telangana,Medak,Medak APMC,orange,FAQ (Fair Average Quality),277.4,5262,6274,5792
2026-03-01,Telangana,Medak,Toopran APMC,mango,FAQ (Fair Average Quality),213.8,6239,7639,6955
